# 3ds Max Wavefront OBJ Exporter v0.97b - (c)2007 guruware
# File Created: 07.01.2013 10:16:39

mtllib 18336_Snowflake_v1_NEW.mtl

#
# object 18336_Snowflake_v1
#

v  2.5260 0.1563 4.2606
v  2.6296 0.1572 4.2942
v  2.5110 0.1572 4.5076
v  2.4061 0.1563 4.4799
v  2.4494 0.1572 4.6269
v  2.3430 0.1563 4.6072
v  2.4021 0.1560 4.2206
v  2.2807 0.1560 4.4468
v  2.2158 0.1560 4.5837
v  2.3191 0.1563 4.6733
v  2.4269 0.1572 4.6834
v  2.4254 0.1572 4.7086
v  2.3170 0.1563 4.7086
v  2.1903 0.1560 4.6611
v  2.1874 0.1560 4.7086
v  2.0579 0.1563 4.7086
v  1.9495 0.1572 4.7086
v  1.9537 0.1572 4.6387
v  2.0615 0.1563 4.6489
v  1.9821 0.1572 4.5406
v  2.0885 0.1563 4.5603
v  2.1553 0.1563 4.4138
v  2.0505 0.1572 4.3861
v  2.1745 0.1572 4.1470
v  2.2782 0.1563 4.1805
v  2.0644 0.4588 4.1113
v  2.0653 0.3110 4.1116
v  1.9399 0.3110 4.3569
v  1.9390 0.4588 4.3567
v  1.8700 0.3110 4.5199
v  1.8690 0.4588 4.5197
v  2.0641 0.6357 4.1112
v  1.9387 0.6357 4.3566
v  1.8687 0.6357 4.5197
v  1.8393 0.4588 4.6279
v  1.8402 0.3110 4.6280
v  1.8353 0.3110 4.7086
v  1.8344 0.4588 4.7086
v  1.8389 0.6357 4.6279
v  1.8341 0.6357 4.7086
v  1.8344 0.8126 4.7086
v  1.8353 0.9604 4.7086
v  1.8402 0.9604 4.6280
v  1.8393 0.8126 4.6279
v  1.8700 0.9604 4.5199
v  1.8690 0.8126 4.5197
v  1.9390 0.8126 4.3567
v  1.9399 0.9604 4.3569
v  2.0653 0.9604 4.1116
v  2.0644 0.8126 4.1113
v  2.1553 1.1151 4.4138
v  2.2782 1.1151 4.1805
v  2.1745 1.1142 4.1470
v  2.0505 1.1142 4.3861
v  2.0885 1.1151 4.5603
v  1.9821 1.1142 4.5406
v  2.2807 1.1155 4.4468
v  2.4021 1.1155 4.2206
v  2.2158 1.1155 4.5837
v  2.0579 1.1151 4.7086
v  2.0615 1.1151 4.6489
v  1.9537 1.1142 4.6387
v  1.9495 1.1142 4.7086
v  2.1874 1.1155 4.7086
v  2.1903 1.1155 4.6611
v  2.3191 1.1151 4.6733
v  2.3170 1.1151 4.7086
v  2.4254 1.1142 4.7086
v  2.4269 1.1142 4.6834
v  2.3430 1.1151 4.6072
v  2.4494 1.1142 4.6269
v  2.5260 1.1151 4.2606
v  2.4061 1.1151 4.4799
v  2.5110 1.1142 4.5076
v  2.6296 1.1142 4.2942
v  2.7397 0.8126 4.3298
v  2.7389 0.9604 4.3295
v  2.6215 0.9604 4.5367
v  2.6224 0.8126 4.5370
v  2.5616 0.9604 4.6476
v  2.5625 0.8126 4.6477
v  2.7400 0.6357 4.3299
v  2.6227 0.6357 4.5370
v  2.5628 0.6357 4.6478
v  2.5413 0.8126 4.6943
v  2.5404 0.9604 4.6942
v  2.5395 0.9604 4.7086
v  2.5405 0.8126 4.7086
v  2.5416 0.6357 4.6943
v  2.5408 0.6357 4.7086
v  2.5405 0.4588 4.7086
v  2.5395 0.3110 4.7086
v  2.5404 0.3110 4.6942
v  2.5413 0.4588 4.6943
v  2.5616 0.3110 4.6476
v  2.5625 0.4588 4.6477
v  2.6224 0.4588 4.5370
v  2.6215 0.3110 4.5367
v  2.7389 0.3110 4.3295
v  2.7397 0.4588 4.3298
v  2.3191 0.1563 4.7440
v  2.4269 0.1572 4.7338
v  2.3430 0.1563 4.8100
v  2.4494 0.1572 4.7904
v  2.1903 0.1560 4.7562
v  2.2158 0.1560 4.8335
v  2.5260 0.1563 5.1566
v  2.4061 0.1563 4.9374
v  2.5110 0.1572 4.9097
v  2.6296 0.1572 5.1231
v  2.4021 0.1560 5.1967
v  2.2807 0.1560 4.9704
v  2.1553 0.1563 5.0035
v  2.2782 0.1563 5.2368
v  2.1745 0.1572 5.2703
v  2.0505 0.1572 5.0312
v  2.0885 0.1563 4.8570
v  1.9821 0.1572 4.8767
v  2.0615 0.1563 4.7684
v  1.9537 0.1572 4.7785
v  1.8402 0.3110 4.7893
v  1.8393 0.4588 4.7894
v  1.8700 0.3110 4.8974
v  1.8690 0.4588 4.8975
v  1.8389 0.6357 4.7894
v  1.8687 0.6357 4.8976
v  1.9390 0.4588 5.0606
v  1.9399 0.3110 5.0603
v  2.0653 0.3110 5.3056
v  2.0644 0.4588 5.3059
v  1.9387 0.6357 5.0607
v  2.0641 0.6357 5.3060
v  2.0644 0.8126 5.3059
v  2.0653 0.9604 5.3056
v  1.9399 0.9604 5.0603
v  1.9390 0.8126 5.0606
v  1.8700 0.9604 4.8974
v  1.8690 0.8126 4.8975
v  1.8393 0.8126 4.7894
v  1.8402 0.9604 4.7893
v  1.9537 1.1142 4.7785
v  2.0615 1.1151 4.7684
v  1.9821 1.1142 4.8767
v  2.0885 1.1151 4.8570
v  2.1903 1.1155 4.7562
v  2.2158 1.1155 4.8335
v  2.1553 1.1151 5.0035
v  2.0505 1.1142 5.0312
v  2.1745 1.1142 5.2703
v  2.2782 1.1151 5.2368
v  2.2807 1.1155 4.9704
v  2.4021 1.1155 5.1967
v  2.5260 1.1151 5.1566
v  2.6296 1.1142 5.1231
v  2.5110 1.1142 4.9097
v  2.4061 1.1151 4.9374
v  2.4494 1.1142 4.7904
v  2.3430 1.1151 4.8100
v  2.3191 1.1151 4.7440
v  2.4269 1.1142 4.7338
v  2.5404 0.9604 4.7231
v  2.5413 0.8126 4.7230
v  2.5616 0.9604 4.7697
v  2.5625 0.8126 4.7695
v  2.5416 0.6357 4.7230
v  2.5628 0.6357 4.7695
v  2.6224 0.8126 4.8803
v  2.6215 0.9604 4.8805
v  2.7389 0.9604 5.0878
v  2.7397 0.8126 5.0875
v  2.6227 0.6357 4.8802
v  2.7400 0.6357 5.0874
v  2.7397 0.4588 5.0875
v  2.7389 0.3110 5.0878
v  2.6215 0.3110 4.8805
v  2.6224 0.4588 4.8803
v  2.5616 0.3110 4.7697
v  2.5625 0.4588 4.7695
v  2.5413 0.4588 4.7230
v  2.5404 0.3110 4.7231
v  2.7201 0.1563 5.4985
v  2.8233 0.1572 5.4620
v  2.9519 0.1563 5.9078
v  3.0555 0.1572 5.8723
v  2.5967 0.1560 5.5421
v  2.8280 0.1560 5.9502
v  3.3820 0.1563 6.7085
v  3.1847 0.1563 6.3295
v  3.2895 0.1572 6.3002
v  3.4888 0.1572 6.6915
v  3.2544 0.1560 6.7287
v  3.0595 0.1560 6.3646
v  2.9342 0.1563 6.3996
v  3.1267 0.1563 6.7490
v  3.0200 0.1572 6.7660
v  2.8294 0.1572 6.4290
v  2.7042 0.1563 5.9926
v  2.6006 0.1572 6.0281
v  2.4733 0.1563 5.5858
v  2.3701 0.1572 5.6223
v  2.2613 0.3110 5.6607
v  2.2604 0.4588 5.6610
v  2.4914 0.3110 6.0655
v  2.4906 0.4588 6.0658
v  2.2602 0.6357 5.6611
v  2.4903 0.6357 6.0659
v  2.7182 0.4588 6.4602
v  2.7191 0.3110 6.4600
v  2.9077 0.3110 6.7840
v  2.9069 0.4588 6.7842
v  2.7179 0.6357 6.4603
v  2.9066 0.6357 6.7843
v  2.9069 0.8126 6.7842
v  2.9077 0.9604 6.7840
v  2.7191 0.9604 6.4600
v  2.7182 0.8126 6.4602
v  2.4914 0.9604 6.0655
v  2.4906 0.8126 6.0658
v  2.2604 0.8126 5.6610
v  2.2613 0.9604 5.6607
v  2.3701 1.1142 5.6223
v  2.4733 1.1151 5.5858
v  2.6006 1.1142 6.0281
v  2.7042 1.1151 5.9926
v  2.5967 1.1155 5.5421
v  2.8280 1.1155 5.9502
v  2.9342 1.1151 6.3996
v  2.8294 1.1142 6.4290
v  3.0200 1.1142 6.7660
v  3.1267 1.1151 6.7490
v  3.0595 1.1155 6.3646
v  3.2544 1.1155 6.7287
v  3.3820 1.1151 6.7085
v  3.4888 1.1142 6.6915
v  3.2895 1.1142 6.3002
v  3.1847 1.1151 6.3295
v  3.0555 1.1142 5.8723
v  2.9519 1.1151 5.9078
v  2.7201 1.1151 5.4985
v  2.8233 1.1142 5.4620
v  2.9321 0.9604 5.4235
v  2.9330 0.8126 5.4232
v  3.1646 0.9604 5.8349
v  3.1655 0.8126 5.8346
v  2.9333 0.6357 5.4231
v  3.1658 0.6357 5.8345
v  3.4007 0.8126 6.2689
v  3.3998 0.9604 6.2692
v  3.6010 0.9604 6.6734
v  3.6019 0.8126 6.6733
v  3.4010 0.6357 6.2688
v  3.6022 0.6357 6.6732
v  3.6019 0.4588 6.6733
v  3.6010 0.3110 6.6734
v  3.3998 0.3110 6.2692
v  3.4007 0.4588 6.2689
v  3.1646 0.3110 5.8349
v  3.1655 0.4588 5.8346
v  2.9330 0.4588 5.4232
v  2.9321 0.3110 5.4235
v  3.5072 0.1563 6.9896
v  3.6168 0.1572 6.9923
v  3.5689 0.1563 7.1905
v  3.6797 0.1572 7.2169
v  3.3762 0.1560 6.9862
v  3.4364 0.1560 7.1588
v  3.5366 0.1563 7.4223
v  3.5758 0.1563 7.3288
v  3.6839 0.1572 7.3795
v  3.6357 0.1572 7.4943
v  3.4179 0.1560 7.3361
v  3.4465 0.1560 7.2682
v  3.3172 0.1563 7.2076
v  3.2993 0.1563 7.2499
v  3.2001 0.1572 7.1779
v  3.2091 0.1572 7.1569
v  3.3039 0.1563 7.1272
v  3.1931 0.1572 7.1007
v  3.2452 0.1563 6.9829
v  3.1357 0.1572 6.9801
v  3.0207 0.3110 6.9776
v  3.0199 0.4588 6.9776
v  3.0772 0.3110 7.0734
v  3.0764 0.4588 7.0733
v  3.0196 0.6357 6.9776
v  3.0761 0.6357 7.0733
v  3.0955 0.4588 7.1040
v  3.0962 0.3110 7.1043
v  3.0968 0.3110 7.1028
v  3.0961 0.4588 7.1023
v  3.0952 0.6357 7.1039
v  3.0959 0.6357 7.1022
v  3.0961 0.8126 7.1023
v  3.0968 0.9604 7.1028
v  3.0962 0.9604 7.1043
v  3.0955 0.8126 7.1040
v  3.0772 0.9604 7.0734
v  3.0764 0.8126 7.0733
v  3.0199 0.8126 6.9776
v  3.0207 0.9604 6.9776
v  3.1357 1.1142 6.9801
v  3.2452 1.1151 6.9829
v  3.1931 1.1142 7.1007
v  3.3039 1.1151 7.1272
v  3.3762 1.1155 6.9862
v  3.4364 1.1155 7.1588
v  3.3172 1.1151 7.2076
v  3.2091 1.1142 7.1569
v  3.2001 1.1142 7.1779
v  3.2993 1.1151 7.2499
v  3.4465 1.1155 7.2682
v  3.4179 1.1155 7.3361
v  3.5366 1.1151 7.4223
v  3.6357 1.1142 7.4943
v  3.6839 1.1142 7.3795
v  3.5758 1.1151 7.3288
v  3.6797 1.1142 7.2169
v  3.5689 1.1151 7.1905
v  3.5072 1.1151 6.9896
v  3.6168 1.1142 6.9923
v  3.7317 0.9604 6.9949
v  3.7325 0.8126 6.9948
v  3.7956 0.9604 7.2442
v  3.7964 0.8126 7.2443
v  3.7328 0.6357 6.9948
v  3.7967 0.6357 7.2444
v  3.7975 0.8126 7.4324
v  3.7968 0.9604 7.4321
v  3.7390 0.9604 7.5694
v  3.7397 0.8126 7.5699
v  3.7978 0.6357 7.4326
v  3.7399 0.6357 7.5700
v  3.7397 0.4588 7.5699
v  3.7390 0.3110 7.5694
v  3.7968 0.3110 7.4321
v  3.7975 0.4588 7.4324
v  3.7956 0.3110 7.2442
v  3.7964 0.4588 7.2443
v  3.7325 0.4588 6.9948
v  3.7317 0.3110 6.9949
v  3.5414 0.1572 7.5757
v  3.4598 0.1563 7.4885
v  3.3855 0.1572 7.6219
v  3.3261 0.1563 7.5247
v  3.3622 0.1560 7.3843
v  3.2550 0.1560 7.4085
v  3.1159 0.1563 7.5281
v  3.1524 0.1572 7.6315
v  2.8268 0.1572 7.6027
v  2.8099 0.1563 7.4959
v  3.0723 0.1560 7.4046
v  2.7897 0.1560 7.3683
v  2.7695 0.1563 7.2406
v  2.7527 0.1572 7.1338
v  2.9921 0.1572 7.1777
v  3.0286 0.1563 7.2810
v  3.1246 0.1572 7.1951
v  3.1840 0.1563 7.2923
v  3.2645 0.1563 7.2800
v  3.1829 0.1572 7.1929
v  3.0980 0.3110 7.1018
v  3.0975 0.4588 7.1012
v  3.0628 0.3110 7.0933
v  3.0624 0.4588 7.0926
v  3.0973 0.6357 7.1010
v  3.0623 0.6357 7.0923
v  2.9540 0.4588 7.0684
v  2.9542 0.3110 7.0692
v  2.7352 0.3110 7.0215
v  2.7351 0.4588 7.0206
v  2.9539 0.6357 7.0681
v  2.7350 0.6357 7.0203
v  2.7351 0.8126 7.0206
v  2.7352 0.9604 7.0215
v  2.9542 0.9604 7.0692
v  2.9540 0.8126 7.0684
v  3.0628 0.9604 7.0933
v  3.0624 0.8126 7.0926
v  3.0975 0.8126 7.1012
v  3.0980 0.9604 7.1018
v  3.2645 1.1151 7.2800
v  3.1829 1.1142 7.1929
v  3.1840 1.1151 7.2923
v  3.1246 1.1142 7.1951
v  3.3622 1.1155 7.3843
v  3.2550 1.1155 7.4085
v  2.7695 1.1151 7.2406
v  3.0286 1.1151 7.2810
v  2.9921 1.1142 7.1777
v  2.7527 1.1142 7.1338
v  2.7897 1.1155 7.3683
v  3.0723 1.1155 7.4046
v  3.1159 1.1151 7.5281
v  2.8099 1.1151 7.4959
v  2.8268 1.1142 7.6027
v  3.1524 1.1142 7.6315
v  3.3261 1.1151 7.5247
v  3.3855 1.1142 7.6219
v  3.4598 1.1151 7.4885
v  3.5414 1.1142 7.5757
v  3.6263 0.9604 7.6667
v  3.6268 0.8126 7.6674
v  3.4472 0.9604 7.7237
v  3.4476 0.8126 7.7245
v  3.6270 0.6357 7.6676
v  3.4477 0.6357 7.7247
v  3.1906 0.8126 7.7408
v  3.1903 0.9604 7.7400
v  2.8443 0.9604 7.7151
v  2.8444 0.8126 7.7159
v  3.1906 0.6357 7.7410
v  2.8444 0.6357 7.7162
v  2.8444 0.4588 7.7159
v  2.8443 0.3110 7.7151
v  3.1903 0.3110 7.7400
v  3.1906 0.4588 7.7408
v  3.4472 0.3110 7.7237
v  3.4476 0.4588 7.7245
v  3.6268 0.4588 7.6674
v  3.6263 0.3110 7.6667
v  2.3930 0.1572 7.5341
v  2.3885 0.1563 7.4254
v  1.9138 0.1572 7.4437
v  1.9155 0.1563 7.3343
v  2.3832 0.1560 7.2954
v  1.9176 0.1560 7.2034
v  1.4546 0.1563 7.2403
v  1.4518 0.1572 7.3498
v  1.0696 0.1572 7.2703
v  1.0695 0.1563 7.1613
v  1.4580 0.1560 7.1095
v  1.0693 0.1560 7.0311
v  1.0691 0.1563 6.9009
v  1.0690 0.1572 6.7920
v  1.4641 0.1572 6.8692
v  1.4613 0.1563 6.9786
v  1.9214 0.1572 6.9630
v  1.9196 0.1563 7.0725
v  2.3778 0.1563 7.1655
v  2.3733 0.1572 7.0567
v  2.3687 0.3110 6.9422
v  2.3687 0.4588 6.9413
v  1.9232 0.3110 6.8476
v  1.9232 0.4588 6.8467
v  2.3687 0.6357 6.9410
v  1.9232 0.6357 6.8464
v  1.4671 0.4588 6.7529
v  1.4671 0.3110 6.7539
v  1.0688 0.3110 6.6771
v  1.0688 0.4588 6.6762
v  1.4671 0.6357 6.7526
v  1.0688 0.6357 6.6759
v  1.0688 0.8126 6.6762
v  1.0688 0.9604 6.6771
v  1.4671 0.9604 6.7539
v  1.4671 0.8126 6.7529
v  1.9232 0.9604 6.8476
v  1.9232 0.8126 6.8467
v  2.3687 0.8126 6.9413
v  2.3687 0.9604 6.9422
v  2.3778 1.1151 7.1655
v  2.3733 1.1142 7.0567
v  1.9196 1.1151 7.0725
v  1.9214 1.1142 6.9630
v  2.3832 1.1155 7.2954
v  1.9176 1.1155 7.2034
v  1.0691 1.1151 6.9009
v  1.4613 1.1151 6.9786
v  1.4641 1.1142 6.8692
v  1.0690 1.1142 6.7920
v  1.0693 1.1155 7.0311
v  1.4580 1.1155 7.1095
v  1.4546 1.1151 7.2403
v  1.0695 1.1151 7.1613
v  1.0696 1.1142 7.2703
v  1.4518 1.1142 7.3498
v  1.9155 1.1151 7.3343
v  1.9138 1.1142 7.4437
v  2.3885 1.1151 7.4254
v  2.3930 1.1142 7.5341
v  2.3976 0.9604 7.6486
v  2.3976 0.8126 7.6495
v  1.9119 0.9604 7.5591
v  1.9119 0.8126 7.5601
v  2.3976 0.6357 7.6498
v  1.9119 0.6357 7.5604
v  1.4488 0.8126 7.4660
v  1.4488 0.9604 7.4651
v  1.0698 0.9604 7.3851
v  1.0698 0.8126 7.3860
v  1.4488 0.6357 7.4664
v  1.0698 0.6357 7.3863
v  1.0698 0.4588 7.3860
v  1.0698 0.3110 7.3851
v  1.4488 0.3110 7.4651
v  1.4488 0.4588 7.4660
v  1.9119 0.3110 7.5591
v  1.9119 0.4588 7.5601
v  2.3976 0.4588 7.6495
v  2.3976 0.3110 7.6486
v  0.8300 0.1572 7.2234
v  0.8239 0.1563 7.1151
v  0.6975 0.1572 7.2017
v  0.6833 0.1563 7.0944
v  0.8166 0.1560 6.9856
v  0.6663 0.1560 6.9661
v  0.6131 0.1563 7.0921
v  0.6368 0.1572 7.1977
v  0.6123 0.1572 7.2041
v  0.5788 0.1563 7.1010
v  0.5849 0.1560 6.9658
v  0.5388 0.1560 6.9778
v  0.4988 0.1563 6.8546
v  0.4653 0.1572 6.7515
v  0.5331 0.1572 6.7339
v  0.5567 0.1563 6.8395
v  0.6351 0.1572 6.7306
v  0.6493 0.1563 6.8379
v  0.8093 0.1563 6.8561
v  0.8032 0.1572 6.7478
v  0.7968 0.3110 6.6337
v  0.7967 0.4588 6.6328
v  0.6202 0.3110 6.6175
v  0.6201 0.4588 6.6166
v  0.7967 0.6357 6.6325
v  0.6200 0.6357 6.6163
v  0.5080 0.4588 6.6217
v  0.5082 0.3110 6.6226
v  0.4300 0.3110 6.6429
v  0.4297 0.4588 6.6420
v  0.5079 0.6357 6.6214
v  0.4296 0.6357 6.6417
v  0.4297 0.8126 6.6420
v  0.4300 0.9604 6.6429
v  0.5082 0.9604 6.6226
v  0.5080 0.8126 6.6217
v  0.6202 0.9604 6.6175
v  0.6201 0.8126 6.6166
v  0.7967 0.8126 6.6328
v  0.7968 0.9604 6.6337
v  0.8093 1.1151 6.8561
v  0.8032 1.1142 6.7478
v  0.6493 1.1151 6.8379
v  0.6351 1.1142 6.7306
v  0.8166 1.1155 6.9856
v  0.6663 1.1155 6.9661
v  0.4988 1.1151 6.8546
v  0.5567 1.1151 6.8395
v  0.5331 1.1142 6.7339
v  0.4653 1.1142 6.7515
v  0.5388 1.1155 6.9778
v  0.5849 1.1155 6.9658
v  0.6131 1.1151 7.0921
v  0.5788 1.1151 7.1010
v  0.6123 1.1142 7.2041
v  0.6368 1.1142 7.1977
v  0.6833 1.1151 7.0944
v  0.6975 1.1142 7.2017
v  0.8239 1.1151 7.1151
v  0.8300 1.1142 7.2234
v  0.8364 0.9604 7.3375
v  0.8365 0.8126 7.3384
v  0.7125 0.9604 7.3147
v  0.7126 0.8126 7.3156
v  0.8365 0.6357 7.3387
v  0.7126 0.6357 7.3160
v  0.6618 0.8126 7.3099
v  0.6616 0.9604 7.3090
v  0.6476 0.9604 7.3127
v  0.6479 0.8126 7.3135
v  0.6619 0.6357 7.3102
v  0.6480 0.6357 7.3138
v  0.6479 0.4588 7.3135
v  0.6476 0.3110 7.3127
v  0.6616 0.3110 7.3090
v  0.6618 0.4588 7.3099
v  0.7125 0.3110 7.3147
v  0.7126 0.4588 7.3156
v  0.8365 0.4588 7.3384
v  0.8364 0.3110 7.3375
v  0.5458 0.1563 7.1140
v  0.5888 0.1572 7.2133
v  0.4904 0.1563 7.1571
v  0.5420 0.1572 7.2522
v  0.4944 0.1560 6.9952
v  0.4288 0.1560 7.0433
v  0.2173 0.1563 7.4382
v  0.3888 0.1563 7.2564
v  0.4475 0.1572 7.3476
v  0.2812 0.1572 7.5264
v  0.1409 0.1560 7.3328
v  0.3186 0.1560 7.1474
v  0.2484 0.1563 7.0384
v  0.0645 0.1563 7.2273
v  0.0006 0.1572 7.1391
v  0.1897 0.1572 6.9472
v  0.3671 0.1563 6.9296
v  0.3155 0.1572 6.8344
v  0.4431 0.1563 6.8764
v  0.4001 0.1572 6.7771
v  0.3548 0.3110 6.6724
v  0.3544 0.4588 6.6716
v  0.2612 0.3110 6.7342
v  0.2608 0.4588 6.7334
v  0.3543 0.6357 6.6713
v  0.2606 0.6357 6.7331
v  0.1273 0.4588 6.8503
v  0.1278 0.3110 6.8511
v  -0.0667 0.3110 7.0461
v  -0.0673 0.4588 7.0454
v  0.1272 0.6357 6.8500
v  -0.0675 0.6357 7.0451
v  -0.0673 0.8126 7.0454
v  -0.0667 0.9604 7.0461
v  0.1278 0.9604 6.8511
v  0.1273 0.8126 6.8503
v  0.2612 0.9604 6.7342
v  0.2608 0.8126 6.7334
v  0.3544 0.8126 6.6716
v  0.3548 0.9604 6.6724
v  0.4001 1.1142 6.7771
v  0.4431 1.1151 6.8764
v  0.3155 1.1142 6.8344
v  0.3671 1.1151 6.9296
v  0.4944 1.1155 6.9952
v  0.4288 1.1155 7.0433
v  0.2484 1.1151 7.0384
v  0.1897 1.1142 6.9472
v  0.0006 1.1142 7.1391
v  0.0645 1.1151 7.2273
v  0.3186 1.1155 7.1474
v  0.1409 1.1155 7.3328
v  0.2173 1.1151 7.4382
v  0.2812 1.1142 7.5264
v  0.4475 1.1142 7.3476
v  0.3888 1.1151 7.2564
v  0.5420 1.1142 7.2522
v  0.4904 1.1151 7.1571
v  0.5458 1.1151 7.1140
v  0.5888 1.1142 7.2133
v  0.6341 0.9604 7.3180
v  0.6345 0.8126 7.3188
v  0.5963 0.9604 7.3525
v  0.5968 0.8126 7.3533
v  0.6346 0.6357 7.3191
v  0.5969 0.6357 7.3536
v  0.5099 0.8126 7.4445
v  0.5094 0.9604 7.4438
v  0.3486 0.9604 7.6194
v  0.3492 0.8126 7.6201
v  0.5101 0.6357 7.4448
v  0.3493 0.6357 7.6204
v  0.3492 0.4588 7.6201
v  0.3486 0.3110 7.6194
v  0.5094 0.3110 7.4438
v  0.5099 0.4588 7.4445
v  0.5963 0.3110 7.3525
v  0.5968 0.4588 7.3533
v  0.6345 0.4588 7.3188
v  0.6341 0.3110 7.3180
v  -0.0478 0.1563 7.7285
v  0.0188 0.1572 7.8154
v  -0.3655 0.1563 8.0754
v  -0.2997 0.1572 8.1630
v  -0.1274 0.1560 7.6246
v  -0.4441 0.1560 7.9707
v  -0.9940 0.1563 8.7319
v  -0.6946 0.1563 8.4272
v  -0.6343 0.1572 8.5177
v  -0.9449 0.1572 8.8282
v  -1.0527 0.1560 8.6168
v  -0.7666 0.1560 8.3189
v  -0.8387 0.1563 8.2106
v  -1.1114 0.1563 8.5016
v  -1.1606 0.1572 8.4053
v  -0.8990 0.1572 8.1200
v  -0.5227 0.1563 7.8660
v  -0.5884 0.1572 7.7785
v  -0.2070 0.1563 7.5207
v  -0.2737 0.1572 7.4339
v  -0.3439 0.3110 7.3423
v  -0.3444 0.4588 7.3415
v  -0.6577 0.3110 7.6862
v  -0.6583 0.4588 7.6855
v  -0.3446 0.6357 7.3413
v  -0.6585 0.6357 7.6852
v  -0.9631 0.4588 8.0239
v  -0.9625 0.3110 8.0246
v  -1.2124 0.3110 8.3042
v  -1.2129 0.4588 8.3034
v  -0.9632 0.6357 8.0236
v  -1.2130 0.6357 8.3031
v  -1.2129 0.8126 8.3034
v  -1.2124 0.9604 8.3042
v  -0.9625 0.9604 8.0246
v  -0.9631 0.8126 8.0239
v  -0.6577 0.9604 7.6862
v  -0.6583 0.8126 7.6855
v  -0.3444 0.8126 7.3415
v  -0.3439 0.9604 7.3423
v  -0.2737 1.1142 7.4339
v  -0.2070 1.1151 7.5207
v  -0.5884 1.1142 7.7785
v  -0.5227 1.1151 7.8660
v  -0.1274 1.1155 7.6246
v  -0.4441 1.1155 7.9707
v  -0.8387 1.1151 8.2106
v  -0.8990 1.1142 8.1200
v  -1.1606 1.1142 8.4053
v  -1.1114 1.1151 8.5016
v  -0.7666 1.1155 8.3189
v  -1.0527 1.1155 8.6168
v  -0.9940 1.1151 8.7319
v  -0.9449 1.1142 8.8282
v  -0.6343 1.1142 8.5177
v  -0.6946 1.1151 8.4272
v  -0.2997 1.1142 8.1630
v  -0.3655 1.1151 8.0754
v  -0.0478 1.1151 7.7285
v  0.0188 1.1142 7.8154
v  0.0890 0.9604 7.9069
v  0.0896 0.8126 7.9077
v  -0.2304 0.9604 8.2552
v  -0.2298 0.8126 8.2559
v  0.0898 0.6357 7.9079
v  -0.2297 0.6357 8.2562
v  -0.5702 0.8126 8.6138
v  -0.5707 0.9604 8.6131
v  -0.8930 0.9604 8.9294
v  -0.8926 0.8126 8.9301
v  -0.5700 0.6357 8.6141
v  -0.8924 0.6357 8.9304
v  -0.8926 0.4588 8.9301
v  -0.8930 0.3110 8.9294
v  -0.5707 0.3110 8.6131
v  -0.5702 0.4588 8.6138
v  -0.2304 0.3110 8.2552
v  -0.2298 0.4588 8.2559
v  0.0896 0.4588 7.9077
v  0.0890 0.3110 7.9069
v  -1.2227 0.1563 8.9378
v  -1.1914 0.1572 9.0429
v  -1.3947 0.1563 9.0586
v  -1.3856 0.1572 9.1721
v  -1.2600 0.1560 8.8122
v  -1.4055 0.1560 8.9228
v  -1.6252 0.1563 9.0995
v  -1.5241 0.1563 9.1079
v  -1.5389 0.1572 9.2264
v  -1.6630 0.1572 9.2160
v  -1.5798 0.1560 8.9600
v  -1.5064 0.1560 8.9662
v  -1.4887 0.1563 8.8245
v  -1.5345 0.1563 8.8205
v  -1.4967 0.1572 8.7040
v  -1.4739 0.1572 8.7060
v  -1.4163 0.1563 8.7870
v  -1.4254 0.1572 8.6735
v  -1.2973 0.1563 8.6866
v  -1.3285 0.1572 8.5815
v  -1.3616 0.3110 8.4715
v  -1.3619 0.4588 8.4707
v  -1.4353 0.3110 8.5548
v  -1.4354 0.4588 8.5540
v  -1.3620 0.6357 8.4704
v  -1.4355 0.6357 8.5537
v  -1.4587 0.4588 8.5816
v  -1.4588 0.3110 8.5824
v  -1.4572 0.3110 8.5825
v  -1.4570 0.4588 8.5817
v  -1.4587 0.6357 8.5813
v  -1.4569 0.6357 8.5815
v  -1.4570 0.8126 8.5817
v  -1.4572 0.9604 8.5825
v  -1.4588 0.9604 8.5824
v  -1.4587 0.8126 8.5816
v  -1.4353 0.9604 8.5548
v  -1.4354 0.8126 8.5540
v  -1.3619 0.8126 8.4707
v  -1.3616 0.9604 8.4715
v  -1.3285 1.1142 8.5815
v  -1.2973 1.1151 8.6866
v  -1.4254 1.1142 8.6735
v  -1.4163 1.1151 8.7870
v  -1.2600 1.1155 8.8122
v  -1.4055 1.1155 8.9228
v  -1.4887 1.1151 8.8245
v  -1.4739 1.1142 8.7060
v  -1.4967 1.1142 8.7040
v  -1.5345 1.1151 8.8205
v  -1.5064 1.1155 8.9662
v  -1.5798 1.1155 8.9600
v  -1.6252 1.1151 9.0995
v  -1.6630 1.1142 9.2160
v  -1.5389 1.1142 9.2264
v  -1.5241 1.1151 9.1079
v  -1.3856 1.1142 9.1721
v  -1.3947 1.1151 9.0586
v  -1.2227 1.1151 8.9378
v  -1.1914 1.1142 9.0429
v  -1.1583 0.9604 9.1529
v  -1.1581 0.8126 9.1537
v  -1.3757 0.9604 9.2908
v  -1.3756 0.8126 9.2916
v  -1.1580 0.6357 9.1540
v  -1.3755 0.6357 9.2919
v  -1.5542 0.8126 9.3508
v  -1.5541 0.9604 9.3500
v  -1.7025 0.9604 9.3375
v  -1.7027 0.8126 9.3383
v  -1.5542 0.6357 9.3510
v  -1.7028 0.6357 9.3385
v  -1.7027 0.4588 9.3383
v  -1.7025 0.3110 9.3375
v  -1.5541 0.3110 9.3500
v  -1.5542 0.4588 9.3508
v  -1.3757 0.3110 9.2908
v  -1.3756 0.4588 9.2916
v  -1.1581 0.4588 9.1537
v  -1.1583 0.3110 9.1529
v  -1.7695 0.1572 9.1514
v  -1.7119 0.1563 9.0469
v  -1.8617 0.1572 9.0174
v  -1.7876 0.1563 8.9309
v  -1.6429 0.1560 8.9218
v  -1.6990 0.1560 8.8274
v  -1.8558 0.1563 8.7321
v  -1.9428 0.1572 8.7987
v  -2.0161 0.1572 8.4802
v  -1.9197 0.1563 8.4311
v  -1.7518 0.1560 8.6524
v  -1.8046 0.1560 8.3725
v  -1.6894 0.1563 8.3138
v  -1.5930 0.1572 8.2648
v  -1.5607 0.1572 8.5061
v  -1.6477 0.1563 8.5727
v  -1.5364 0.1572 8.6374
v  -1.6105 0.1563 8.7239
v  -1.5739 0.1563 8.7968
v  -1.5163 0.1572 8.6922
v  -1.4559 0.3110 8.5833
v  -1.4555 0.4588 8.5826
v  -1.4586 0.3110 8.5472
v  -1.4581 0.4588 8.5466
v  -1.4553 0.6357 8.5824
v  -1.4579 0.6357 8.5464
v  -1.4686 0.4588 8.4360
v  -1.4693 0.3110 8.4365
v  -1.4916 0.3110 8.2134
v  -1.4908 0.4588 8.2131
v  -1.4683 0.6357 8.4359
v  -1.4905 0.6357 8.2129
v  -1.4908 0.8126 8.2131
v  -1.4916 0.9604 8.2134
v  -1.4693 0.9604 8.4365
v  -1.4686 0.8126 8.4360
v  -1.4586 0.9604 8.5472
v  -1.4581 0.8126 8.5466
v  -1.4555 0.8126 8.5826
v  -1.4559 0.9604 8.5833
v  -1.5739 1.1151 8.7968
v  -1.5163 1.1142 8.6922
v  -1.6105 1.1151 8.7239
v  -1.5364 1.1142 8.6374
v  -1.6429 1.1155 8.9218
v  -1.6990 1.1155 8.8274
v  -1.6894 1.1151 8.3138
v  -1.6477 1.1151 8.5727
v  -1.5607 1.1142 8.5061
v  -1.5930 1.1142 8.2648
v  -1.8046 1.1155 8.3725
v  -1.7518 1.1155 8.6524
v  -1.8558 1.1151 8.7321
v  -1.9197 1.1151 8.4311
v  -2.0161 1.1142 8.4802
v  -1.9428 1.1142 8.7987
v  -1.7876 1.1151 8.9309
v  -1.8617 1.1142 9.0174
v  -1.7119 1.1151 9.0469
v  -1.7695 1.1142 9.1514
v  -1.8299 0.9604 9.2604
v  -1.8303 0.8126 9.2610
v  -1.9394 0.9604 9.1076
v  -1.9400 0.8126 9.1082
v  -1.8305 0.6357 9.2613
v  -1.9402 0.6357 9.1084
v  -2.0350 0.8126 8.8688
v  -2.0342 0.9604 8.8683
v  -2.1175 0.9604 8.5315
v  -2.1183 0.8126 8.5319
v  -2.0352 0.6357 8.8690
v  -2.1186 0.6357 8.5320
v  -2.1183 0.4588 8.5319
v  -2.1175 0.3110 8.5315
v  -2.0342 0.3110 8.8683
v  -2.0350 0.4588 8.8688
v  -1.9394 0.3110 9.1076
v  -1.9400 0.4588 9.1082
v  -1.8303 0.4588 9.2610
v  -1.8299 0.3110 9.2604
v  -2.0849 0.1572 8.0464
v  -1.9829 0.1563 8.0086
v  -2.1470 0.1572 7.5627
v  -2.0424 0.1563 7.5305
v  -1.8609 0.1560 7.9633
v  -1.9172 0.1560 7.4921
v  -2.0954 0.1563 7.0632
v  -2.2004 0.1572 7.0943
v  -2.2429 0.1572 6.7063
v  -2.1393 0.1563 6.6725
v  -1.9700 0.1560 7.0259
v  -2.0155 0.1560 6.6321
v  -1.8917 0.1563 6.5917
v  -1.7882 0.1572 6.5579
v  -1.7395 0.1572 6.9576
v  -1.8445 0.1563 6.9887
v  -1.6875 0.1572 7.4214
v  -1.7921 0.1563 7.4536
v  -1.7390 0.1563 7.9180
v  -1.6369 0.1572 7.8802
v  -1.5295 0.3110 7.8404
v  -1.5286 0.4588 7.8401
v  -1.5772 0.3110 7.3875
v  -1.5763 0.4588 7.3872
v  -1.5283 0.6357 7.8400
v  -1.5760 0.6357 7.3871
v  -1.6280 0.4588 6.9245
v  -1.6289 0.3110 6.9247
v  -1.6790 0.3110 6.5222
v  -1.6782 0.4588 6.5220
v  -1.6277 0.6357 6.9244
v  -1.6779 0.6357 6.5219
v  -1.6782 0.8126 6.5220
v  -1.6790 0.9604 6.5222
v  -1.6289 0.9604 6.9247
v  -1.6280 0.8126 6.9245
v  -1.5772 0.9604 7.3875
v  -1.5763 0.8126 7.3872
v  -1.5286 0.8126 7.8401
v  -1.5295 0.9604 7.8404
v  -1.7390 1.1151 7.9180
v  -1.6369 1.1142 7.8802
v  -1.7921 1.1151 7.4536
v  -1.6875 1.1142 7.4214
v  -1.8609 1.1155 7.9633
v  -1.9172 1.1155 7.4921
v  -1.8917 1.1151 6.5917
v  -1.8445 1.1151 6.9887
v  -1.7395 1.1142 6.9576
v  -1.7882 1.1142 6.5579
v  -2.0155 1.1155 6.6321
v  -1.9700 1.1155 7.0259
v  -2.0954 1.1151 7.0632
v  -2.1393 1.1151 6.6725
v  -2.2429 1.1142 6.7063
v  -2.2004 1.1142 7.0943
v  -2.0424 1.1151 7.5305
v  -2.1470 1.1142 7.5627
v  -1.9829 1.1151 8.0086
v  -2.0849 1.1142 8.0464
v  -2.1923 0.9604 8.0862
v  -2.1932 0.8126 8.0865
v  -2.2573 0.9604 7.5966
v  -2.2582 0.8126 7.5969
v  -2.1935 0.6357 8.0866
v  -2.2585 0.6357 7.5970
v  -2.3119 0.8126 7.1274
v  -2.3110 0.9604 7.1271
v  -2.3520 0.9604 6.7419
v  -2.3529 0.8126 6.7422
v  -2.3122 0.6357 7.1275
v  -2.3532 0.6357 6.7423
v  -2.3529 0.4588 6.7422
v  -2.3520 0.3110 6.7419
v  -2.3110 0.3110 7.1271
v  -2.3119 0.4588 7.1274
v  -2.2573 0.3110 7.5966
v  -2.2582 0.4588 7.5969
v  -2.1932 0.4588 8.0865
v  -2.1923 0.3110 8.0862
v  -2.2723 0.1572 6.4639
v  -2.1712 0.1563 6.4246
v  -2.2926 0.1572 6.3312
v  -2.1950 0.1563 6.2845
v  -2.0503 0.1560 6.3777
v  -2.0783 0.1560 6.2287
v  -2.2145 0.1563 6.2171
v  -2.3077 0.1572 6.2722
v  -2.3213 0.1572 6.2509
v  -2.2336 0.1563 6.1872
v  -2.1031 0.1560 6.1512
v  -2.1288 0.1560 6.1110
v  -2.0239 0.1563 6.0349
v  -1.9363 0.1572 5.9712
v  -1.8986 0.1572 6.0302
v  -1.9917 0.1563 6.0853
v  -1.8639 0.1572 6.1263
v  -1.9615 0.1563 6.1730
v  -1.9295 0.1563 6.3307
v  -1.8284 0.1572 6.2915
v  -1.7218 0.3110 6.2501
v  -1.7209 0.4588 6.2498
v  -1.7610 0.3110 6.0771
v  -1.7601 0.4588 6.0767
v  -1.7206 0.6357 6.2497
v  -1.7599 0.6357 6.0766
v  -1.7996 0.4588 5.9717
v  -1.8004 0.3110 5.9722
v  -1.8439 0.3110 5.9041
v  -1.8431 0.4588 5.9035
v  -1.7994 0.6357 5.9716
v  -1.8429 0.6357 5.9034
v  -1.8431 0.8126 5.9035
v  -1.8439 0.9604 5.9041
v  -1.8004 0.9604 5.9722
v  -1.7996 0.8126 5.9717
v  -1.7610 0.9604 6.0771
v  -1.7601 0.8126 6.0767
v  -1.7209 0.8126 6.2498
v  -1.7218 0.9604 6.2501
v  -1.9295 1.1151 6.3307
v  -1.8284 1.1142 6.2915
v  -1.9615 1.1151 6.1730
v  -1.8639 1.1142 6.1263
v  -2.0503 1.1155 6.3777
v  -2.0783 1.1155 6.2287
v  -2.0239 1.1151 6.0349
v  -1.9917 1.1151 6.0853
v  -1.8986 1.1142 6.0302
v  -1.9363 1.1142 5.9712
v  -2.1288 1.1155 6.1110
v  -2.1031 1.1155 6.1512
v  -2.2145 1.1151 6.2171
v  -2.2336 1.1151 6.1872
v  -2.3213 1.1142 6.2509
v  -2.3077 1.1142 6.2722
v  -2.1950 1.1151 6.2845
v  -2.2926 1.1142 6.3312
v  -2.1712 1.1151 6.4246
v  -2.2723 1.1142 6.4639
v  -2.3789 0.9604 6.5053
v  -2.3798 0.8126 6.5056
v  -2.3955 0.9604 6.3804
v  -2.3964 0.8126 6.3807
v  -2.3801 0.6357 6.5057
v  -2.3966 0.6357 6.3809
v  -2.4066 0.8126 6.3307
v  -2.4058 0.9604 6.3302
v  -2.4136 0.9604 6.3180
v  -2.4144 0.8126 6.3186
v  -2.4069 0.6357 6.3308
v  -2.4146 0.6357 6.3187
v  -2.4144 0.4588 6.3186
v  -2.4136 0.3110 6.3180
v  -2.4058 0.3110 6.3302
v  -2.4066 0.4588 6.3307
v  -2.3955 0.3110 6.3804
v  -2.3964 0.4588 6.3807
v  -2.3798 0.4588 6.5056
v  -2.3789 0.3110 6.5053
v  -2.2561 0.1563 6.1598
v  -2.3373 0.1572 6.2314
v  -2.3142 0.1563 6.1204
v  -2.3888 0.1572 6.1989
v  -2.1590 0.1560 6.0743
v  -2.2251 0.1560 6.0267
v  -2.6660 0.1563 5.9476
v  -2.4401 0.1563 6.0545
v  -2.5087 0.1572 6.1386
v  -2.7301 0.1572 6.0356
v  -2.5893 0.1560 5.8424
v  -2.3581 0.1560 5.9541
v  -2.2761 0.1563 5.8536
v  -2.5126 0.1563 5.7371
v  -2.4485 0.1572 5.6491
v  -2.2075 0.1572 5.7696
v  -2.1360 0.1563 5.9329
v  -2.0614 0.1572 5.8544
v  -2.0620 0.1563 5.9887
v  -1.9808 0.1572 5.9171
v  -1.8952 0.3110 5.8417
v  -1.8945 0.4588 5.8411
v  -1.9828 0.3110 5.7718
v  -1.9822 0.4588 5.7711
v  -1.8943 0.6357 5.8409
v  -1.9820 0.6357 5.7709
v  -2.1347 0.4588 5.6803
v  -2.1352 0.3110 5.6810
v  -2.3809 0.3110 5.5563
v  -2.3803 0.4588 5.5555
v  -2.1345 0.6357 5.6801
v  -2.3801 0.6357 5.5553
v  -2.3803 0.8126 5.5555
v  -2.3809 0.9604 5.5563
v  -2.1352 0.9604 5.6810
v  -2.1347 0.8126 5.6803
v  -1.9828 0.9604 5.7718
v  -1.9822 0.8126 5.7711
v  -1.8945 0.8126 5.8411
v  -1.8952 0.9604 5.8417
v  -1.9808 1.1142 5.9171
v  -2.0620 1.1151 5.9887
v  -2.0614 1.1142 5.8544
v  -2.1360 1.1151 5.9329
v  -2.1590 1.1155 6.0743
v  -2.2251 1.1155 6.0267
v  -2.2761 1.1151 5.8536
v  -2.2075 1.1142 5.7696
v  -2.4485 1.1142 5.6491
v  -2.5126 1.1151 5.7371
v  -2.3581 1.1155 5.9541
v  -2.5893 1.1155 5.8424
v  -2.6660 1.1151 5.9476
v  -2.7301 1.1142 6.0356
v  -2.5087 1.1142 6.1386
v  -2.4401 1.1151 6.0545
v  -2.3888 1.1142 6.1989
v  -2.3142 1.1151 6.1204
v  -2.2561 1.1151 6.1598
v  -2.3373 1.1142 6.2314
v  -2.4228 0.9604 6.3068
v  -2.4235 0.8126 6.3074
v  -2.4673 0.9604 6.2816
v  -2.4680 0.8126 6.2822
v  -2.4237 0.6357 6.3076
v  -2.4682 0.6357 6.2824
v  -2.5816 0.8126 6.2278
v  -2.5810 0.9604 6.2271
v  -2.7977 0.9604 6.1284
v  -2.7983 0.8126 6.1292
v  -2.5818 0.6357 6.2281
v  -2.7985 0.6357 6.1294
v  -2.7983 0.4588 6.1292
v  -2.7977 0.3110 6.1284
v  -2.5810 0.3110 6.2271
v  -2.5816 0.4588 6.2278
v  -2.4673 0.3110 6.2816
v  -2.4680 0.4588 6.2822
v  -2.4235 0.4588 6.3074
v  -2.4228 0.3110 6.3068
v  -3.0240 0.1563 5.7851
v  -3.0860 0.1572 5.8753
v  -3.4521 0.1563 5.5902
v  -3.5150 0.1572 5.6798
v  -2.9498 0.1560 5.6773
v  -3.3768 0.1560 5.4831
v  -4.2707 0.1563 5.1953
v  -3.8883 0.1563 5.3859
v  -3.9558 0.1572 5.4712
v  -4.3471 0.1572 5.2718
v  -4.1793 0.1560 5.1039
v  -3.8076 0.1560 5.2839
v  -3.7268 0.1563 5.1819
v  -4.0880 0.1563 5.0125
v  -4.0115 0.1572 4.9360
v  -3.6593 0.1572 5.0966
v  -3.3015 0.1563 5.3760
v  -3.2386 0.1572 5.2864
v  -2.8756 0.1563 5.5695
v  -2.8136 0.1572 5.4793
v  -2.7482 0.3110 5.3842
v  -2.7476 0.4588 5.3835
v  -3.1723 0.3110 5.1920
v  -3.1717 0.4588 5.1912
v  -2.7475 0.6357 5.3832
v  -3.1716 0.6357 5.1910
v  -3.5877 0.4588 5.0060
v  -3.5883 0.3110 5.0067
v  -3.9314 0.3110 4.8554
v  -3.9308 0.4588 4.8548
v  -3.5876 0.6357 5.0057
v  -3.9306 0.6357 4.8545
v  -3.9308 0.8126 4.8548
v  -3.9314 0.9604 4.8554
v  -3.5883 0.9604 5.0067
v  -3.5877 0.8126 5.0060
v  -3.1723 0.9604 5.1920
v  -3.1717 0.8126 5.1912
v  -2.7476 0.8126 5.3835
v  -2.7482 0.9604 5.3842
v  -2.8136 1.1142 5.4793
v  -2.8756 1.1151 5.5695
v  -3.2386 1.1142 5.2864
v  -3.3015 1.1151 5.3760
v  -2.9498 1.1155 5.6773
v  -3.3768 1.1155 5.4831
v  -3.7268 1.1151 5.1819
v  -3.6593 1.1142 5.0966
v  -4.0115 1.1142 4.9360
v  -4.0880 1.1151 5.0125
v  -3.8076 1.1155 5.2839
v  -4.1793 1.1155 5.1039
v  -4.2707 1.1151 5.1953
v  -4.3471 1.1142 5.2718
v  -3.9558 1.1142 5.4712
v  -3.8883 1.1151 5.3859
v  -3.5150 1.1142 5.6798
v  -3.4521 1.1151 5.5902
v  -3.0240 1.1151 5.7851
v  -3.0860 1.1142 5.8753
v  -3.1514 0.9604 5.9704
v  -3.1519 0.8126 5.9712
v  -3.5814 0.9604 5.7742
v  -3.5819 0.8126 5.7750
v  -3.1521 0.6357 5.9714
v  -3.5821 0.6357 5.7753
v  -4.0274 0.8126 5.5619
v  -4.0269 0.9604 5.5612
v  -4.4273 0.9604 5.3524
v  -4.4279 0.8126 5.3530
v  -4.0276 0.6357 5.5621
v  -4.4281 0.6357 5.3533
v  -4.4279 0.4588 5.3530
v  -4.4273 0.3110 5.3524
v  -4.0269 0.3110 5.5612
v  -4.0274 0.4588 5.5619
v  -3.5814 0.3110 5.7742
v  -3.5819 0.4588 5.7750
v  -3.1519 0.4588 5.9712
v  -3.1514 0.3110 5.9704
v  -4.5372 0.1563 5.0415
v  -4.6274 0.1572 5.1036
v  -4.7052 0.1563 4.9152
v  -4.8104 0.1572 4.9589
v  -4.4292 0.1560 4.9672
v  -4.5794 0.1560 4.8629
v  -4.8153 0.1563 4.7086
v  -4.7921 0.1563 4.8073
v  -4.9093 0.1572 4.8299
v  -4.9378 0.1572 4.7086
v  -4.6686 0.1560 4.7086
v  -4.6518 0.1560 4.7804
v  -4.5116 0.1563 4.7534
v  -4.5220 0.1563 4.7086
v  -4.3994 0.1572 4.7086
v  -4.3943 0.1572 4.7309
v  -4.4536 0.1563 4.8107
v  -4.3484 0.1572 4.7670
v  -4.3213 0.1563 4.8929
v  -4.2310 0.1572 4.8307
v  -4.1366 0.3110 4.7652
v  -4.1359 0.4588 4.7647
v  -4.2386 0.3110 4.7209
v  -4.2379 0.4588 4.7205
v  -4.1357 0.6357 4.7645
v  -4.2376 0.6357 4.7204
v  -4.2713 0.4588 4.7069
v  -4.2721 0.3110 4.7071
v  -4.2717 0.3110 4.7086
v  -4.2709 0.4588 4.7086
v  -4.2711 0.6357 4.7069
v  -4.2706 0.6357 4.7086
v  -4.2709 0.8126 4.7086
v  -4.2717 0.9604 4.7086
v  -4.2721 0.9604 4.7071
v  -4.2713 0.8126 4.7069
v  -4.2386 0.9604 4.7209
v  -4.2379 0.8126 4.7205
v  -4.1359 0.8126 4.7647
v  -4.1366 0.9604 4.7652
v  -4.2310 1.1142 4.8307
v  -4.3213 1.1151 4.8929
v  -4.3484 1.1142 4.7670
v  -4.4536 1.1151 4.8107
v  -4.4292 1.1155 4.9672
v  -4.5794 1.1155 4.8629
v  -4.5116 1.1151 4.7534
v  -4.3943 1.1142 4.7309
v  -4.3994 1.1142 4.7086
v  -4.5220 1.1151 4.7086
v  -4.6518 1.1155 4.7804
v  -4.6686 1.1155 4.7086
v  -4.8153 1.1151 4.7086
v  -4.9378 1.1142 4.7086
v  -4.9093 1.1142 4.8299
v  -4.7921 1.1151 4.8073
v  -4.8104 1.1142 4.9589
v  -4.7052 1.1151 4.9152
v  -4.5372 1.1151 5.0415
v  -4.6274 1.1142 5.1036
v  -4.7219 0.9604 5.1691
v  -4.7226 0.8126 5.1696
v  -4.9202 0.9604 5.0050
v  -4.9209 0.8126 5.0054
v  -4.7228 0.6357 5.1698
v  -4.9211 0.6357 5.0055
v  -5.0324 0.8126 4.8538
v  -5.0316 0.9604 4.8536
v  -5.0656 0.9604 4.7086
v  -5.0664 0.8126 4.7086
v  -5.0326 0.6357 4.8539
v  -5.0666 0.6357 4.7086
v  -5.0664 0.4588 4.7086
v  -5.0656 0.3110 4.7086
v  -5.0316 0.3110 4.8536
v  -5.0324 0.4588 4.8538
v  -4.9202 0.3110 5.0050
v  -4.9209 0.4588 5.0054
v  -4.7226 0.4588 5.1696
v  -4.7219 0.3110 5.1691
v  -4.9093 0.1572 4.5874
v  -4.7921 0.1563 4.6099
v  -4.8104 0.1572 4.4583
v  -4.7052 0.1563 4.5021
v  -4.6518 0.1560 4.6369
v  -4.5794 0.1560 4.5543
v  -4.5372 0.1563 4.3758
v  -4.6274 0.1572 4.3136
v  -4.3471 0.1572 4.1455
v  -4.2707 0.1563 4.2220
v  -4.4292 0.1560 4.4501
v  -4.1793 0.1560 4.3134
v  -4.0880 0.1563 4.4048
v  -4.0115 0.1572 4.4813
v  -4.2310 0.1572 4.5865
v  -4.3213 0.1563 4.5244
v  -4.3484 0.1572 4.6503
v  -4.4536 0.1563 4.6066
v  -4.5116 0.1563 4.6638
v  -4.3943 0.1572 4.6864
v  -4.2721 0.3110 4.7101
v  -4.2713 0.4588 4.7103
v  -4.2386 0.3110 4.6964
v  -4.2379 0.4588 4.6967
v  -4.2711 0.6357 4.7104
v  -4.2376 0.6357 4.6969
v  -4.1359 0.4588 4.6526
v  -4.1366 0.3110 4.6520
v  -3.9314 0.3110 4.5619
v  -3.9308 0.4588 4.5625
v  -4.1357 0.6357 4.6527
v  -3.9306 0.6357 4.5627
v  -3.9308 0.8126 4.5625
v  -3.9314 0.9604 4.5619
v  -4.1366 0.9604 4.6520
v  -4.1359 0.8126 4.6526
v  -4.2386 0.9604 4.6964
v  -4.2379 0.8126 4.6967
v  -4.2713 0.8126 4.7103
v  -4.2721 0.9604 4.7101
v  -4.5116 1.1151 4.6638
v  -4.3943 1.1142 4.6864
v  -4.4536 1.1151 4.6066
v  -4.3484 1.1142 4.6503
v  -4.6518 1.1155 4.6369
v  -4.5794 1.1155 4.5543
v  -4.0880 1.1151 4.4048
v  -4.3213 1.1151 4.5244
v  -4.2310 1.1142 4.5865
v  -4.0115 1.1142 4.4813
v  -4.1793 1.1155 4.3134
v  -4.4292 1.1155 4.4501
v  -4.5372 1.1151 4.3758
v  -4.2707 1.1151 4.2220
v  -4.3471 1.1142 4.1455
v  -4.6274 1.1142 4.3136
v  -4.7052 1.1151 4.5021
v  -4.8104 1.1142 4.4583
v  -4.7921 1.1151 4.6099
v  -4.9093 1.1142 4.5874
v  -5.0316 0.9604 4.5636
v  -5.0324 0.8126 4.5635
v  -4.9202 0.9604 4.4123
v  -4.9209 0.8126 4.4119
v  -5.0326 0.6357 4.5634
v  -4.9211 0.6357 4.4118
v  -4.7226 0.8126 4.2476
v  -4.7219 0.9604 4.2481
v  -4.4273 0.9604 4.0649
v  -4.4279 0.8126 4.0642
v  -4.7228 0.6357 4.2474
v  -4.4281 0.6357 4.0640
v  -4.4279 0.4588 4.0642
v  -4.4273 0.3110 4.0649
v  -4.7219 0.3110 4.2481
v  -4.7226 0.4588 4.2476
v  -4.9202 0.3110 4.4123
v  -4.9209 0.4588 4.4119
v  -5.0324 0.4588 4.5635
v  -5.0316 0.3110 4.5636
v  -3.9558 0.1572 3.9460
v  -3.8883 0.1563 4.0313
v  -3.5150 0.1572 3.7375
v  -3.4521 0.1563 3.8270
v  -3.8076 0.1560 4.1333
v  -3.3768 0.1560 3.9341
v  -3.0240 0.1563 3.6321
v  -3.0860 0.1572 3.5419
v  -2.7301 0.1572 3.3816
v  -2.6660 0.1563 3.4697
v  -2.9498 0.1560 3.7400
v  -2.5893 0.1560 3.5749
v  -2.5126 0.1563 3.6802
v  -2.4485 0.1572 3.7682
v  -2.8136 0.1572 3.9380
v  -2.8756 0.1563 3.8478
v  -3.2386 0.1572 4.1308
v  -3.3015 0.1563 4.0412
v  -3.7268 0.1563 4.2353
v  -3.6593 0.1572 4.3207
v  -3.5883 0.3110 4.4106
v  -3.5877 0.4588 4.4113
v  -3.1723 0.3110 4.2253
v  -3.1717 0.4588 4.2260
v  -3.5876 0.6357 4.4115
v  -3.1716 0.6357 4.2263
v  -2.7476 0.4588 4.0338
v  -2.7482 0.3110 4.0330
v  -2.3809 0.3110 3.8610
v  -2.3803 0.4588 3.8618
v  -2.7475 0.6357 4.0341
v  -2.3801 0.6357 3.8620
v  -2.3803 0.8126 3.8618
v  -2.3809 0.9604 3.8610
v  -2.7482 0.9604 4.0330
v  -2.7476 0.8126 4.0338
v  -3.1723 0.9604 4.2253
v  -3.1717 0.8126 4.2260
v  -3.5877 0.8126 4.4113
v  -3.5883 0.9604 4.4106
v  -3.7268 1.1151 4.2353
v  -3.6593 1.1142 4.3207
v  -3.3015 1.1151 4.0412
v  -3.2386 1.1142 4.1308
v  -3.8076 1.1155 4.1333
v  -3.3768 1.1155 3.9341
v  -2.5126 1.1151 3.6802
v  -2.8756 1.1151 3.8478
v  -2.8136 1.1142 3.9380
v  -2.4485 1.1142 3.7682
v  -2.5893 1.1155 3.5749
v  -2.9498 1.1155 3.7400
v  -3.0240 1.1151 3.6321
v  -2.6660 1.1151 3.4697
v  -2.7301 1.1142 3.3816
v  -3.0860 1.1142 3.5419
v  -3.4521 1.1151 3.8270
v  -3.5150 1.1142 3.7375
v  -3.8883 1.1151 4.0313
v  -3.9558 1.1142 3.9460
v  -4.0269 0.9604 3.8561
v  -4.0274 0.8126 3.8554
v  -3.5814 0.9604 3.6430
v  -3.5819 0.8126 3.6423
v  -4.0276 0.6357 3.8551
v  -3.5821 0.6357 3.6420
v  -3.1519 0.8126 3.4461
v  -3.1514 0.9604 3.4469
v  -2.7977 0.9604 3.2888
v  -2.7983 0.8126 3.2881
v  -3.1521 0.6357 3.4458
v  -2.7985 0.6357 3.2878
v  -2.7983 0.4588 3.2881
v  -2.7977 0.3110 3.2888
v  -3.1514 0.3110 3.4469
v  -3.1519 0.4588 3.4461
v  -3.5814 0.3110 3.6430
v  -3.5819 0.4588 3.6423
v  -4.0274 0.4588 3.8554
v  -4.0269 0.3110 3.8561
v  -2.5087 0.1572 3.2787
v  -2.4401 0.1563 3.3627
v  -2.3888 0.1572 3.2184
v  -2.3142 0.1563 3.2968
v  -2.3581 0.1560 3.4632
v  -2.2251 0.1560 3.3906
v  -2.2561 0.1563 3.2574
v  -2.3373 0.1572 3.1859
v  -2.3213 0.1572 3.1664
v  -2.2336 0.1563 3.2301
v  -2.1590 0.1560 3.3430
v  -2.1288 0.1560 3.3062
v  -2.0239 0.1563 3.3824
v  -1.9363 0.1572 3.4461
v  -1.9808 0.1572 3.5002
v  -2.0620 0.1563 3.4286
v  -2.0614 0.1572 3.5628
v  -2.1360 0.1563 3.4844
v  -2.2761 0.1563 3.5636
v  -2.2075 0.1572 3.6477
v  -2.1352 0.3110 3.7362
v  -2.1347 0.4588 3.7370
v  -1.9828 0.3110 3.6455
v  -1.9822 0.4588 3.6462
v  -2.1345 0.6357 3.7372
v  -1.9820 0.6357 3.6464
v  -1.8945 0.4588 3.5762
v  -1.8952 0.3110 3.5756
v  -1.8439 0.3110 3.5132
v  -1.8431 0.4588 3.5137
v  -1.8943 0.6357 3.5764
v  -1.8429 0.6357 3.5139
v  -1.8431 0.8126 3.5137
v  -1.8439 0.9604 3.5132
v  -1.8952 0.9604 3.5756
v  -1.8945 0.8126 3.5762
v  -1.9828 0.9604 3.6455
v  -1.9822 0.8126 3.6462
v  -2.1347 0.8126 3.7370
v  -2.1352 0.9604 3.7362
v  -2.2761 1.1151 3.5636
v  -2.2075 1.1142 3.6477
v  -2.1360 1.1151 3.4844
v  -2.0614 1.1142 3.5628
v  -2.3581 1.1155 3.4632
v  -2.2251 1.1155 3.3906
v  -2.0239 1.1151 3.3824
v  -2.0620 1.1151 3.4286
v  -1.9808 1.1142 3.5002
v  -1.9363 1.1142 3.4461
v  -2.1288 1.1155 3.3062
v  -2.1590 1.1155 3.3430
v  -2.2561 1.1151 3.2574
v  -2.2336 1.1151 3.2301
v  -2.3213 1.1142 3.1664
v  -2.3373 1.1142 3.1859
v  -2.3142 1.1151 3.2968
v  -2.3888 1.1142 3.2184
v  -2.4401 1.1151 3.3627
v  -2.5087 1.1142 3.2787
v  -2.5810 0.9604 3.1901
v  -2.5816 0.8126 3.1894
v  -2.4673 0.9604 3.1357
v  -2.4680 0.8126 3.1350
v  -2.5818 0.6357 3.1892
v  -2.4682 0.6357 3.1348
v  -2.4235 0.8126 3.1098
v  -2.4228 0.9604 3.1105
v  -2.4136 0.9604 3.0993
v  -2.4144 0.8126 3.0987
v  -2.4237 0.6357 3.1096
v  -2.4146 0.6357 3.0985
v  -2.4144 0.4588 3.0987
v  -2.4136 0.3110 3.0993
v  -2.4228 0.3110 3.1105
v  -2.4235 0.4588 3.1098
v  -2.4673 0.3110 3.1357
v  -2.4680 0.4588 3.1350
v  -2.5816 0.4588 3.1894
v  -2.5810 0.3110 3.1901
v  -2.2145 0.1563 3.2002
v  -2.3077 0.1572 3.1451
v  -2.1950 0.1563 3.1327
v  -2.2926 0.1572 3.0861
v  -2.1031 0.1560 3.2661
v  -2.0783 0.1560 3.1885
v  -2.1393 0.1563 2.7448
v  -2.1712 0.1563 2.9926
v  -2.2723 0.1572 2.9534
v  -2.2429 0.1572 2.7110
v  -2.0155 0.1560 2.7852
v  -2.0503 0.1560 3.0396
v  -1.9295 0.1563 3.0865
v  -1.8917 0.1563 2.8256
v  -1.7882 0.1572 2.8594
v  -1.8284 0.1572 3.1258
v  -1.9615 0.1563 3.2443
v  -1.8639 0.1572 3.2910
v  -1.9917 0.1563 3.3319
v  -1.8986 0.1572 3.3870
v  -1.8004 0.3110 3.4451
v  -1.7996 0.4588 3.4456
v  -1.7610 0.3110 3.3401
v  -1.7601 0.4588 3.3405
v  -1.7994 0.6357 3.4457
v  -1.7599 0.6357 3.3407
v  -1.7209 0.4588 3.1675
v  -1.7218 0.3110 3.1672
v  -1.6790 0.3110 2.8950
v  -1.6782 0.4588 2.8953
v  -1.7206 0.6357 3.1676
v  -1.6779 0.6357 2.8954
v  -1.6782 0.8126 2.8953
v  -1.6790 0.9604 2.8950
v  -1.7218 0.9604 3.1672
v  -1.7209 0.8126 3.1675
v  -1.7610 0.9604 3.3401
v  -1.7601 0.8126 3.3405
v  -1.7996 0.8126 3.4456
v  -1.8004 0.9604 3.4451
v  -1.8986 1.1142 3.3870
v  -1.9917 1.1151 3.3319
v  -1.8639 1.1142 3.2910
v  -1.9615 1.1151 3.2443
v  -2.1031 1.1155 3.2661
v  -2.0783 1.1155 3.1885
v  -1.9295 1.1151 3.0865
v  -1.8284 1.1142 3.1258
v  -1.7882 1.1142 2.8594
v  -1.8917 1.1151 2.8256
v  -2.0503 1.1155 3.0396
v  -2.0155 1.1155 2.7852
v  -2.1393 1.1151 2.7448
v  -2.2429 1.1142 2.7110
v  -2.2723 1.1142 2.9534
v  -2.1712 1.1151 2.9926
v  -2.2926 1.1142 3.0861
v  -2.1950 1.1151 3.1327
v  -2.2145 1.1151 3.2002
v  -2.3077 1.1142 3.1451
v  -2.4058 0.9604 3.0870
v  -2.4066 0.8126 3.0866
v  -2.3955 0.9604 3.0369
v  -2.3964 0.8126 3.0365
v  -2.4069 0.6357 3.0864
v  -2.3966 0.6357 3.0364
v  -2.3798 0.8126 2.9117
v  -2.3789 0.9604 2.9120
v  -2.3520 0.9604 2.6754
v  -2.3529 0.8126 2.6751
v  -2.3801 0.6357 2.9115
v  -2.3532 0.6357 2.6750
v  -2.3529 0.4588 2.6751
v  -2.3520 0.3110 2.6754
v  -2.3789 0.3110 2.9120
v  -2.3798 0.4588 2.9117
v  -2.3955 0.3110 3.0369
v  -2.3964 0.4588 3.0365
v  -2.4066 0.4588 3.0866
v  -2.4058 0.3110 3.0870
v  -2.0954 0.1563 2.3541
v  -2.2004 0.1572 2.3230
v  -2.0424 0.1563 1.8867
v  -2.1470 0.1572 1.8545
v  -1.9700 0.1560 2.3913
v  -1.9172 0.1560 1.9252
v  -1.9197 0.1563 0.9861
v  -1.9829 0.1563 1.4087
v  -2.0849 0.1572 1.3709
v  -2.0161 0.1572 0.9371
v  -1.8046 0.1560 1.0448
v  -1.8609 0.1560 1.4540
v  -1.7390 0.1563 1.4992
v  -1.6894 0.1563 1.1034
v  -1.5930 0.1572 1.1525
v  -1.6369 0.1572 1.5371
v  -1.7921 0.1563 1.9637
v  -1.6875 0.1572 1.9959
v  -1.8445 0.1563 2.4286
v  -1.7395 0.1572 2.4597
v  -1.6289 0.3110 2.4925
v  -1.6280 0.4588 2.4928
v  -1.5772 0.3110 2.0298
v  -1.5763 0.4588 2.0301
v  -1.6277 0.6357 2.4929
v  -1.5760 0.6357 2.0301
v  -1.5286 0.4588 1.5772
v  -1.5295 0.3110 1.5769
v  -1.4916 0.3110 1.2038
v  -1.4908 0.4588 1.2042
v  -1.5283 0.6357 1.5773
v  -1.4905 0.6357 1.2043
v  -1.4908 0.8126 1.2042
v  -1.4916 0.9604 1.2038
v  -1.5295 0.9604 1.5769
v  -1.5286 0.8126 1.5772
v  -1.5772 0.9604 2.0298
v  -1.5763 0.8126 2.0301
v  -1.6280 0.8126 2.4928
v  -1.6289 0.9604 2.4925
v  -1.7395 1.1142 2.4597
v  -1.8445 1.1151 2.4286
v  -1.6875 1.1142 1.9959
v  -1.7921 1.1151 1.9637
v  -1.9700 1.1155 2.3913
v  -1.9172 1.1155 1.9252
v  -1.7390 1.1151 1.4992
v  -1.6369 1.1142 1.5371
v  -1.5930 1.1142 1.1525
v  -1.6894 1.1151 1.1034
v  -1.8609 1.1155 1.4540
v  -1.8046 1.1155 1.0448
v  -1.9197 1.1151 0.9861
v  -2.0161 1.1142 0.9371
v  -2.0849 1.1142 1.3709
v  -1.9829 1.1151 1.4087
v  -2.1470 1.1142 1.8545
v  -2.0424 1.1151 1.8867
v  -2.0954 1.1151 2.3541
v  -2.2004 1.1142 2.3230
v  -2.3110 0.9604 2.2902
v  -2.3119 0.8126 2.2899
v  -2.2573 0.9604 1.8206
v  -2.2582 0.8126 1.8204
v  -2.3122 0.6357 2.2898
v  -2.2585 0.6357 1.8203
v  -2.1932 0.8126 1.3308
v  -2.1923 0.9604 1.3311
v  -2.1175 0.9604 0.8858
v  -2.1183 0.8126 0.8854
v  -2.1935 0.6357 1.3307
v  -2.1186 0.6357 0.8853
v  -2.1183 0.4588 0.8854
v  -2.1175 0.3110 0.8858
v  -2.1923 0.3110 1.3311
v  -2.1932 0.4588 1.3308
v  -2.2573 0.3110 1.8206
v  -2.2582 0.4588 1.8204
v  -2.3119 0.4588 2.2899
v  -2.3110 0.3110 2.2902
v  -1.8558 0.1563 0.6852
v  -1.9428 0.1572 0.6185
v  -1.7876 0.1563 0.4863
v  -1.8617 0.1572 0.3998
v  -1.7518 0.1560 0.7649
v  -1.6990 0.1560 0.5898
v  -1.6252 0.1563 0.3178
v  -1.7119 0.1563 0.3704
v  -1.7695 0.1572 0.2658
v  -1.6630 0.1572 0.2013
v  -1.5798 0.1560 0.4573
v  -1.6429 0.1560 0.4954
v  -1.5739 0.1563 0.6205
v  -1.5345 0.1563 0.5967
v  -1.4967 0.1572 0.7133
v  -1.5163 0.1572 0.7250
v  -1.6105 0.1563 0.6933
v  -1.5364 0.1572 0.7799
v  -1.6477 0.1563 0.8446
v  -1.5607 0.1572 0.9112
v  -1.4693 0.3110 0.9808
v  -1.4686 0.4588 0.9813
v  -1.4586 0.3110 0.8701
v  -1.4581 0.4588 0.8706
v  -1.4683 0.6357 0.9814
v  -1.4579 0.6357 0.8708
v  -1.4555 0.4588 0.8346
v  -1.4559 0.3110 0.8339
v  -1.4572 0.3110 0.8348
v  -1.4570 0.4588 0.8355
v  -1.4553 0.6357 0.8349
v  -1.4569 0.6357 0.8358
v  -1.4570 0.8126 0.8355
v  -1.4572 0.9604 0.8348
v  -1.4559 0.9604 0.8339
v  -1.4555 0.8126 0.8346
v  -1.4586 0.9604 0.8701
v  -1.4581 0.8126 0.8706
v  -1.4686 0.8126 0.9813
v  -1.4693 0.9604 0.9808
v  -1.5607 1.1142 0.9112
v  -1.6477 1.1151 0.8446
v  -1.5364 1.1142 0.7799
v  -1.6105 1.1151 0.6933
v  -1.7518 1.1155 0.7649
v  -1.6990 1.1155 0.5898
v  -1.5739 1.1151 0.6205
v  -1.5163 1.1142 0.7250
v  -1.4967 1.1142 0.7133
v  -1.5345 1.1151 0.5967
v  -1.6429 1.1155 0.4954
v  -1.5798 1.1155 0.4573
v  -1.6252 1.1151 0.3178
v  -1.6630 1.1142 0.2013
v  -1.7695 1.1142 0.2658
v  -1.7119 1.1151 0.3704
v  -1.8617 1.1142 0.3998
v  -1.7876 1.1151 0.4863
v  -1.8558 1.1151 0.6852
v  -1.9428 1.1142 0.6185
v  -2.0342 0.9604 0.5489
v  -2.0350 0.8126 0.5485
v  -1.9394 0.9604 0.3096
v  -1.9400 0.8126 0.3091
v  -2.0352 0.6357 0.5483
v  -1.9402 0.6357 0.3089
v  -1.8303 0.8126 0.1562
v  -1.8299 0.9604 0.1569
v  -1.7025 0.9604 0.0798
v  -1.7027 0.8126 0.0790
v  -1.8305 0.6357 0.1560
v  -1.7028 0.6357 0.0788
v  -1.7027 0.4588 0.0790
v  -1.7025 0.3110 0.0798
v  -1.8299 0.3110 0.1569
v  -1.8303 0.4588 0.1562
v  -1.9394 0.3110 0.3096
v  -1.9400 0.4588 0.3091
v  -2.0350 0.4588 0.5485
v  -2.0342 0.3110 0.5489
v  -1.5389 0.1572 0.1909
v  -1.5241 0.1563 0.3094
v  -1.3856 0.1572 0.2451
v  -1.3947 0.1563 0.3587
v  -1.5064 0.1560 0.4511
v  -1.4055 0.1560 0.4945
v  -1.2227 0.1563 0.4794
v  -1.1914 0.1572 0.3744
v  -0.9449 0.1572 0.5891
v  -0.9940 0.1563 0.6854
v  -1.2600 0.1560 0.6051
v  -1.0527 0.1560 0.8005
v  -1.1114 0.1563 0.9157
v  -1.1606 0.1572 1.0120
v  -1.3285 0.1572 0.8357
v  -1.2973 0.1563 0.7307
v  -1.4254 0.1572 0.7438
v  -1.4163 0.1563 0.6303
v  -1.4887 0.1563 0.5928
v  -1.4739 0.1572 0.7113
v  -1.4588 0.3110 0.8349
v  -1.4587 0.4588 0.8357
v  -1.4353 0.3110 0.8625
v  -1.4354 0.4588 0.8633
v  -1.4587 0.6357 0.8360
v  -1.4355 0.6357 0.8636
v  -1.3619 0.4588 0.9466
v  -1.3616 0.3110 0.9458
v  -1.2124 0.3110 1.1131
v  -1.2129 0.4588 1.1139
v  -1.3620 0.6357 0.9469
v  -1.2130 0.6357 1.1141
v  -1.2129 0.8126 1.1139
v  -1.2124 0.9604 1.1131
v  -1.3616 0.9604 0.9458
v  -1.3619 0.8126 0.9466
v  -1.4353 0.9604 0.8625
v  -1.4354 0.8126 0.8633
v  -1.4587 0.8126 0.8357
v  -1.4588 0.9604 0.8349
v  -1.4887 1.1151 0.5928
v  -1.4739 1.1142 0.7113
v  -1.4163 1.1151 0.6303
v  -1.4254 1.1142 0.7438
v  -1.5064 1.1155 0.4511
v  -1.4055 1.1155 0.4945
v  -1.1114 1.1151 0.9157
v  -1.2973 1.1151 0.7307
v  -1.3285 1.1142 0.8357
v  -1.1606 1.1142 1.0120
v  -1.0527 1.1155 0.8005
v  -1.2600 1.1155 0.6051
v  -1.2227 1.1151 0.4794
v  -0.9940 1.1151 0.6854
v  -0.9449 1.1142 0.5891
v  -1.1914 1.1142 0.3744
v  -1.3947 1.1151 0.3587
v  -1.3856 1.1142 0.2451
v  -1.5241 1.1151 0.3094
v  -1.5389 1.1142 0.1909
v  -1.5541 0.9604 0.0673
v  -1.5542 0.8126 0.0665
v  -1.3757 0.9604 0.1265
v  -1.3756 0.8126 0.1257
v  -1.5542 0.6357 0.0662
v  -1.3755 0.6357 0.1254
v  -1.1581 0.8126 0.2635
v  -1.1583 0.9604 0.2643
v  -0.8930 0.9604 0.4879
v  -0.8926 0.8126 0.4871
v  -1.1580 0.6357 0.2633
v  -0.8924 0.6357 0.4869
v  -0.8926 0.4588 0.4871
v  -0.8930 0.3110 0.4879
v  -1.1583 0.3110 0.2643
v  -1.1581 0.4588 0.2635
v  -1.3757 0.3110 0.1265
v  -1.3756 0.4588 0.1257
v  -1.5542 0.4588 0.0665
v  -1.5541 0.3110 0.0673
v  -0.6343 0.1572 0.8995
v  -0.6946 0.1563 0.9901
v  -0.2997 0.1572 1.2543
v  -0.3655 0.1563 1.3419
v  -0.7666 0.1560 1.0984
v  -0.4441 0.1560 1.4466
v  -0.0478 0.1563 1.6888
v  0.0188 0.1572 1.6019
v  0.2812 0.1572 1.8909
v  0.2173 0.1563 1.9791
v  -0.1274 0.1560 1.7927
v  0.1409 0.1560 2.0845
v  0.0645 0.1563 2.1900
v  0.0006 0.1572 2.2782
v  -0.2737 0.1572 1.9834
v  -0.2070 0.1563 1.8965
v  -0.5884 0.1572 1.6388
v  -0.5227 0.1563 1.5512
v  -0.8387 0.1563 1.2067
v  -0.8990 0.1572 1.2973
v  -0.9625 0.3110 1.3926
v  -0.9631 0.4588 1.3934
v  -0.6577 0.3110 1.7310
v  -0.6583 0.4588 1.7318
v  -0.9632 0.6357 1.3936
v  -0.6585 0.6357 1.7320
v  -0.3444 0.4588 2.0757
v  -0.3439 0.3110 2.0750
v  -0.0667 0.3110 2.3712
v  -0.0673 0.4588 2.3719
v  -0.3446 0.6357 2.0760
v  -0.0675 0.6357 2.3722
v  -0.0673 0.8126 2.3719
v  -0.0667 0.9604 2.3712
v  -0.3439 0.9604 2.0750
v  -0.3444 0.8126 2.0757
v  -0.6577 0.9604 1.7310
v  -0.6583 0.8126 1.7318
v  -0.9631 0.8126 1.3934
v  -0.9625 0.9604 1.3926
v  -0.8387 1.1151 1.2067
v  -0.8990 1.1142 1.2973
v  -0.5227 1.1151 1.5512
v  -0.5884 1.1142 1.6388
v  -0.7666 1.1155 1.0984
v  -0.4441 1.1155 1.4466
v  0.0645 1.1151 2.1900
v  -0.2070 1.1151 1.8965
v  -0.2737 1.1142 1.9834
v  0.0006 1.1142 2.2782
v  0.1409 1.1155 2.0845
v  -0.1274 1.1155 1.7927
v  -0.0478 1.1151 1.6888
v  0.2173 1.1151 1.9791
v  0.2812 1.1142 1.8909
v  0.0188 1.1142 1.6019
v  -0.3655 1.1151 1.3419
v  -0.2997 1.1142 1.2543
v  -0.6946 1.1151 0.9901
v  -0.6343 1.1142 0.8995
v  -0.5707 0.9604 0.8042
v  -0.5702 0.8126 0.8034
v  -0.2304 0.9604 1.1621
v  -0.2298 0.8126 1.1613
v  -0.5700 0.6357 0.8032
v  -0.2297 0.6357 1.1611
v  0.0896 0.8126 1.5096
v  0.0890 0.9604 1.5103
v  0.3486 0.9604 1.7979
v  0.3492 0.8126 1.7971
v  0.0898 0.6357 1.5094
v  0.3493 0.6357 1.7969
v  0.3492 0.4588 1.7971
v  0.3486 0.3110 1.7979
v  0.0890 0.3110 1.5103
v  0.0896 0.4588 1.5096
v  -0.2304 0.3110 1.1621
v  -0.2298 0.4588 1.1613
v  -0.5702 0.4588 0.8034
v  -0.5707 0.3110 0.8042
v  0.4475 0.1572 2.0696
v  0.3888 0.1563 2.1608
v  0.5420 0.1572 2.1651
v  0.4904 0.1563 2.2602
v  0.3186 0.1560 2.2699
v  0.4288 0.1560 2.3740
v  0.5458 0.1563 2.3033
v  0.5888 0.1572 2.2040
v  0.6123 0.1572 2.2132
v  0.5788 0.1563 2.3163
v  0.4944 0.1560 2.4221
v  0.5388 0.1560 2.4395
v  0.4988 0.1563 2.5627
v  0.4653 0.1572 2.6658
v  0.4001 0.1572 2.6402
v  0.4431 0.1563 2.5408
v  0.3155 0.1572 2.5828
v  0.3671 0.1563 2.4877
v  0.2484 0.1563 2.3789
v  0.1897 0.1572 2.4701
v  0.1278 0.3110 2.5662
v  0.1273 0.4588 2.5670
v  0.2612 0.3110 2.6831
v  0.2608 0.4588 2.6839
v  0.1272 0.6357 2.5672
v  0.2606 0.6357 2.6842
v  0.3544 0.4588 2.7457
v  0.3548 0.3110 2.7448
v  0.4300 0.3110 2.7744
v  0.4297 0.4588 2.7752
v  0.3543 0.6357 2.7460
v  0.4296 0.6357 2.7755
v  0.4297 0.8126 2.7752
v  0.4300 0.9604 2.7744
v  0.3548 0.9604 2.7448
v  0.3544 0.8126 2.7457
v  0.2612 0.9604 2.6831
v  0.2608 0.8126 2.6839
v  0.1273 0.8126 2.5670
v  0.1278 0.9604 2.5662
v  0.2484 1.1151 2.3789
v  0.1897 1.1142 2.4701
v  0.3671 1.1151 2.4877
v  0.3155 1.1142 2.5828
v  0.3186 1.1155 2.2699
v  0.4288 1.1155 2.3740
v  0.4988 1.1151 2.5627
v  0.4431 1.1151 2.5408
v  0.4001 1.1142 2.6402
v  0.4653 1.1142 2.6658
v  0.5388 1.1155 2.4395
v  0.4944 1.1155 2.4221
v  0.5458 1.1151 2.3033
v  0.5788 1.1151 2.3163
v  0.6123 1.1142 2.2132
v  0.5888 1.1142 2.2040
v  0.4904 1.1151 2.2602
v  0.5420 1.1142 2.1651
v  0.3888 1.1151 2.1608
v  0.4475 1.1142 2.0696
v  0.5094 0.9604 1.9735
v  0.5099 0.8126 1.9727
v  0.5963 0.9604 2.0648
v  0.5968 0.8126 2.0640
v  0.5101 0.6357 1.9725
v  0.5969 0.6357 2.0637
v  0.6345 0.8126 2.0985
v  0.6341 0.9604 2.0993
v  0.6476 0.9604 2.1046
v  0.6479 0.8126 2.1037
v  0.6346 0.6357 2.0982
v  0.6480 0.6357 2.1034
v  0.6479 0.4588 2.1037
v  0.6476 0.3110 2.1046
v  0.6341 0.3110 2.0993
v  0.6345 0.4588 2.0985
v  0.5963 0.3110 2.0648
v  0.5968 0.4588 2.0640
v  0.5099 0.4588 1.9727
v  0.5094 0.3110 1.9735
v  0.6131 0.1563 2.3252
v  0.6368 0.1572 2.2195
v  0.6833 0.1563 2.3229
v  0.6975 0.1572 2.2156
v  0.5849 0.1560 2.4515
v  0.6663 0.1560 2.4511
v  1.0695 0.1563 2.2559
v  0.8239 0.1563 2.3022
v  0.8300 0.1572 2.1939
v  1.0696 0.1572 2.1470
v  1.0693 0.1560 2.3862
v  0.8166 0.1560 2.4317
v  0.8093 0.1563 2.5611
v  1.0691 0.1563 2.5164
v  1.0690 0.1572 2.6253
v  0.8032 0.1572 2.6694
v  0.6493 0.1563 2.5794
v  0.6351 0.1572 2.6867
v  0.5567 0.1563 2.5777
v  0.5331 0.1572 2.6834
v  0.5082 0.3110 2.7947
v  0.5080 0.4588 2.7956
v  0.6202 0.3110 2.7997
v  0.6201 0.4588 2.8007
v  0.5079 0.6357 2.7959
v  0.6200 0.6357 2.8010
v  0.7967 0.4588 2.7845
v  0.7968 0.3110 2.7836
v  1.0688 0.3110 2.7401
v  1.0688 0.4588 2.7411
v  0.7967 0.6357 2.7848
v  1.0688 0.6357 2.7414
v  1.0688 0.8126 2.7411
v  1.0688 0.9604 2.7401
v  0.7968 0.9604 2.7836
v  0.7967 0.8126 2.7845
v  0.6202 0.9604 2.7997
v  0.6201 0.8126 2.8007
v  0.5080 0.8126 2.7956
v  0.5082 0.9604 2.7947
v  0.5331 1.1142 2.6834
v  0.5567 1.1151 2.5777
v  0.6351 1.1142 2.6867
v  0.6493 1.1151 2.5794
v  0.5849 1.1155 2.4515
v  0.6663 1.1155 2.4511
v  0.8093 1.1151 2.5611
v  0.8032 1.1142 2.6694
v  1.0690 1.1142 2.6253
v  1.0691 1.1151 2.5164
v  0.8166 1.1155 2.4317
v  1.0693 1.1155 2.3862
v  1.0695 1.1151 2.2559
v  1.0696 1.1142 2.1470
v  0.8300 1.1142 2.1939
v  0.8239 1.1151 2.3022
v  0.6975 1.1142 2.2156
v  0.6833 1.1151 2.3229
v  0.6131 1.1151 2.3252
v  0.6368 1.1142 2.2195
v  0.6616 0.9604 2.1082
v  0.6618 0.8126 2.1074
v  0.7125 0.9604 2.1025
v  0.7126 0.8126 2.1016
v  0.6619 0.6357 2.1071
v  0.7126 0.6357 2.1013
v  0.8365 0.8126 2.0788
v  0.8364 0.9604 2.0798
v  1.0698 0.9604 2.0322
v  1.0698 0.8126 2.0313
v  0.8365 0.6357 2.0785
v  1.0698 0.6357 2.0310
v  1.0698 0.4588 2.0313
v  1.0698 0.3110 2.0322
v  0.8364 0.3110 2.0798
v  0.8365 0.4588 2.0788
v  0.7125 0.3110 2.1025
v  0.7126 0.4588 2.1016
v  0.6618 0.4588 2.1074
v  0.6616 0.3110 2.1082
v  1.4546 0.1563 2.1770
v  1.4518 0.1572 2.0675
v  1.9155 0.1563 2.0830
v  1.9138 0.1572 1.9735
v  1.4580 0.1560 2.3078
v  1.9176 0.1560 2.2139
v  2.8099 0.1563 1.9213
v  2.3885 0.1563 1.9919
v  2.3930 0.1572 1.8832
v  2.8268 0.1572 1.8145
v  2.7897 0.1560 2.0490
v  2.3832 0.1560 2.1218
v  2.3778 0.1563 2.2518
v  2.7695 0.1563 2.1767
v  2.7527 0.1572 2.2834
v  2.3733 0.1572 2.3605
v  1.9196 0.1563 2.3448
v  1.9214 0.1572 2.4543
v  1.4613 0.1563 2.4386
v  1.4641 0.1572 2.5481
v  1.4671 0.3110 2.6634
v  1.4671 0.4588 2.6644
v  1.9232 0.3110 2.5696
v  1.9232 0.4588 2.5706
v  1.4671 0.6357 2.6647
v  1.9232 0.6357 2.5709
v  2.3687 0.4588 2.4759
v  2.3687 0.3110 2.4750
v  2.7352 0.3110 2.3958
v  2.7351 0.4588 2.3967
v  2.3687 0.6357 2.4762
v  2.7350 0.6357 2.3969
v  2.7351 0.8126 2.3967
v  2.7352 0.9604 2.3958
v  2.3687 0.9604 2.4750
v  2.3687 0.8126 2.4759
v  1.9232 0.9604 2.5696
v  1.9232 0.8126 2.5706
v  1.4671 0.8126 2.6644
v  1.4671 0.9604 2.6634
v  1.4641 1.1142 2.5481
v  1.4613 1.1151 2.4386
v  1.9214 1.1142 2.4543
v  1.9196 1.1151 2.3448
v  1.4580 1.1155 2.3078
v  1.9176 1.1155 2.2139
v  2.3778 1.1151 2.2518
v  2.3733 1.1142 2.3605
v  2.7527 1.1142 2.2834
v  2.7695 1.1151 2.1767
v  2.3832 1.1155 2.1218
v  2.7897 1.1155 2.0490
v  2.8099 1.1151 1.9213
v  2.8268 1.1142 1.8145
v  2.3930 1.1142 1.8832
v  2.3885 1.1151 1.9919
v  1.9138 1.1142 1.9735
v  1.9155 1.1151 2.0830
v  1.4546 1.1151 2.1770
v  1.4518 1.1142 2.0675
v  1.4488 0.9604 1.9522
v  1.4488 0.8126 1.9512
v  1.9119 0.9604 1.8581
v  1.9119 0.8126 1.8572
v  1.4488 0.6357 1.9509
v  1.9119 0.6357 1.8569
v  2.3976 0.8126 1.7678
v  2.3976 0.9604 1.7687
v  2.8443 0.9604 1.7022
v  2.8444 0.8126 1.7013
v  2.3976 0.6357 1.7674
v  2.8444 0.6357 1.7010
v  2.8444 0.4588 1.7013
v  2.8443 0.3110 1.7022
v  2.3976 0.3110 1.7687
v  2.3976 0.4588 1.7678
v  1.9119 0.3110 1.8581
v  1.9119 0.4588 1.8572
v  1.4488 0.4588 1.9512
v  1.4488 0.3110 1.9522
v  3.1159 0.1563 1.8891
v  3.1524 0.1572 1.7858
v  3.3261 0.1563 1.8925
v  3.3855 0.1572 1.7954
v  3.0723 0.1560 2.0127
v  3.2550 0.1560 2.0088
v  3.5366 0.1563 1.9950
v  3.4598 0.1563 1.9287
v  3.5414 0.1572 1.8416
v  3.6357 0.1572 1.9229
v  3.4179 0.1560 2.0812
v  3.3622 0.1560 2.0330
v  3.2645 0.1563 2.1372
v  3.2993 0.1563 2.1673
v  3.2001 0.1572 2.2394
v  3.1829 0.1572 2.2244
v  3.1840 0.1563 2.1250
v  3.1246 0.1572 2.2222
v  3.0286 0.1563 2.1363
v  2.9921 0.1572 2.2396
v  2.9542 0.3110 2.3481
v  2.9540 0.4588 2.3489
v  3.0628 0.3110 2.3240
v  3.0624 0.4588 2.3247
v  2.9539 0.6357 2.3492
v  3.0623 0.6357 2.3250
v  3.0975 0.4588 2.3161
v  3.0980 0.3110 2.3154
v  3.0968 0.3110 2.3145
v  3.0961 0.4588 2.3149
v  3.0973 0.6357 2.3163
v  3.0959 0.6357 2.3151
v  3.0961 0.8126 2.3149
v  3.0968 0.9604 2.3145
v  3.0980 0.9604 2.3154
v  3.0975 0.8126 2.3161
v  3.0628 0.9604 2.3240
v  3.0624 0.8126 2.3247
v  2.9540 0.8126 2.3489
v  2.9542 0.9604 2.3481
v  2.9921 1.1142 2.2396
v  3.0286 1.1151 2.1363
v  3.1246 1.1142 2.2222
v  3.1840 1.1151 2.1250
v  3.0723 1.1155 2.0127
v  3.2550 1.1155 2.0088
v  3.2645 1.1151 2.1372
v  3.1829 1.1142 2.2244
v  3.2001 1.1142 2.2394
v  3.2993 1.1151 2.1673
v  3.3622 1.1155 2.0330
v  3.4179 1.1155 2.0812
v  3.5366 1.1151 1.9950
v  3.6357 1.1142 1.9229
v  3.5414 1.1142 1.8416
v  3.4598 1.1151 1.9287
v  3.3855 1.1142 1.7954
v  3.3261 1.1151 1.8925
v  3.1159 1.1151 1.8891
v  3.1524 1.1142 1.7858
v  3.1903 0.9604 1.6773
v  3.1906 0.8126 1.6765
v  3.4472 0.9604 1.6936
v  3.4476 0.8126 1.6928
v  3.1906 0.6357 1.6762
v  3.4477 0.6357 1.6926
v  3.6268 0.8126 1.7499
v  3.6263 0.9604 1.7505
v  3.7390 0.9604 1.8479
v  3.7397 0.8126 1.8474
v  3.6270 0.6357 1.7497
v  3.7399 0.6357 1.8472
v  3.7397 0.4588 1.8474
v  3.7390 0.3110 1.8479
v  3.6263 0.3110 1.7505
v  3.6268 0.4588 1.7499
v  3.4472 0.3110 1.6936
v  3.4476 0.4588 1.6928
v  3.1906 0.4588 1.6765
v  3.1903 0.3110 1.6773
v  3.6839 0.1572 2.0378
v  3.5758 0.1563 2.0884
v  3.6797 0.1572 2.2003
v  3.5689 0.1563 2.2268
v  3.4465 0.1560 2.1491
v  3.4364 0.1560 2.2585
v  3.5072 0.1563 2.4277
v  3.6168 0.1572 2.4249
v  3.4888 0.1572 2.7258
v  3.3820 0.1563 2.7088
v  3.3762 0.1560 2.4310
v  3.2544 0.1560 2.6885
v  3.1267 0.1563 2.6683
v  3.0200 0.1572 2.6513
v  3.1357 0.1572 2.4371
v  3.2452 0.1563 2.4344
v  3.1931 0.1572 2.3166
v  3.3039 0.1563 2.2901
v  3.3172 0.1563 2.2097
v  3.2091 0.1572 2.2604
v  3.0962 0.3110 2.3130
v  3.0955 0.4588 2.3133
v  3.0772 0.3110 2.3438
v  3.0764 0.4588 2.3440
v  3.0952 0.6357 2.3134
v  3.0761 0.6357 2.3440
v  3.0199 0.4588 2.4396
v  3.0207 0.3110 2.4397
v  2.9077 0.3110 2.6333
v  2.9069 0.4588 2.6331
v  3.0196 0.6357 2.4396
v  2.9066 0.6357 2.6330
v  2.9069 0.8126 2.6331
v  2.9077 0.9604 2.6333
v  3.0207 0.9604 2.4397
v  3.0199 0.8126 2.4396
v  3.0772 0.9604 2.3438
v  3.0764 0.8126 2.3440
v  3.0955 0.8126 2.3133
v  3.0962 0.9604 2.3130
v  3.3172 1.1151 2.2097
v  3.2091 1.1142 2.2604
v  3.3039 1.1151 2.2901
v  3.1931 1.1142 2.3166
v  3.4465 1.1155 2.1491
v  3.4364 1.1155 2.2585
v  3.1267 1.1151 2.6683
v  3.2452 1.1151 2.4344
v  3.1357 1.1142 2.4371
v  3.0200 1.1142 2.6513
v  3.2544 1.1155 2.6885
v  3.3762 1.1155 2.4310
v  3.5072 1.1151 2.4277
v  3.3820 1.1151 2.7088
v  3.4888 1.1142 2.7258
v  3.6168 1.1142 2.4249
v  3.5689 1.1151 2.2268
v  3.6797 1.1142 2.2003
v  3.5758 1.1151 2.0884
v  3.6839 1.1142 2.0378
v  3.7968 0.9604 1.9851
v  3.7975 0.8126 1.9848
v  3.7956 0.9604 2.1731
v  3.7964 0.8126 2.1729
v  3.7978 0.6357 1.9847
v  3.7967 0.6357 2.1729
v  3.7325 0.8126 2.4224
v  3.7317 0.9604 2.4224
v  3.6010 0.9604 2.7438
v  3.6019 0.8126 2.7440
v  3.7328 0.6357 2.4224
v  3.6022 0.6357 2.7441
v  3.6019 0.4588 2.7440
v  3.6010 0.3110 2.7438
v  3.7317 0.3110 2.4224
v  3.7325 0.4588 2.4224
v  3.7956 0.3110 2.1731
v  3.7964 0.4588 2.1729
v  3.7975 0.4588 1.9848
v  3.7968 0.3110 1.9851
v  3.2895 0.1572 3.1171
v  3.1847 0.1563 3.0878
v  3.0555 0.1572 3.5449
v  2.9519 0.1563 3.5095
v  3.0595 0.1560 3.0527
v  2.8280 0.1560 3.4670
v  2.7201 0.1563 3.9188
v  2.8233 0.1572 3.9553
v  2.5967 0.1560 3.8752
v  2.3701 0.1572 3.7950
v  2.4733 0.1563 3.8315
v  2.6006 0.1572 3.3892
v  2.7042 0.1563 3.4246
v  2.9342 0.1563 3.0176
v  2.8294 0.1572 2.9883
v  2.7191 0.3110 2.9573
v  2.7182 0.4588 2.9570
v  2.4914 0.3110 3.3517
v  2.4906 0.4588 3.3514
v  2.7179 0.6357 2.9569
v  2.4903 0.6357 3.3513
v  2.2604 0.4588 3.7562
v  2.2613 0.3110 3.7565
v  2.2602 0.6357 3.7561
v  2.2613 0.9604 3.7565
v  2.2604 0.8126 3.7562
v  2.4914 0.9604 3.3517
v  2.4906 0.8126 3.3514
v  2.7182 0.8126 2.9570
v  2.7191 0.9604 2.9573
v  2.9342 1.1151 3.0176
v  2.8294 1.1142 2.9883
v  2.7042 1.1151 3.4246
v  2.6006 1.1142 3.3892
v  3.0595 1.1155 3.0527
v  2.8280 1.1155 3.4670
v  2.4733 1.1151 3.8315
v  2.3701 1.1142 3.7950
v  2.5967 1.1155 3.8752
v  2.7201 1.1151 3.9188
v  2.8233 1.1142 3.9553
v  2.9519 1.1151 3.5095
v  3.0555 1.1142 3.5449
v  3.1847 1.1151 3.0878
v  3.2895 1.1142 3.1171
v  3.3998 0.9604 3.1481
v  3.4007 0.8126 3.1484
v  3.1646 0.9604 3.5823
v  3.1655 0.8126 3.5827
v  3.4010 0.6357 3.1484
v  3.1658 0.6357 3.5828
v  2.9330 0.8126 3.9941
v  2.9321 0.9604 3.9938
v  2.9333 0.6357 3.9942
v  2.9321 0.3110 3.9938
v  2.9330 0.4588 3.9941
v  3.1646 0.3110 3.5823
v  3.1655 0.4588 3.5827
v  3.4007 0.4588 3.1484
v  3.3998 0.3110 3.1481
v  2.5749 0.1588 4.5244
v  2.6927 0.1588 4.3146
v  2.6079 0.1753 4.5331
v  2.7253 0.1753 4.3251
v  2.5142 0.1588 4.6388
v  2.5477 0.1753 4.6450
v  2.6200 0.2213 4.5363
v  2.7374 0.2213 4.3290
v  2.5601 0.2213 4.6473
v  2.5380 0.2213 4.7086
v  2.5389 0.2213 4.6940
v  2.5254 0.1753 4.7086
v  2.5264 0.1753 4.6928
v  2.4925 0.1588 4.6896
v  2.4914 0.1588 4.7086
v  1.8881 0.1588 4.6325
v  1.8835 0.1588 4.7086
v  1.8542 0.1753 4.6293
v  1.8494 0.1753 4.7086
v  1.9173 0.1588 4.5286
v  1.8838 0.1753 4.5225
v  1.8417 0.2213 4.6281
v  1.8368 0.2213 4.7086
v  1.8715 0.2213 4.5202
v  2.0668 0.2213 4.1121
v  1.9414 0.2213 4.3573
v  1.9536 0.1753 4.3605
v  2.0788 0.1753 4.1160
v  1.9866 0.1588 4.3692
v  2.1114 0.1588 4.1265
v  1.8368 1.0501 4.7086
v  1.8417 1.0501 4.6281
v  1.8494 1.0961 4.7086
v  1.8542 1.0961 4.6293
v  1.8715 1.0501 4.5202
v  1.8838 1.0961 4.5225
v  1.8881 1.1126 4.6325
v  1.8835 1.1126 4.7086
v  1.9173 1.1126 4.5286
v  2.1114 1.1126 4.1265
v  1.9866 1.1126 4.3692
v  2.0788 1.0961 4.1160
v  1.9536 1.0961 4.3605
v  1.9414 1.0501 4.3573
v  2.0668 1.0501 4.1121
v  2.4914 1.1126 4.7086
v  2.4925 1.1126 4.6896
v  2.5254 1.0961 4.7086
v  2.5264 1.0961 4.6928
v  2.5142 1.1126 4.6388
v  2.5477 1.0961 4.6450
v  2.5389 1.0501 4.6940
v  2.5380 1.0501 4.7086
v  2.5601 1.0501 4.6473
v  2.7374 1.0501 4.3290
v  2.6200 1.0501 4.5363
v  2.7253 1.0961 4.3251
v  2.6079 1.0961 4.5331
v  2.5749 1.1126 4.5244
v  2.6927 1.1126 4.3146
v  2.4925 0.1588 4.7276
v  2.5264 0.1753 4.7244
v  2.5142 0.1588 4.7784
v  2.5477 0.1753 4.7723
v  2.5389 0.2213 4.7232
v  2.5601 0.2213 4.7700
v  2.7374 0.2213 5.0882
v  2.6200 0.2213 4.8809
v  2.7253 0.1753 5.0921
v  2.6079 0.1753 4.8842
v  2.5749 0.1588 4.8929
v  2.6927 0.1588 5.1027
v  2.1114 0.1588 5.2907
v  1.9866 0.1588 5.0480
v  2.0788 0.1753 5.3013
v  1.9536 0.1753 5.0567
v  1.9173 0.1588 4.8886
v  1.8838 0.1753 4.8948
v  1.9414 0.2213 5.0599
v  2.0668 0.2213 5.3052
v  1.8715 0.2213 4.8971
v  1.8417 0.2213 4.7891
v  1.8542 0.1753 4.7880
v  1.8881 0.1588 4.7847
v  2.0668 1.0501 5.3052
v  1.9414 1.0501 5.0599
v  1.9536 1.0961 5.0567
v  2.0788 1.0961 5.3013
v  1.8715 1.0501 4.8971
v  1.8838 1.0961 4.8948
v  1.9866 1.1126 5.0480
v  2.1114 1.1126 5.2907
v  1.9173 1.1126 4.8886
v  1.8881 1.1126 4.7847
v  1.8542 1.0961 4.7880
v  1.8417 1.0501 4.7891
v  2.5749 1.1126 4.8929
v  2.6927 1.1126 5.1027
v  2.6079 1.0961 4.8842
v  2.7253 1.0961 5.0921
v  2.5142 1.1126 4.7784
v  2.5477 1.0961 4.7723
v  2.6200 1.0501 4.8809
v  2.7374 1.0501 5.0882
v  2.5601 1.0501 4.7700
v  2.5389 1.0501 4.7232
v  2.5264 1.0961 4.7244
v  2.4925 1.1126 4.7276
v  2.8862 0.1588 5.4397
v  2.9186 0.1753 5.4283
v  3.1186 0.1588 5.8507
v  3.1511 0.1753 5.8396
v  2.9306 0.2213 5.4240
v  3.1632 0.2213 5.8354
v  3.5996 0.2213 6.6737
v  3.3984 0.2213 6.2696
v  3.5873 0.1753 6.6758
v  3.3862 0.1753 6.2730
v  3.3533 0.1588 6.2823
v  3.5538 0.1588 6.6811
v  2.9550 0.1588 6.7763
v  2.7656 0.1588 6.4469
v  2.9215 0.1753 6.7817
v  2.7327 0.1753 6.4561
v  2.5375 0.1588 6.0497
v  2.5049 0.1753 6.0609
v  2.7206 0.2213 6.4595
v  2.9092 0.2213 6.7837
v  2.4929 0.2213 6.0650
v  2.2628 0.2213 5.6602
v  2.2748 0.1753 5.6560
v  2.3072 0.1588 5.6445
v  2.9092 1.0501 6.7837
v  2.7206 1.0501 6.4595
v  2.7327 1.0961 6.4561
v  2.9215 1.0961 6.7817
v  2.4929 1.0501 6.0650
v  2.5049 1.0961 6.0609
v  2.7656 1.1126 6.4469
v  2.9550 1.1126 6.7763
v  2.5375 1.1126 6.0497
v  2.3072 1.1126 5.6445
v  2.2748 1.0961 5.6560
v  2.2628 1.0501 5.6602
v  3.3533 1.1126 6.2823
v  3.5538 1.1126 6.6811
v  3.3862 1.0961 6.2730
v  3.5873 1.0961 6.6758
v  3.1186 1.1126 5.8507
v  3.1511 1.0961 5.8396
v  3.3984 1.0501 6.2696
v  3.5996 1.0501 6.6737
v  3.1632 1.0501 5.8354
v  2.9306 1.0501 5.4240
v  2.9186 1.0961 5.4283
v  2.8862 1.1126 5.4397
v  3.6834 0.1588 6.9940
v  3.7177 0.1753 6.9947
v  3.7470 0.1588 7.2329
v  3.7816 0.1753 7.2411
v  3.7303 0.2213 6.9949
v  3.7943 0.2213 7.2440
v  3.7379 0.2213 7.5686
v  3.7955 0.2213 7.4316
v  3.7268 0.1753 7.5605
v  3.7833 0.1753 7.4260
v  3.7496 0.1588 7.4102
v  3.6959 0.1588 7.5381
v  3.1399 0.1588 7.1342
v  3.1434 0.1588 7.1262
v  3.1091 0.1753 7.1117
v  3.1097 0.1753 7.1104
v  3.1258 0.1588 7.0847
v  3.0912 0.1753 7.0765
v  3.0975 0.2213 7.1048
v  3.0979 0.2213 7.1036
v  3.0786 0.2213 7.0737
v  3.0222 0.2213 6.9775
v  3.0347 0.1753 6.9777
v  3.0690 0.1588 6.9785
v  3.0979 1.0501 7.1036
v  3.0975 1.0501 7.1048
v  3.1097 1.0961 7.1104
v  3.0786 1.0501 7.0737
v  3.0912 1.0961 7.0765
v  3.1434 1.1126 7.1262
v  3.1399 1.1126 7.1342
v  3.1258 1.1126 7.0847
v  3.1091 1.0961 7.1117
v  3.0690 1.1126 6.9785
v  3.0347 1.0961 6.9777
v  3.0222 1.0501 6.9775
v  3.7496 1.1126 7.4102
v  3.6959 1.1126 7.5381
v  3.7833 1.0961 7.4260
v  3.7268 1.0961 7.5605
v  3.7470 1.1126 7.2329
v  3.7816 1.0961 7.2411
v  3.7955 1.0501 7.4316
v  3.7379 1.0501 7.5686
v  3.7943 1.0501 7.2440
v  3.7303 1.0501 6.9949
v  3.7177 1.0961 6.9947
v  3.6834 1.1126 6.9940
v  3.5909 0.1588 7.6286
v  3.6163 0.1753 7.6558
v  3.4215 0.1588 7.6810
v  3.4399 0.1753 7.7114
v  3.6254 0.2213 7.6657
v  3.4466 0.2213 7.7225
v  2.8441 0.2213 7.7136
v  3.1900 0.2213 7.7386
v  3.1859 0.1753 7.7267
v  2.8422 0.1753 7.7012
v  3.1746 0.1588 7.6943
v  2.8370 0.1588 7.6677
v  2.9700 0.1588 7.1148
v  2.7425 0.1588 7.0688
v  2.9587 0.1753 7.0824
v  2.7372 0.1753 7.0353
v  3.0885 0.1588 7.1360
v  3.0701 0.1753 7.1056
v  2.9546 0.2213 7.0705
v  2.7353 0.2213 7.0230
v  3.0634 0.2213 7.0945
v  3.0989 0.2213 7.1029
v  3.1080 0.1753 7.1128
v  3.1334 0.1588 7.1399
v  2.7353 1.0501 7.0230
v  2.9546 1.0501 7.0705
v  2.7372 1.0961 7.0353
v  2.9587 1.0961 7.0824
v  3.0634 1.0501 7.0945
v  3.0701 1.0961 7.1056
v  2.9700 1.1126 7.1148
v  2.7425 1.1126 7.0688
v  3.0885 1.1126 7.1360
v  3.1334 1.1126 7.1399
v  3.1080 1.0961 7.1128
v  3.0989 1.0501 7.1029
v  2.8370 1.1126 7.6677
v  3.1746 1.1126 7.6943
v  2.8422 1.0961 7.7012
v  3.1859 1.0961 7.7267
v  3.4215 1.1126 7.6810
v  3.4399 1.0961 7.7114
v  3.1900 1.0501 7.7386
v  2.8441 1.0501 7.7136
v  3.4466 1.0501 7.7225
v  3.6254 1.0501 7.6657
v  3.6163 1.0961 7.6558
v  3.5909 1.1126 7.6286
v  2.3957 0.1588 7.6003
v  2.3971 0.1753 7.6345
v  1.9127 0.1588 7.5104
v  1.9122 0.1753 7.5449
v  2.3976 0.2213 7.6471
v  1.9120 0.2213 7.5576
v  1.0698 0.2213 7.3835
v  1.4488 0.2213 7.4636
v  1.4492 0.1753 7.4508
v  1.0698 0.1753 7.3709
v  1.4501 0.1588 7.4164
v  1.0697 0.1588 7.3366
v  1.4659 0.1588 6.8025
v  1.0689 0.1588 6.7256
v  1.4667 0.1753 6.7681
v  1.0688 0.1753 6.6913
v  1.9224 0.1588 6.8963
v  1.9230 0.1753 6.8619
v  1.4671 0.2213 6.7554
v  1.0688 0.2213 6.6787
v  1.9232 0.2213 6.8492
v  2.3687 0.2213 6.9438
v  2.3692 0.1753 6.9564
v  2.3706 0.1588 6.9905
v  1.0688 1.0501 6.6787
v  1.4671 1.0501 6.7554
v  1.0688 1.0961 6.6913
v  1.4667 1.0961 6.7681
v  1.9232 1.0501 6.8492
v  1.9230 1.0961 6.8619
v  1.4659 1.1126 6.8025
v  1.0689 1.1126 6.7256
v  1.9224 1.1126 6.8963
v  2.3706 1.1126 6.9905
v  2.3692 1.0961 6.9564
v  2.3687 1.0501 6.9438
v  1.0697 1.1126 7.3366
v  1.4501 1.1126 7.4164
v  1.0698 1.0961 7.3709
v  1.4492 1.0961 7.4508
v  1.9127 1.1126 7.5104
v  1.9122 1.0961 7.5449
v  1.4488 1.0501 7.4636
v  1.0698 1.0501 7.3835
v  1.9120 1.0501 7.5576
v  2.3976 1.0501 7.6471
v  2.3971 1.0961 7.6345
v  2.3957 1.1126 7.6003
v  0.8337 0.1588 7.2893
v  0.8356 0.1753 7.3234
v  0.7062 0.1588 7.2670
v  0.7106 0.1753 7.3008
v  0.8364 0.2213 7.3360
v  0.7123 0.2213 7.3132
v  0.6471 0.2213 7.3112
v  0.6613 0.2213 7.3075
v  0.6432 0.1753 7.2993
v  0.6586 0.1753 7.2953
v  0.6511 0.1588 7.2621
v  0.6327 0.1588 7.2668
v  0.5187 0.1588 6.6696
v  0.4449 0.1588 6.6887
v  0.5112 0.1753 6.6364
v  0.4343 0.1753 6.6563
v  0.6265 0.1588 6.6652
v  0.6220 0.1753 6.6315
v  0.5085 0.2213 6.6241
v  0.4305 0.2213 6.6444
v  0.6204 0.2213 6.6190
v  0.7969 0.2213 6.6352
v  0.7976 0.1753 6.6478
v  0.7995 0.1588 6.6819
v  0.4305 1.0501 6.6444
v  0.5085 1.0501 6.6241
v  0.4343 1.0961 6.6563
v  0.5112 1.0961 6.6364
v  0.6204 1.0501 6.6190
v  0.6220 1.0961 6.6315
v  0.5187 1.1126 6.6696
v  0.4449 1.1126 6.6887
v  0.6265 1.1126 6.6652
v  0.7995 1.1126 6.6819
v  0.7976 1.0961 6.6478
v  0.7969 1.0501 6.6352
v  0.6327 1.1126 7.2668
v  0.6511 1.1126 7.2621
v  0.6432 1.0961 7.2993
v  0.6586 1.0961 7.2953
v  0.7062 1.1126 7.2670
v  0.7106 1.0961 7.3008
v  0.6613 1.0501 7.3075
v  0.6471 1.0501 7.3112
v  0.7123 1.0501 7.3132
v  0.8364 1.0501 7.3360
v  0.8356 1.0961 7.3234
v  0.8337 1.1126 7.2893
v  0.6150 0.1588 7.2738
v  0.6285 0.1753 7.3050
v  0.5734 0.1588 7.3102
v  0.5896 0.1753 7.3401
v  0.6335 0.2213 7.3166
v  0.5956 0.2213 7.3511
v  0.3477 0.2213 7.6181
v  0.5086 0.2213 7.4425
v  0.3403 0.1753 7.6079
v  0.5018 0.1753 7.4319
v  0.4833 0.1588 7.4032
v  0.3202 0.1588 7.5802
v  -0.0383 0.1588 7.0854
v  0.1539 0.1588 6.8916
v  -0.0584 0.1753 7.0576
v  0.1355 0.1753 6.8630
v  0.2841 0.1588 6.7765
v  0.2679 0.1753 6.7466
v  0.1287 0.2213 6.8524
v  -0.0658 0.2213 7.0474
v  0.2619 0.2213 6.7355
v  0.3554 0.2213 6.6738
v  0.3604 0.1753 6.6854
v  0.3739 0.1588 6.7166
v  -0.0658 1.0501 7.0474
v  0.1287 1.0501 6.8524
v  0.1355 1.0961 6.8630
v  -0.0584 1.0961 7.0576
v  0.2619 1.0501 6.7355
v  0.2679 1.0961 6.7466
v  0.1539 1.1126 6.8916
v  -0.0383 1.1126 7.0854
v  0.2841 1.1126 6.7765
v  0.3739 1.1126 6.7166
v  0.3604 1.0961 6.6854
v  0.3554 1.0501 6.6738
v  0.4833 1.1126 7.4032
v  0.3202 1.1126 7.5802
v  0.5018 1.0961 7.4319
v  0.3403 1.0961 7.6079
v  0.5734 1.1126 7.3102
v  0.5896 1.0961 7.3401
v  0.5086 1.0501 7.4425
v  0.3477 1.0501 7.6181
v  0.5956 1.0501 7.3511
v  0.6335 1.0501 7.3166
v  0.6285 1.0961 7.3050
v  0.6150 1.1126 7.2738
v  0.0594 0.1588 7.8683
v  0.0803 0.1753 7.8956
v  -0.2597 0.1588 8.2163
v  -0.2390 0.1753 8.2438
v  0.0881 0.2213 7.9057
v  -0.2313 0.2213 8.2540
v  -0.8937 0.2213 8.9281
v  -0.5716 0.2213 8.6118
v  -0.8995 0.1753 8.9170
v  -0.5786 0.1753 8.6013
v  -0.5976 0.1588 8.5729
v  -0.9149 0.1588 8.8868
v  -1.1905 0.1588 8.3467
v  -0.9357 0.1588 8.0648
v  -1.2060 0.1753 8.3165
v  -0.9547 0.1753 8.0364
v  -0.6285 0.1588 7.7252
v  -0.6492 0.1753 7.6976
v  -0.9617 0.2213 8.0259
v  -1.2117 0.2213 8.3054
v  -0.6568 0.2213 7.6875
v  -0.3429 0.2213 7.3435
v  -0.3352 0.1753 7.3536
v  -0.3142 0.1588 7.3809
v  -1.2117 1.0501 8.3054
v  -0.9617 1.0501 8.0259
v  -0.9547 1.0961 8.0364
v  -1.2060 1.0961 8.3165
v  -0.6568 1.0501 7.6875
v  -0.6492 1.0961 7.6976
v  -0.9357 1.1126 8.0648
v  -1.1905 1.1126 8.3467
v  -0.6285 1.1126 7.7252
v  -0.3142 1.1126 7.3809
v  -0.3352 1.0961 7.3536
v  -0.3429 1.0501 7.3435
v  -0.5976 1.1126 8.5729
v  -0.9149 1.1126 8.8868
v  -0.5786 1.0961 8.6013
v  -0.8995 1.0961 8.9170
v  -0.2597 1.1126 8.2163
v  -0.2390 1.0961 8.2438
v  -0.5716 1.0501 8.6118
v  -0.8937 1.0501 8.9281
v  -0.2313 1.0501 8.2540
v  0.0881 1.0501 7.9057
v  0.0803 1.0961 7.8956
v  0.0594 1.1126 7.8683
v  -1.1724 0.1588 9.1067
v  -1.1625 0.1753 9.1396
v  -1.3800 0.1588 9.2411
v  -1.3771 0.1753 9.2765
v  -1.1588 0.2213 9.1516
v  -1.3759 0.2213 9.2894
v  -1.7021 0.2213 9.3362
v  -1.5540 0.2213 9.3486
v  -1.6978 0.1753 9.3231
v  -1.5524 0.1753 9.3352
v  -1.5479 0.1588 9.2983
v  -1.6860 0.1588 9.2868
v  -1.4737 0.1588 8.6332
v  -1.4650 0.1588 8.6341
v  -1.4619 0.1753 8.5969
v  -1.4605 0.1753 8.5971
v  -1.4310 0.1588 8.6045
v  -1.4339 0.1753 8.5690
v  -1.4589 0.2213 8.5837
v  -1.4576 0.2213 8.5838
v  -1.4351 0.2213 8.5562
v  -1.3611 0.2213 8.4728
v  -1.3574 0.1753 8.4848
v  -1.3476 0.1588 8.5177
v  -1.4576 1.0501 8.5838
v  -1.4589 1.0501 8.5837
v  -1.4605 1.0961 8.5971
v  -1.4351 1.0501 8.5562
v  -1.4339 1.0961 8.5690
v  -1.4650 1.1126 8.6341
v  -1.4737 1.1126 8.6332
v  -1.4310 1.1126 8.6045
v  -1.4619 1.0961 8.5969
v  -1.3476 1.1126 8.5177
v  -1.3574 1.0961 8.4848
v  -1.3611 1.0501 8.4728
v  -1.5479 1.1126 9.2983
v  -1.6860 1.1126 9.2868
v  -1.5524 1.0961 9.3352
v  -1.6978 1.0961 9.3231
v  -1.3800 1.1126 9.2411
v  -1.3771 1.0961 9.2765
v  -1.5540 1.0501 9.3486
v  -1.7021 1.0501 9.3362
v  -1.3759 1.0501 9.2894
v  -1.1588 1.0501 9.1516
v  -1.1625 1.0961 9.1396
v  -1.1724 1.1126 9.1067
v  -1.8046 0.1588 9.2149
v  -1.8226 0.1753 9.2474
v  -1.9067 0.1588 9.0700
v  -1.9300 0.1753 9.0969
v  -1.8292 0.2213 9.2592
v  -1.9385 0.2213 9.1067
v  -2.1162 0.2213 8.5309
v  -2.0331 0.2213 8.8676
v  -2.0230 0.1753 8.8600
v  -2.1050 0.1753 8.5253
v  -1.9957 0.1588 8.8392
v  -2.0747 0.1588 8.5100
v  -1.5078 0.1588 8.4656
v  -1.5344 0.1588 8.2350
v  -1.4805 0.1753 8.4448
v  -1.5041 0.1753 8.2197
v  -1.4913 0.1588 8.5849
v  -1.4681 0.1753 8.5579
v  -1.4704 0.2213 8.4373
v  -1.4929 0.2213 8.2141
v  -1.4596 0.2213 8.5482
v  -1.4566 0.2213 8.5845
v  -1.4632 0.1753 8.5962
v  -1.4812 0.1588 8.6288
v  -1.4929 1.0501 8.2141
v  -1.4704 1.0501 8.4373
v  -1.5041 1.0961 8.2197
v  -1.4805 1.0961 8.4448
v  -1.4596 1.0501 8.5482
v  -1.4681 1.0961 8.5579
v  -1.5078 1.1126 8.4656
v  -1.5344 1.1126 8.2350
v  -1.4913 1.1126 8.5849
v  -1.4812 1.1126 8.6288
v  -1.4632 1.0961 8.5962
v  -1.4566 1.0501 8.5845
v  -2.0747 1.1126 8.5100
v  -1.9957 1.1126 8.8392
v  -2.1050 1.0961 8.5253
v  -2.0230 1.0961 8.8600
v  -1.9067 1.1126 9.0700
v  -1.9300 1.0961 9.0969
v  -2.0331 1.0501 8.8676
v  -2.1162 1.0501 8.5309
v  -1.9385 1.0501 9.1067
v  -1.8292 1.0501 9.2592
v  -1.8226 1.0961 9.2474
v  -1.8046 1.1126 9.2149
v  -2.1470 0.1588 8.0695
v  -2.1791 0.1753 8.0813
v  -2.2108 0.1588 7.5823
v  -2.2437 0.1753 7.5924
v  -2.1909 0.2213 8.0857
v  -2.2558 0.2213 7.5962
v  -2.3506 0.2213 6.7414
v  -2.3095 0.2213 7.1267
v  -2.2973 0.1753 7.1231
v  -2.3385 0.1753 6.7375
v  -2.2643 0.1588 7.1133
v  -2.3060 0.1588 6.7269
v  -1.6756 0.1588 6.9386
v  -1.7251 0.1588 6.5373
v  -1.6426 0.1753 6.9288
v  -1.6925 0.1753 6.5267
v  -1.6237 0.1588 7.4018
v  -1.5908 0.1753 7.3917
v  -1.6304 0.2213 6.9252
v  -1.6805 0.2213 6.5227
v  -1.5786 0.2213 7.3879
v  -1.5309 0.2213 7.8409
v  -1.5428 0.1753 7.8453
v  -1.5748 0.1588 7.8571
v  -1.6805 1.0501 6.5227
v  -1.6304 1.0501 6.9252
v  -1.6925 1.0961 6.5267
v  -1.6426 1.0961 6.9288
v  -1.5786 1.0501 7.3879
v  -1.5908 1.0961 7.3917
v  -1.6756 1.1126 6.9386
v  -1.7251 1.1126 6.5373
v  -1.6237 1.1126 7.4018
v  -1.5748 1.1126 7.8571
v  -1.5428 1.0961 7.8453
v  -1.5309 1.0501 7.8409
v  -2.3060 1.1126 6.7269
v  -2.2643 1.1126 7.1133
v  -2.3385 1.0961 6.7375
v  -2.2973 1.0961 7.1231
v  -2.2108 1.1126 7.5823
v  -2.2437 1.0961 7.5924
v  -2.3095 1.0501 7.1267
v  -2.3506 1.0501 6.7414
v  -2.2558 1.0501 7.5962
v  -2.1909 1.0501 8.0857
v  -2.1791 1.0961 8.0813
v  -2.1470 1.1126 8.0695
v  -2.3339 0.1588 6.4878
v  -2.3657 0.1753 6.5002
v  -2.3521 0.1588 6.3596
v  -2.3828 0.1753 6.3743
v  -2.3775 0.2213 6.5047
v  -2.3942 0.2213 6.3797
v  -2.4124 0.2213 6.3171
v  -2.4045 0.2213 6.3295
v  -2.4022 0.1753 6.3097
v  -2.3937 0.1753 6.3231
v  -2.3644 0.1588 6.3057
v  -2.3746 0.1588 6.2897
v  -1.8418 0.1588 5.9967
v  -1.8829 0.1588 5.9324
v  -1.8125 0.1753 5.9793
v  -1.8553 0.1753 5.9124
v  -1.8044 0.1588 6.0979
v  -1.7737 0.1753 6.0832
v  -1.8017 0.2213 5.9729
v  -1.8451 0.2213 5.9050
v  -1.7624 0.2213 6.0778
v  -1.7232 0.2213 6.2507
v  -1.7350 0.1753 6.2552
v  -1.7668 0.1588 6.2676
v  -1.8451 1.0501 5.9050
v  -1.8017 1.0501 5.9729
v  -1.8553 1.0961 5.9124
v  -1.8125 1.0961 5.9793
v  -1.7624 1.0501 6.0778
v  -1.7737 1.0961 6.0832
v  -1.8418 1.1126 5.9967
v  -1.8829 1.1126 5.9324
v  -1.8044 1.1126 6.0979
v  -1.7668 1.1126 6.2676
v  -1.7350 1.0961 6.2552
v  -1.7232 1.0501 6.2507
v  -2.3746 1.1126 6.2897
v  -2.3644 1.1126 6.3057
v  -2.4022 1.0961 6.3097
v  -2.3937 1.0961 6.3231
v  -2.3521 1.1126 6.3596
v  -2.3828 1.0961 6.3743
v  -2.4045 1.0501 6.3295
v  -2.4124 1.0501 6.3171
v  -2.3942 1.0501 6.3797
v  -2.3775 1.0501 6.5047
v  -2.3657 1.0961 6.5002
v  -2.3339 1.1126 6.4878
v  -2.3867 0.1588 6.2750
v  -2.4123 0.1753 6.2975
v  -2.4342 0.1588 6.2467
v  -2.4576 0.1753 6.2713
v  -2.4217 0.2213 6.3058
v  -2.4663 0.2213 6.2804
v  -2.7968 0.2213 6.1272
v  -2.5800 0.2213 6.2259
v  -2.7894 0.1753 6.1170
v  -2.5721 0.1753 6.2162
v  -2.5505 0.1588 6.1897
v  -2.7692 0.1588 6.0893
v  -2.4094 0.1588 5.5954
v  -2.1657 0.1588 5.7184
v  -2.3892 0.1753 5.5678
v  -2.1442 0.1753 5.6920
v  -2.0160 0.1588 5.8066
v  -1.9925 0.1753 5.7820
v  -2.1362 0.2213 5.6822
v  -2.3818 0.2213 5.5575
v  -1.9839 0.2213 5.7729
v  -1.8964 0.2213 5.8427
v  -1.9058 0.1753 5.8510
v  -1.9313 0.1588 5.8735
v  -2.3818 1.0501 5.5575
v  -2.1362 1.0501 5.6822
v  -2.1442 1.0961 5.6920
v  -2.3892 1.0961 5.5678
v  -1.9839 1.0501 5.7729
v  -1.9925 1.0961 5.7820
v  -2.1657 1.1126 5.7184
v  -2.4094 1.1126 5.5954
v  -2.0160 1.1126 5.8066
v  -1.9313 1.1126 5.8735
v  -1.9058 1.0961 5.8510
v  -1.8964 1.0501 5.8427
v  -2.5505 1.1126 6.1897
v  -2.7692 1.1126 6.0893
v  -2.5721 1.0961 6.2162
v  -2.7894 1.0961 6.1170
v  -2.4342 1.1126 6.2467
v  -2.4576 1.0961 6.2713
v  -2.5800 1.0501 6.2259
v  -2.7968 1.0501 6.1272
v  -2.4663 1.0501 6.2804
v  -2.4217 1.0501 6.3058
v  -2.4123 1.0961 6.2975
v  -2.3867 1.1126 6.2750
v  -3.1238 0.1588 5.9303
v  -3.1433 0.1753 5.9586
v  -3.5534 0.1588 5.7344
v  -3.5732 0.1753 5.7626
v  -3.1505 0.2213 5.9691
v  -3.5805 0.2213 5.7730
v  -4.4263 0.2213 5.3513
v  -4.0259 0.2213 5.5600
v  -4.4175 0.1753 5.3424
v  -4.0181 0.1753 5.5500
v  -3.9969 0.1588 5.5232
v  -4.3936 0.1588 5.3184
v  -3.9651 0.1588 4.8894
v  -3.6182 0.1588 5.0446
v  -3.9411 0.1753 4.8654
v  -3.5970 0.1753 5.0178
v  -3.2002 0.1588 5.2319
v  -3.1805 0.1753 5.2037
v  -3.5892 0.2213 5.0079
v  -3.9324 0.2213 4.8565
v  -3.1732 0.2213 5.1933
v  -2.7490 0.2213 5.3855
v  -2.7563 0.1753 5.3960
v  -2.7758 0.1588 5.4244
v  -3.9324 1.0501 4.8565
v  -3.5892 1.0501 5.0079
v  -3.5970 1.0961 5.0178
v  -3.9411 1.0961 4.8654
v  -3.1732 1.0501 5.1933
v  -3.1805 1.0961 5.2037
v  -3.6182 1.1126 5.0446
v  -3.9651 1.1126 4.8894
v  -3.2002 1.1126 5.2319
v  -2.7758 1.1126 5.4244
v  -2.7563 1.0961 5.3960
v  -2.7490 1.0501 5.3855
v  -3.9969 1.1126 5.5232
v  -4.3936 1.1126 5.3184
v  -4.0181 1.0961 5.5500
v  -4.4175 1.0961 5.3424
v  -3.5534 1.1126 5.7344
v  -3.5732 1.0961 5.7626
v  -4.0259 1.0501 5.5600
v  -4.4263 1.0501 5.3513
v  -3.5805 1.0501 5.7730
v  -3.1505 1.0501 5.9691
v  -3.1433 1.0961 5.9586
v  -3.1238 1.1126 5.9303
v  -4.6823 0.1588 5.1415
v  -4.7105 0.1753 5.1610
v  -4.8742 0.1588 4.9856
v  -4.9070 0.1753 4.9993
v  -4.7208 0.2213 5.1682
v  -4.9190 0.2213 5.0044
v  -5.0642 0.2213 4.7086
v  -5.0303 0.2213 4.8533
v  -5.0504 0.1753 4.7086
v  -5.0170 0.1753 4.8507
v  -4.9805 0.1588 4.8436
v  -5.0122 0.1588 4.7086
v  -4.3250 0.1588 4.7086
v  -4.3232 0.1588 4.7172
v  -4.2869 0.1753 4.7086
v  -4.2866 0.1753 4.7101
v  -4.2845 0.1588 4.7403
v  -4.2517 0.1753 4.7266
v  -4.2734 0.2213 4.7074
v  -4.2731 0.2213 4.7086
v  -4.2398 0.2213 4.7215
v  -4.1377 0.2213 4.7661
v  -4.1480 0.1753 4.7733
v  -4.1762 0.1588 4.7929
v  -4.2731 1.0501 4.7086
v  -4.2734 1.0501 4.7074
v  -4.2866 1.0961 4.7101
v  -4.2398 1.0501 4.7215
v  -4.2517 1.0961 4.7266
v  -4.3232 1.1126 4.7172
v  -4.3250 1.1126 4.7086
v  -4.2845 1.1126 4.7403
v  -4.2869 1.0961 4.7086
v  -4.1762 1.1126 4.7929
v  -4.1480 1.0961 4.7733
v  -4.1377 1.0501 4.7661
v  -4.9805 1.1126 4.8436
v  -5.0122 1.1126 4.7086
v  -5.0170 1.0961 4.8507
v  -5.0504 1.0961 4.7086
v  -4.8742 1.1126 4.9856
v  -4.9070 1.0961 4.9993
v  -5.0303 1.0501 4.8533
v  -5.0642 1.0501 4.7086
v  -4.9190 1.0501 5.0044
v  -4.7208 1.0501 5.1682
v  -4.7105 1.0961 5.1610
v  -4.6823 1.1126 5.1415
v  -4.9805 0.1588 4.5737
v  -5.0170 0.1753 4.5666
v  -4.8742 0.1588 4.4317
v  -4.9070 0.1753 4.4180
v  -5.0303 0.2213 4.5640
v  -4.9190 0.2213 4.4129
v  -4.4263 0.2213 4.0660
v  -4.7208 0.2213 4.2490
v  -4.7105 0.1753 4.2562
v  -4.4175 0.1753 4.0749
v  -4.6823 0.1588 4.2758
v  -4.3936 0.1588 4.0989
v  -4.1762 0.1588 4.6244
v  -3.9651 0.1588 4.5279
v  -4.1480 0.1753 4.6439
v  -3.9411 0.1753 4.5519
v  -4.2845 0.1588 4.6769
v  -4.2517 0.1753 4.6907
v  -4.1377 0.2213 4.6512
v  -3.9324 0.2213 4.5608
v  -4.2398 0.2213 4.6957
v  -4.2734 0.2213 4.7098
v  -4.2866 0.1753 4.7072
v  -4.3232 0.1588 4.7001
v  -3.9324 1.0501 4.5608
v  -4.1377 1.0501 4.6512
v  -3.9411 1.0961 4.5519
v  -4.1480 1.0961 4.6439
v  -4.2398 1.0501 4.6957
v  -4.2517 1.0961 4.6907
v  -4.1762 1.1126 4.6244
v  -3.9651 1.1126 4.5279
v  -4.2845 1.1126 4.6769
v  -4.3232 1.1126 4.7001
v  -4.2866 1.0961 4.7072
v  -4.2734 1.0501 4.7098
v  -4.3936 1.1126 4.0989
v  -4.6823 1.1126 4.2758
v  -4.4175 1.0961 4.0749
v  -4.7105 1.0961 4.2562
v  -4.8742 1.1126 4.4317
v  -4.9070 1.0961 4.4180
v  -4.7208 1.0501 4.2490
v  -4.4263 1.0501 4.0660
v  -4.9190 1.0501 4.4129
v  -5.0303 1.0501 4.5640
v  -5.0170 1.0961 4.5666
v  -4.9805 1.1126 4.5737
v  -3.9969 0.1588 3.8941
v  -4.0181 0.1753 3.8672
v  -3.5534 0.1588 3.6829
v  -3.5732 0.1753 3.6547
v  -4.0259 0.2213 3.8573
v  -3.5805 0.2213 3.6443
v  -2.7968 0.2213 3.2901
v  -3.1505 0.2213 3.4481
v  -3.1433 0.1753 3.4586
v  -2.7894 0.1753 3.3003
v  -3.1238 0.1588 3.4870
v  -2.7692 0.1588 3.3280
v  -2.7758 0.1588 3.9929
v  -2.4094 0.1588 3.8218
v  -2.7563 0.1753 4.0213
v  -2.3892 0.1753 3.8495
v  -3.2002 0.1588 4.1854
v  -3.1805 0.1753 4.2136
v  -2.7490 0.2213 4.0318
v  -2.3818 0.2213 3.8597
v  -3.1732 0.2213 4.2240
v  -3.5892 0.2213 4.4094
v  -3.5970 0.1753 4.3995
v  -3.6182 0.1588 4.3726
v  -2.3818 1.0501 3.8597
v  -2.7490 1.0501 4.0318
v  -2.3892 1.0961 3.8495
v  -2.7563 1.0961 4.0213
v  -3.1732 1.0501 4.2240
v  -3.1805 1.0961 4.2136
v  -2.7758 1.1126 3.9929
v  -2.4094 1.1126 3.8218
v  -3.2002 1.1126 4.1854
v  -3.6182 1.1126 4.3726
v  -3.5970 1.0961 4.3995
v  -3.5892 1.0501 4.4094
v  -2.7692 1.1126 3.3280
v  -3.1238 1.1126 3.4870
v  -2.7894 1.0961 3.3003
v  -3.1433 1.0961 3.4586
v  -3.5534 1.1126 3.6829
v  -3.5732 1.0961 3.6547
v  -3.1505 1.0501 3.4481
v  -2.7968 1.0501 3.2901
v  -3.5805 1.0501 3.6443
v  -4.0259 1.0501 3.8573
v  -4.0181 1.0961 3.8672
v  -3.9969 1.1126 3.8941
v  -2.5505 0.1588 3.2275
v  -2.5721 0.1753 3.2011
v  -2.4342 0.1588 3.1706
v  -2.4576 0.1753 3.1459
v  -2.5800 0.2213 3.1913
v  -2.4663 0.2213 3.1368
v  -2.4124 0.2213 3.1002
v  -2.4217 0.2213 3.1115
v  -2.4022 0.1753 3.1075
v  -2.4123 0.1753 3.1198
v  -2.3867 0.1588 3.1423
v  -2.3746 0.1588 3.1276
v  -1.9313 0.1588 3.5438
v  -1.8829 0.1588 3.4849
v  -1.9058 0.1753 3.5663
v  -1.8553 0.1753 3.5049
v  -2.0160 0.1588 3.6106
v  -1.9925 0.1753 3.6353
v  -1.8964 0.2213 3.5746
v  -1.8451 0.2213 3.5123
v  -1.9839 0.2213 3.6444
v  -2.1362 0.2213 3.7350
v  -2.1442 0.1753 3.7253
v  -2.1657 0.1588 3.6989
v  -1.8451 1.0501 3.5123
v  -1.8964 1.0501 3.5746
v  -1.8553 1.0961 3.5049
v  -1.9058 1.0961 3.5663
v  -1.9839 1.0501 3.6444
v  -1.9925 1.0961 3.6353
v  -1.9313 1.1126 3.5438
v  -1.8829 1.1126 3.4849
v  -2.0160 1.1126 3.6106
v  -2.1657 1.1126 3.6989
v  -2.1442 1.0961 3.7253
v  -2.1362 1.0501 3.7350
v  -2.3746 1.1126 3.1276
v  -2.3867 1.1126 3.1423
v  -2.4022 1.0961 3.1075
v  -2.4123 1.0961 3.1198
v  -2.4342 1.1126 3.1706
v  -2.4576 1.0961 3.1459
v  -2.4217 1.0501 3.1115
v  -2.4124 1.0501 3.1002
v  -2.4663 1.0501 3.1368
v  -2.5800 1.0501 3.1913
v  -2.5721 1.0961 3.2011
v  -2.5505 1.1126 3.2275
v  -2.3644 0.1588 3.1115
v  -2.3937 0.1753 3.0942
v  -2.3521 0.1588 3.0577
v  -2.3828 0.1753 3.0430
v  -2.4045 0.2213 3.0878
v  -2.3942 0.2213 3.0376
v  -2.3506 0.2213 2.6758
v  -2.3775 0.2213 2.9125
v  -2.3385 0.1753 2.6798
v  -2.3657 0.1753 2.9171
v  -2.3339 0.1588 2.9294
v  -2.3059 0.1588 2.6904
v  -1.7251 0.1588 2.8800
v  -1.7668 0.1588 3.1497
v  -1.6925 0.1753 2.8906
v  -1.7350 0.1753 3.1621
v  -1.8044 0.1588 3.3194
v  -1.7737 0.1753 3.3341
v  -1.7232 0.2213 3.1666
v  -1.6805 0.2213 2.8945
v  -1.7624 0.2213 3.3395
v  -1.8017 0.2213 3.4443
v  -1.8125 0.1753 3.4379
v  -1.8418 0.1588 3.4206
v  -1.6805 1.0501 2.8945
v  -1.7232 1.0501 3.1666
v  -1.7350 1.0961 3.1621
v  -1.6925 1.0961 2.8906
v  -1.7624 1.0501 3.3395
v  -1.7737 1.0961 3.3341
v  -1.7668 1.1126 3.1497
v  -1.7251 1.1126 2.8800
v  -1.8044 1.1126 3.3194
v  -1.8418 1.1126 3.4206
v  -1.8125 1.0961 3.4379
v  -1.8017 1.0501 3.4443
v  -2.3339 1.1126 2.9294
v  -2.3059 1.1126 2.6904
v  -2.3657 1.0961 2.9171
v  -2.3385 1.0961 2.6798
v  -2.3521 1.1126 3.0577
v  -2.3828 1.0961 3.0430
v  -2.3775 1.0501 2.9125
v  -2.3506 1.0501 2.6758
v  -2.3942 1.0501 3.0376
v  -2.4045 1.0501 3.0878
v  -2.3937 1.0961 3.0942
v  -2.3644 1.1126 3.1115
v  -2.2643 0.1588 2.3040
v  -2.2973 0.1753 2.2942
v  -2.2108 0.1588 1.8349
v  -2.2437 0.1753 1.8248
v  -2.3095 0.2213 2.2906
v  -2.2558 0.2213 1.8211
v  -2.1162 0.2213 0.8864
v  -2.1909 0.2213 1.3316
v  -2.1050 0.1753 0.8920
v  -2.1791 0.1753 1.3359
v  -2.1470 0.1588 1.3478
v  -2.0747 0.1588 0.9073
v  -1.5344 0.1588 1.1823
v  -1.5748 0.1588 1.5601
v  -1.5041 0.1753 1.1976
v  -1.5428 0.1753 1.5720
v  -1.6237 0.1588 2.0155
v  -1.5908 0.1753 2.0256
v  -1.5309 0.2213 1.5764
v  -1.4929 0.2213 1.2032
v  -1.5786 0.2213 2.0293
v  -1.6304 0.2213 2.4921
v  -1.6426 0.1753 2.4885
v  -1.6756 0.1588 2.4787
v  -1.4929 1.0501 1.2032
v  -1.5309 1.0501 1.5764
v  -1.5428 1.0961 1.5720
v  -1.5041 1.0961 1.1976
v  -1.5786 1.0501 2.0293
v  -1.5908 1.0961 2.0256
v  -1.5748 1.1126 1.5601
v  -1.5344 1.1126 1.1823
v  -1.6237 1.1126 2.0155
v  -1.6756 1.1126 2.4787
v  -1.6426 1.0961 2.4885
v  -1.6304 1.0501 2.4921
v  -2.1470 1.1126 1.3478
v  -2.0747 1.1126 0.9073
v  -2.1791 1.0961 1.3359
v  -2.1050 1.0961 0.8920
v  -2.2108 1.1126 1.8349
v  -2.2437 1.0961 1.8248
v  -2.1909 1.0501 1.3316
v  -2.1162 1.0501 0.8864
v  -2.2558 1.0501 1.8211
v  -2.3095 1.0501 2.2906
v  -2.2973 1.0961 2.2942
v  -2.2643 1.1126 2.3040
v  -1.9957 0.1588 0.5780
v  -2.0230 0.1753 0.5573
v  -1.9067 0.1588 0.3473
v  -1.9299 0.1753 0.3204
v  -2.0331 0.2213 0.5497
v  -1.9385 0.2213 0.3106
v  -1.7021 0.2213 0.0811
v  -1.8292 0.2213 0.1581
v  -1.6978 0.1753 0.0942
v  -1.8226 0.1753 0.1698
v  -1.8046 0.1588 0.2024
v  -1.6860 0.1588 0.1305
v  -1.4737 0.1588 0.7841
v  -1.4812 0.1588 0.7885
v  -1.4619 0.1753 0.8204
v  -1.4632 0.1753 0.8210
v  -1.4913 0.1588 0.8324
v  -1.4681 0.1753 0.8593
v  -1.4566 0.2213 0.8328
v  -1.4576 0.2213 0.8335
v  -1.4596 0.2213 0.8691
v  -1.4704 0.2213 0.9800
v  -1.4805 0.1753 0.9725
v  -1.5078 0.1588 0.9517
v  -1.4576 1.0501 0.8335
v  -1.4566 1.0501 0.8328
v  -1.4632 1.0961 0.8210
v  -1.4596 1.0501 0.8691
v  -1.4681 1.0961 0.8593
v  -1.4812 1.1126 0.7885
v  -1.4737 1.1126 0.7841
v  -1.4913 1.1126 0.8324
v  -1.4619 1.0961 0.8204
v  -1.5078 1.1126 0.9517
v  -1.4805 1.0961 0.9725
v  -1.4704 1.0501 0.9800
v  -1.8046 1.1126 0.2024
v  -1.6860 1.1126 0.1305
v  -1.8226 1.0961 0.1698
v  -1.6978 1.0961 0.0942
v  -1.9067 1.1126 0.3473
v  -1.9299 1.0961 0.3204
v  -1.8292 1.0501 0.1581
v  -1.7021 1.0501 0.0811
v  -1.9385 1.0501 0.3106
v  -2.0331 1.0501 0.5497
v  -2.0230 1.0961 0.5573
v  -1.9957 1.1126 0.5780
v  -1.5479 0.1588 0.1190
v  -1.5524 0.1753 0.0820
v  -1.3800 0.1588 0.1762
v  -1.3771 0.1753 0.1407
v  -1.5540 0.2213 0.0687
v  -1.3759 0.2213 0.1278
v  -0.8937 0.2213 0.4892
v  -1.1588 0.2213 0.2657
v  -1.1625 0.1753 0.2777
v  -0.8995 0.1753 0.5003
v  -1.1724 0.1588 0.3105
v  -0.9149 0.1588 0.5305
v  -1.3476 0.1588 0.8996
v  -1.1905 0.1588 1.0706
v  -1.3574 0.1753 0.9325
v  -1.2060 0.1753 1.1007
v  -1.4310 0.1588 0.8128
v  -1.4339 0.1753 0.8482
v  -1.3611 0.2213 0.9445
v  -1.2117 0.2213 1.1118
v  -1.4351 0.2213 0.8611
v  -1.4589 0.2213 0.8335
v  -1.4605 0.1753 0.8201
v  -1.4650 0.1588 0.7832
v  -1.2117 1.0501 1.1118
v  -1.3611 1.0501 0.9445
v  -1.2060 1.0961 1.1007
v  -1.3574 1.0961 0.9325
v  -1.4351 1.0501 0.8611
v  -1.4339 1.0961 0.8482
v  -1.3476 1.1126 0.8996
v  -1.1905 1.1126 1.0706
v  -1.4310 1.1126 0.8128
v  -1.4650 1.1126 0.7832
v  -1.4605 1.0961 0.8201
v  -1.4589 1.0501 0.8335
v  -0.9149 1.1126 0.5305
v  -1.1724 1.1126 0.3105
v  -0.8995 1.0961 0.5003
v  -1.1625 1.0961 0.2777
v  -1.3800 1.1126 0.1762
v  -1.3771 1.0961 0.1407
v  -1.1588 1.0501 0.2657
v  -0.8937 1.0501 0.4892
v  -1.3759 1.0501 0.1278
v  -1.5540 1.0501 0.0687
v  -1.5524 1.0961 0.0820
v  -1.5479 1.1126 0.1190
v  -0.5976 0.1588 0.8444
v  -0.5786 0.1753 0.8159
v  -0.2597 0.1588 1.2010
v  -0.2390 0.1753 1.1735
v  -0.5716 0.2213 0.8054
v  -0.2313 0.2213 1.1633
v  0.3477 0.2213 1.7991
v  0.0881 0.2213 1.5116
v  0.0803 0.1753 1.5217
v  0.3403 0.1753 1.8094
v  0.0594 0.1588 1.5490
v  0.3202 0.1588 1.8371
v  -0.3142 0.1588 2.0363
v  -0.0383 0.1588 2.3319
v  -0.3352 0.1753 2.0637
v  -0.0584 0.1753 2.3597
v  -0.6285 0.1588 1.6921
v  -0.6492 0.1753 1.7196
v  -0.3429 0.2213 2.0738
v  -0.0658 0.2213 2.3699
v  -0.6568 0.2213 1.7298
v  -0.9617 0.2213 1.3914
v  -0.9547 0.1753 1.3809
v  -0.9357 0.1588 1.3525
v  -0.0658 1.0501 2.3699
v  -0.3429 1.0501 2.0738
v  -0.0584 1.0961 2.3597
v  -0.3352 1.0961 2.0637
v  -0.6568 1.0501 1.7298
v  -0.6492 1.0961 1.7196
v  -0.3142 1.1126 2.0363
v  -0.0383 1.1126 2.3319
v  -0.6285 1.1126 1.6921
v  -0.9357 1.1126 1.3525
v  -0.9547 1.0961 1.3809
v  -0.9617 1.0501 1.3914
v  0.3202 1.1126 1.8371
v  0.0594 1.1126 1.5490
v  0.3403 1.0961 1.8094
v  0.0803 1.0961 1.5217
v  -0.2597 1.1126 1.2010
v  -0.2390 1.0961 1.1735
v  0.0881 1.0501 1.5116
v  0.3477 1.0501 1.7991
v  -0.2313 1.0501 1.1633
v  -0.5716 1.0501 0.8054
v  -0.5786 1.0961 0.8159
v  -0.5976 1.1126 0.8444
v  0.4833 0.1588 2.0141
v  0.5018 0.1753 1.9854
v  0.5734 0.1588 2.1071
v  0.5896 0.1753 2.0772
v  0.5086 0.2213 1.9748
v  0.5956 0.2213 2.0661
v  0.6471 0.2213 2.1061
v  0.6335 0.2213 2.1007
v  0.6432 0.1753 2.1180
v  0.6285 0.1753 2.1122
v  0.6150 0.1588 2.1435
v  0.6327 0.1588 2.1504
v  0.3739 0.1588 2.7007
v  0.4449 0.1588 2.7285
v  0.3604 0.1753 2.7319
v  0.4343 0.1753 2.7610
v  0.2841 0.1588 2.6408
v  0.2679 0.1753 2.6707
v  0.3554 0.2213 2.7434
v  0.4305 0.2213 2.7729
v  0.2619 0.2213 2.6818
v  0.1287 0.2213 2.5649
v  0.1355 0.1753 2.5543
v  0.1539 0.1588 2.5256
v  0.4305 1.0501 2.7729
v  0.3554 1.0501 2.7434
v  0.4343 1.0961 2.7610
v  0.3604 1.0961 2.7319
v  0.2619 1.0501 2.6818
v  0.2679 1.0961 2.6707
v  0.3739 1.1126 2.7007
v  0.4449 1.1126 2.7285
v  0.2841 1.1126 2.6408
v  0.1539 1.1126 2.5256
v  0.1355 1.0961 2.5543
v  0.1287 1.0501 2.5649
v  0.6327 1.1126 2.1504
v  0.6150 1.1126 2.1435
v  0.6432 1.0961 2.1180
v  0.6285 1.0961 2.1122
v  0.5734 1.1126 2.1071
v  0.5896 1.0961 2.0772
v  0.6335 1.0501 2.1007
v  0.6471 1.0501 2.1061
v  0.5956 1.0501 2.0661
v  0.5086 1.0501 1.9748
v  0.5018 1.0961 1.9854
v  0.4833 1.1126 2.0141
v  0.6511 0.1588 2.1552
v  0.6586 0.1753 2.1220
v  0.7062 0.1588 2.1502
v  0.7106 0.1753 2.1165
v  0.6613 0.2213 2.1097
v  0.7123 0.2213 2.1041
v  1.0698 0.2213 2.0337
v  0.8364 0.2213 2.0813
v  1.0698 0.1753 2.0464
v  0.8356 0.1753 2.0939
v  0.8337 0.1588 2.1279
v  1.0697 0.1588 2.0807
v  1.0689 0.1588 2.6917
v  0.7995 0.1588 2.7354
v  1.0688 0.1753 2.7259
v  0.7976 0.1753 2.7694
v  0.6265 0.1588 2.7520
v  0.6220 0.1753 2.7858
v  0.7969 0.2213 2.7820
v  1.0688 0.2213 2.7386
v  0.6204 0.2213 2.7982
v  0.5085 0.2213 2.7932
v  0.5112 0.1753 2.7809
v  0.5187 0.1588 2.7477
v  1.0688 1.0501 2.7386
v  0.7969 1.0501 2.7820
v  0.7976 1.0961 2.7694
v  1.0688 1.0961 2.7259
v  0.6204 1.0501 2.7982
v  0.6220 1.0961 2.7858
v  0.7995 1.1126 2.7354
v  1.0689 1.1126 2.6917
v  0.6265 1.1126 2.7520
v  0.5187 1.1126 2.7477
v  0.5112 1.0961 2.7809
v  0.5085 1.0501 2.7932
v  0.8337 1.1126 2.1279
v  1.0697 1.1126 2.0807
v  0.8356 1.0961 2.0939
v  1.0698 1.0961 2.0464
v  0.7062 1.1126 2.1502
v  0.7106 1.0961 2.1165
v  0.8364 1.0501 2.0813
v  1.0698 1.0501 2.0337
v  0.7123 1.0501 2.1041
v  0.6613 1.0501 2.1097
v  0.6586 1.0961 2.1220
v  0.6511 1.1126 2.1552
v  1.4501 0.1588 2.0009
v  1.4492 0.1753 1.9664
v  1.9127 0.1588 1.9068
v  1.9122 0.1753 1.8724
v  1.4488 0.2213 1.9537
v  1.9120 0.2213 1.8597
v  2.8441 0.2213 1.7037
v  2.3976 0.2213 1.7702
v  2.8422 0.1753 1.7160
v  2.3971 0.1753 1.7828
v  2.3957 0.1588 1.8170
v  2.8370 0.1588 1.7495
v  2.7425 0.1588 2.3484
v  2.3706 0.1588 2.4267
v  2.7372 0.1753 2.3820
v  2.3692 0.1753 2.4609
v  1.9224 0.1588 2.5210
v  1.9230 0.1753 2.5554
v  2.3687 0.2213 2.4735
v  2.7353 0.2213 2.3943
v  1.9232 0.2213 2.5681
v  1.4671 0.2213 2.6619
v  1.4667 0.1753 2.6491
v  1.4659 0.1588 2.6147
v  2.7353 1.0501 2.3943
v  2.3687 1.0501 2.4735
v  2.3692 1.0961 2.4609
v  2.7372 1.0961 2.3820
v  1.9232 1.0501 2.5681
v  1.9230 1.0961 2.5554
v  2.3706 1.1126 2.4267
v  2.7425 1.1126 2.3484
v  1.9224 1.1126 2.5210
v  1.4659 1.1126 2.6147
v  1.4667 1.0961 2.6491
v  1.4671 1.0501 2.6619
v  2.3957 1.1126 1.8170
v  2.8370 1.1126 1.7495
v  2.3971 1.0961 1.7828
v  2.8422 1.0961 1.7160
v  1.9127 1.1126 1.9068
v  1.9122 1.0961 1.8724
v  2.3976 1.0501 1.7702
v  2.8441 1.0501 1.7037
v  1.9120 1.0501 1.8597
v  1.4488 1.0501 1.9537
v  1.4492 1.0961 1.9664
v  1.4501 1.1126 2.0009
v  3.1746 0.1588 1.7229
v  3.1859 0.1753 1.6906
v  3.4215 0.1588 1.7363
v  3.4399 0.1753 1.7059
v  3.1900 0.2213 1.6787
v  3.4466 0.2213 1.6948
v  3.7379 0.2213 1.8487
v  3.6254 0.2213 1.7516
v  3.7268 0.1753 1.8568
v  3.6163 0.1753 1.7615
v  3.5909 0.1588 1.7886
v  3.6959 0.1588 1.8792
v  3.1399 0.1588 2.2831
v  3.1334 0.1588 2.2773
v  3.1091 0.1753 2.3055
v  3.1080 0.1753 2.3045
v  3.0885 0.1588 2.2813
v  3.0701 0.1753 2.3117
v  3.0989 0.2213 2.3144
v  3.0979 0.2213 2.3137
v  3.0634 0.2213 2.3228
v  2.9546 0.2213 2.3467
v  2.9587 0.1753 2.3349
v  2.9700 0.1588 2.3025
v  3.0979 1.0501 2.3137
v  3.0989 1.0501 2.3144
v  3.1080 1.0961 2.3045
v  3.0634 1.0501 2.3228
v  3.0701 1.0961 2.3117
v  3.1334 1.1126 2.2773
v  3.1399 1.1126 2.2831
v  3.0885 1.1126 2.2813
v  3.1091 1.0961 2.3055
v  2.9700 1.1126 2.3025
v  2.9587 1.0961 2.3349
v  2.9546 1.0501 2.3467
v  3.5909 1.1126 1.7886
v  3.6959 1.1126 1.8792
v  3.6163 1.0961 1.7615
v  3.7268 1.0961 1.8568
v  3.4215 1.1126 1.7363
v  3.4399 1.0961 1.7059
v  3.6254 1.0501 1.7516
v  3.7379 1.0501 1.8487
v  3.4466 1.0501 1.6948
v  3.1900 1.0501 1.6787
v  3.1859 1.0961 1.6906
v  3.1746 1.1126 1.7229
v  3.7496 0.1588 2.0070
v  3.7833 0.1753 1.9913
v  3.7470 0.1588 2.1843
v  3.7816 0.1753 2.1762
v  3.7955 0.2213 1.9856
v  3.7943 0.2213 2.1733
v  3.5996 0.2213 2.7435
v  3.7303 0.2213 2.4223
v  3.7177 0.1753 2.4225
v  3.5873 0.1753 2.7415
v  3.6834 0.1588 2.4233
v  3.5538 0.1588 2.7361
v  3.0690 0.1588 2.4388
v  2.9550 0.1588 2.6410
v  3.0347 0.1753 2.4395
v  2.9215 0.1753 2.6356
v  3.1258 0.1588 2.3326
v  3.0912 0.1753 2.3407
v  3.0222 0.2213 2.4397
v  2.9092 0.2213 2.6335
v  3.0786 0.2213 2.3436
v  3.0975 0.2213 2.3125
v  3.1097 0.1753 2.3068
v  3.1434 0.1588 2.2911
v  2.9092 1.0501 2.6335
v  3.0222 1.0501 2.4397
v  2.9215 1.0961 2.6356
v  3.0347 1.0961 2.4395
v  3.0786 1.0501 2.3436
v  3.0912 1.0961 2.3407
v  3.0690 1.1126 2.4388
v  2.9550 1.1126 2.6410
v  3.1258 1.1126 2.3326
v  3.1434 1.1126 2.2911
v  3.1097 1.0961 2.3068
v  3.0975 1.0501 2.3125
v  3.5538 1.1126 2.7361
v  3.6834 1.1126 2.4233
v  3.5873 1.0961 2.7415
v  3.7177 1.0961 2.4225
v  3.7470 1.1126 2.1843
v  3.7816 1.0961 2.1762
v  3.7303 1.0501 2.4223
v  3.5996 1.0501 2.7435
v  3.7943 1.0501 2.1733
v  3.7955 1.0501 1.9856
v  3.7833 1.0961 1.9913
v  3.7496 1.1126 2.0070
v  3.3533 0.1588 3.1350
v  3.3862 0.1753 3.1442
v  3.1186 0.1588 3.5665
v  3.1511 0.1753 3.5777
v  3.3984 0.2213 3.1477
v  3.1632 0.2213 3.5818
v  2.9306 0.2213 3.9932
v  2.9186 0.1753 3.9890
v  2.8862 0.1588 3.9775
v  2.3072 0.1588 3.7728
v  2.2748 0.1753 3.7613
v  2.5375 0.1588 3.3675
v  2.5049 0.1753 3.3564
v  2.2628 0.2213 3.7571
v  2.4929 0.2213 3.3523
v  2.7206 0.2213 2.9577
v  2.7327 0.1753 2.9612
v  2.7656 0.1588 2.9704
v  2.2628 1.0501 3.7571
v  2.2748 1.0961 3.7613
v  2.4929 1.0501 3.3523
v  2.5049 1.0961 3.3564
v  2.3072 1.1126 3.7728
v  2.5375 1.1126 3.3675
v  2.7656 1.1126 2.9704
v  2.7327 1.0961 2.9612
v  2.7206 1.0501 2.9577
v  2.8862 1.1126 3.9775
v  2.9186 1.0961 3.9890
v  3.1186 1.1126 3.5665
v  3.1511 1.0961 3.5777
v  2.9306 1.0501 3.9932
v  3.1632 1.0501 3.5818
v  3.3984 1.0501 3.1477
v  3.3862 1.0961 3.1442
v  3.3533 1.1126 3.1350
# 3840 vertices

vn 0.0047 -1.0000 0.0026
vn 0.0144 -0.9999 0.0081
vn 0.0147 -0.9999 0.0079
vn 0.0048 -1.0000 0.0025
vn 0.0151 -0.9999 0.0069
vn 0.0049 -1.0000 0.0021
vn -0.0000 -1.0000 -0.0000
vn -0.0001 -1.0000 -0.0000
vn 0.0050 -1.0000 0.0010
vn 0.0152 -0.9999 0.0033
vn 0.0160 -0.9999 0.0000
vn 0.0052 -1.0000 0.0000
vn -0.0002 -1.0000 -0.0000
vn -0.0054 -1.0000 -0.0000
vn -0.0166 -0.9999 0.0000
vn -0.0166 -0.9999 -0.0029
vn -0.0055 -1.0000 -0.0010
vn -0.0158 -0.9999 -0.0058
vn -0.0052 -1.0000 -0.0020
vn -0.0049 -1.0000 -0.0024
vn -0.0151 -0.9999 -0.0073
vn -0.0146 -0.9999 -0.0078
vn -0.0047 -1.0000 -0.0026
vn -0.8831 -0.0040 -0.4692
vn -0.8830 -0.0119 -0.4692
vn -0.9052 -0.0116 -0.4249
vn -0.9052 -0.0040 -0.4250
vn -0.9436 -0.0118 -0.3308
vn -0.9438 -0.0041 -0.3305
vn -0.8831 -0.0000 -0.4693
vn -0.9052 0.0000 -0.4250
vn -0.9437 -0.0001 -0.3307
vn -0.9865 -0.0041 -0.1636
vn -0.9864 -0.0116 -0.1640
vn -0.9999 -0.0114 -0.0000
vn -1.0000 -0.0040 0.0001
vn -0.9866 0.0000 -0.1633
vn -1.0000 0.0000 -0.0000
vn -1.0000 0.0040 -0.0001
vn -0.9999 0.0114 -0.0000
vn -0.9864 0.0114 -0.1641
vn -0.9865 0.0042 -0.1636
vn -0.9437 0.0117 -0.3306
vn -0.9438 0.0042 -0.3304
vn -0.9052 0.0039 -0.4250
vn -0.9051 0.0116 -0.4249
vn -0.8830 0.0118 -0.4692
vn -0.8831 0.0040 -0.4692
vn -0.0053 1.0000 -0.0026
vn -0.0051 1.0000 -0.0028
vn -0.0146 0.9999 -0.0078
vn -0.0151 0.9999 -0.0073
vn -0.0055 1.0000 -0.0021
vn -0.0158 0.9999 -0.0058
vn -0.0000 1.0000 -0.0000
vn -0.0001 1.0000 -0.0000
vn -0.0058 1.0000 -0.0000
vn -0.0058 1.0000 -0.0011
vn -0.0166 0.9999 -0.0029
vn -0.0166 0.9999 0.0000
vn -0.0002 1.0000 -0.0001
vn 0.0054 1.0000 0.0011
vn 0.0056 1.0000 0.0000
vn 0.0160 0.9999 0.0000
vn 0.0152 0.9999 0.0033
vn 0.0053 1.0000 0.0023
vn 0.0151 0.9999 0.0069
vn 0.0050 1.0000 0.0028
vn 0.0052 1.0000 0.0027
vn 0.0147 0.9999 0.0079
vn 0.0144 0.9999 0.0081
vn 0.8684 0.0038 0.4959
vn 0.8683 0.0116 0.4959
vn 0.8750 0.0115 0.4840
vn 0.8749 0.0038 0.4842
vn 0.8955 0.0113 0.4449
vn 0.8954 0.0037 0.4452
vn 0.8684 -0.0000 0.4959
vn 0.8749 0.0000 0.4842
vn 0.8953 -0.0000 0.4455
vn 0.9710 0.0041 0.2392
vn 0.9702 0.0115 0.2422
vn 0.9999 0.0116 0.0001
vn 1.0000 0.0041 0.0001
vn 0.9709 -0.0000 0.2395
vn 1.0000 -0.0000 0.0002
vn 1.0000 -0.0041 0.0003
vn 0.9999 -0.0116 0.0003
vn 0.9702 -0.0115 0.2422
vn 0.9710 -0.0039 0.2391
vn 0.8955 -0.0110 0.4449
vn 0.8954 -0.0038 0.4452
vn 0.8749 -0.0039 0.4843
vn 0.8749 -0.0114 0.4841
vn 0.8684 -0.0115 0.4958
vn 0.8684 -0.0037 0.4958
vn 0.0050 -1.0000 -0.0010
vn 0.0152 -0.9999 -0.0033
vn 0.0049 -1.0000 -0.0021
vn 0.0151 -0.9999 -0.0069
vn -0.0002 -1.0000 0.0000
vn -0.0001 -1.0000 0.0000
vn 0.0047 -1.0000 -0.0026
vn 0.0048 -1.0000 -0.0025
vn 0.0147 -0.9999 -0.0079
vn 0.0144 -0.9999 -0.0081
vn -0.0000 -1.0000 0.0000
vn -0.0049 -1.0000 0.0024
vn -0.0047 -1.0000 0.0026
vn -0.0146 -0.9999 0.0078
vn -0.0151 -0.9999 0.0073
vn -0.0052 -1.0000 0.0020
vn -0.0158 -0.9999 0.0058
vn -0.0055 -1.0000 0.0010
vn -0.0166 -0.9999 0.0029
vn -0.9864 -0.0115 0.1641
vn -0.9865 -0.0042 0.1636
vn -0.9437 -0.0116 0.3307
vn -0.9438 -0.0043 0.3304
vn -0.9866 -0.0000 0.1633
vn -0.9437 0.0001 0.3307
vn -0.9052 -0.0041 0.4250
vn -0.9051 -0.0117 0.4250
vn -0.8830 -0.0116 0.4692
vn -0.8831 -0.0040 0.4693
vn -0.9052 0.0000 0.4250
vn -0.8830 0.0000 0.4693
vn -0.8830 0.0040 0.4693
vn -0.8830 0.0116 0.4692
vn -0.9051 0.0117 0.4249
vn -0.9052 0.0041 0.4250
vn -0.9436 0.0118 0.3308
vn -0.9438 0.0041 0.3305
vn -0.9865 0.0041 0.1637
vn -0.9864 0.0116 0.1640
vn -0.0166 0.9999 0.0029
vn -0.0058 1.0000 0.0011
vn -0.0158 0.9999 0.0058
vn -0.0055 1.0000 0.0021
vn -0.0002 1.0000 0.0001
vn -0.0001 1.0000 0.0000
vn -0.0053 1.0000 0.0026
vn -0.0151 0.9999 0.0073
vn -0.0146 0.9999 0.0078
vn -0.0051 1.0000 0.0028
vn -0.0000 1.0000 0.0000
vn 0.0050 1.0000 -0.0028
vn 0.0144 0.9999 -0.0081
vn 0.0147 0.9999 -0.0079
vn 0.0052 1.0000 -0.0027
vn 0.0151 0.9999 -0.0069
vn 0.0053 1.0000 -0.0023
vn 0.0054 1.0000 -0.0011
vn 0.0152 0.9999 -0.0033
vn 0.9702 0.0114 -0.2420
vn 0.9709 0.0039 -0.2393
vn 0.8955 0.0111 -0.4450
vn 0.8953 0.0038 -0.4455
vn 0.9709 0.0000 -0.2393
vn 0.8952 0.0000 -0.4456
vn 0.8750 0.0038 -0.4842
vn 0.8749 0.0113 -0.4841
vn 0.8684 0.0112 -0.4958
vn 0.8684 0.0038 -0.4958
vn 0.8749 0.0000 -0.4843
vn 0.8684 -0.0000 -0.4958
vn 0.8684 -0.0038 -0.4958
vn 0.8684 -0.0113 -0.4958
vn 0.8749 -0.0114 -0.4842
vn 0.8750 -0.0039 -0.4841
vn 0.8954 -0.0113 -0.4450
vn 0.8953 -0.0038 -0.4455
vn 0.9709 -0.0040 -0.2394
vn 0.9702 -0.0115 -0.2421
vn 0.0046 -1.0000 -0.0026
vn 0.0142 -0.9999 -0.0081
vn 0.0143 -0.9999 -0.0080
vn 0.0000 -1.0000 0.0000
vn 0.0051 -1.0000 -0.0024
vn 0.0048 -1.0000 -0.0026
vn 0.0147 -0.9999 -0.0078
vn 0.0155 -0.9999 -0.0073
vn 0.0000 -1.0000 -0.0000
vn -0.0047 -1.0000 0.0027
vn -0.0050 -1.0000 0.0027
vn -0.0152 -0.9998 0.0085
vn -0.0145 -0.9999 0.0083
vn -0.0142 -0.9999 0.0081
vn -0.0143 -0.9999 0.0080
vn -0.8724 -0.0118 0.4887
vn -0.8724 -0.0038 0.4888
vn -0.8677 -0.0115 0.4970
vn -0.8677 -0.0037 0.4971
vn -0.8724 0.0000 0.4888
vn -0.8677 -0.0000 0.4970
vn -0.8651 -0.0038 0.5015
vn -0.8651 -0.0116 0.5014
vn -0.8639 -0.0108 0.5035
vn -0.8638 -0.0035 0.5038
vn -0.8651 -0.0000 0.5015
vn -0.8637 0.0000 0.5039
vn -0.8638 0.0036 0.5039
vn -0.8639 0.0106 0.5035
vn -0.8651 0.0115 0.5014
vn -0.8651 0.0038 0.5016
vn -0.8677 0.0115 0.4970
vn -0.8677 0.0038 0.4970
vn -0.8724 0.0038 0.4888
vn -0.8724 0.0118 0.4887
vn -0.0143 0.9999 0.0080
vn -0.0050 1.0000 0.0028
vn -0.0142 0.9999 0.0081
vn 0.0000 1.0000 0.0000
vn -0.0051 1.0000 0.0029
vn -0.0145 0.9999 0.0083
vn -0.0152 0.9998 0.0085
vn -0.0053 1.0000 0.0029
vn 0.0000 1.0000 -0.0000
vn 0.0054 1.0000 -0.0026
vn 0.0155 0.9999 -0.0073
vn 0.0147 0.9999 -0.0078
vn 0.0051 1.0000 -0.0028
vn 0.0143 0.9999 -0.0080
vn 0.0142 0.9999 -0.0081
vn 0.8686 0.0117 -0.4954
vn 0.8686 0.0040 -0.4955
vn 0.8749 0.0114 -0.4841
vn 0.8750 0.0040 -0.4841
vn 0.8686 -0.0000 -0.4955
vn 0.8750 -0.0000 -0.4841
vn 0.8874 0.0040 -0.4609
vn 0.8873 0.0111 -0.4610
vn 0.9114 0.0108 -0.4113
vn 0.9115 0.0038 -0.4112
vn 0.8875 -0.0000 -0.4609
vn 0.9116 -0.0000 -0.4112
vn 0.9115 -0.0038 -0.4112
vn 0.9114 -0.0106 -0.4114
vn 0.8874 -0.0111 -0.4609
vn 0.8874 -0.0041 -0.4609
vn 0.8749 -0.0113 -0.4841
vn 0.8750 -0.0040 -0.4841
vn 0.8686 -0.0040 -0.4955
vn 0.8686 -0.0118 -0.4954
vn 0.0054 -1.0000 -0.0021
vn 0.0166 -0.9998 -0.0060
vn 0.0057 -1.0000 -0.0011
vn 0.0172 -0.9998 -0.0029
vn 0.0002 -1.0000 -0.0001
vn 0.0041 -1.0000 0.0030
vn 0.0053 -1.0000 0.0008
vn 0.0161 -0.9999 0.0027
vn 0.0125 -0.9999 0.0091
vn 0.0002 -1.0000 0.0002
vn 0.0004 -1.0000 -0.0000
vn -0.0045 -1.0000 -0.0006
vn -0.0035 -1.0000 -0.0025
vn -0.0108 -0.9999 -0.0079
vn -0.0139 -0.9999 -0.0011
vn -0.0054 -1.0000 0.0015
vn -0.0175 -0.9998 0.0066
vn -0.0053 -1.0000 0.0025
vn -0.0164 -0.9998 0.0085
vn -0.8625 -0.0100 0.5060
vn -0.8623 -0.0030 0.5064
vn -0.8568 -0.0084 0.5156
vn -0.8553 -0.0026 0.5182
vn -0.8622 0.0000 0.5065
vn -0.8548 0.0001 0.5189
vn 0.1075 0.0017 0.9942
vn 0.0825 0.0031 0.9966
vn 0.8091 0.0106 0.5876
vn 0.8126 0.0036 0.5828
vn 0.0827 -0.0001 0.9966
vn 0.8102 -0.0000 0.5862
vn 0.8127 -0.0035 0.5827
vn 0.8088 -0.0107 0.5879
vn 0.0825 -0.0035 0.9966
vn 0.1073 -0.0007 0.9942
vn -0.8567 0.0080 0.5157
vn -0.8552 0.0028 0.5184
vn -0.8623 0.0031 0.5064
vn -0.8624 0.0098 0.5061
vn -0.0164 0.9998 0.0085
vn -0.0057 1.0000 0.0026
vn -0.0175 0.9998 0.0066
vn -0.0059 1.0000 0.0016
vn 0.0001 1.0000 -0.0000
vn 0.0002 1.0000 -0.0001
vn -0.0049 1.0000 -0.0006
vn -0.0139 0.9999 -0.0011
vn -0.0108 0.9999 -0.0079
vn -0.0038 1.0000 -0.0028
vn 0.0005 1.0000 -0.0000
vn 0.0003 1.0000 0.0002
vn 0.0043 1.0000 0.0032
vn 0.0125 0.9999 0.0091
vn 0.0161 0.9999 0.0027
vn 0.0056 1.0000 0.0009
vn 0.0172 0.9998 -0.0029
vn 0.0060 1.0000 -0.0011
vn 0.0058 1.0000 -0.0022
vn 0.0166 0.9998 -0.0060
vn 0.9497 0.0102 -0.3131
vn 0.9498 0.0035 -0.3129
vn 0.9917 0.0098 -0.1283
vn 0.9918 0.0034 -0.1280
vn 0.9498 -0.0000 -0.3129
vn 0.9918 -0.0000 -0.1278
vn 0.9808 0.0035 0.1949
vn 0.9808 0.0102 0.1949
vn 0.8089 0.0105 0.5878
vn 0.8090 0.0037 0.5878
vn 0.9808 -0.0001 0.1952
vn 0.8090 -0.0000 0.5878
vn 0.8091 -0.0035 0.5877
vn 0.8088 -0.0105 0.5879
vn 0.9808 -0.0102 0.1947
vn 0.9808 -0.0034 0.1948
vn 0.9917 -0.0096 -0.1281
vn 0.9918 -0.0035 -0.1279
vn 0.9498 -0.0035 -0.3130
vn 0.9497 -0.0100 -0.3131
vn 0.0075 -0.9999 0.0145
vn 0.0024 -1.0000 0.0048
vn 0.0026 -0.9998 0.0173
vn 0.0007 -1.0000 0.0057
vn 0.0001 -1.0000 0.0004
vn -0.0000 -1.0000 0.0002
vn -0.0003 -1.0000 0.0058
vn -0.0005 -0.9998 0.0176
vn -0.0021 -0.9999 0.0170
vn -0.0008 -1.0000 0.0056
vn -0.0000 -1.0000 0.0001
vn 0.0010 -1.0000 -0.0055
vn 0.0034 -0.9998 -0.0171
vn 0.0030 -0.9998 -0.0182
vn 0.0007 -1.0000 -0.0058
vn 0.0008 -0.9998 -0.0187
vn -0.0003 -1.0000 -0.0056
vn -0.0020 -1.0000 -0.0041
vn -0.0053 -0.9999 -0.0129
vn 0.9733 0.0034 -0.2296
vn 0.9772 0.0010 -0.2124
vn 0.2256 -0.0078 -0.9742
vn 0.2279 -0.0028 -0.9737
vn 0.9729 -0.0001 -0.2312
vn 0.2295 -0.0001 -0.9733
vn 0.2155 -0.0033 -0.9765
vn 0.2148 -0.0090 -0.9766
vn 0.2120 -0.0107 -0.9772
vn 0.2124 -0.0037 -0.9772
vn 0.2156 -0.0000 -0.9765
vn 0.2125 -0.0000 -0.9772
vn 0.2124 0.0036 -0.9772
vn 0.2121 0.0110 -0.9772
vn 0.2146 0.0093 -0.9767
vn 0.2155 0.0031 -0.9765
vn 0.2256 0.0081 -0.9742
vn 0.2278 0.0026 -0.9737
vn 0.9772 -0.0015 -0.2121
vn 0.9733 -0.0035 -0.2297
vn -0.0021 1.0000 -0.0045
vn -0.0053 0.9999 -0.0129
vn -0.0003 1.0000 -0.0061
vn 0.0008 0.9998 -0.0187
vn 0.0001 1.0000 0.0005
vn -0.0000 1.0000 0.0002
vn 0.0011 1.0000 -0.0060
vn 0.0008 1.0000 -0.0062
vn 0.0030 0.9998 -0.0182
vn 0.0034 0.9998 -0.0171
vn -0.0000 1.0000 0.0001
vn -0.0003 1.0000 0.0062
vn -0.0008 1.0000 0.0060
vn -0.0021 0.9999 0.0170
vn -0.0005 0.9998 0.0176
vn 0.0008 1.0000 0.0061
vn 0.0026 0.9998 0.0173
vn 0.0026 1.0000 0.0051
vn 0.0075 0.9999 0.0145
vn 0.4884 0.0102 0.8725
vn 0.4885 0.0036 0.8725
vn 0.1847 0.0100 0.9827
vn 0.1849 0.0035 0.9828
vn 0.4887 0.0000 0.8725
vn 0.1848 -0.0000 0.9828
vn -0.0042 0.0033 1.0000
vn -0.0044 0.0104 0.9999
vn -0.1096 0.0108 0.9939
vn -0.1094 0.0035 0.9940
vn -0.0041 0.0000 1.0000
vn -0.1093 0.0000 0.9940
vn -0.1094 -0.0035 0.9940
vn -0.1095 -0.0109 0.9939
vn -0.0043 -0.0106 0.9999
vn -0.0041 -0.0033 1.0000
vn 0.1846 -0.0102 0.9828
vn 0.1848 -0.0035 0.9828
vn 0.4885 -0.0036 0.8726
vn 0.4884 -0.0103 0.8726
vn -0.0029 -0.9999 0.0164
vn -0.0010 -1.0000 0.0054
vn -0.0032 -0.9999 0.0161
vn -0.0010 -1.0000 0.0053
vn -0.0011 -1.0000 0.0052
vn -0.0033 -0.9999 0.0161
vn -0.0033 -0.9999 0.0162
vn 0.0010 -1.0000 -0.0053
vn 0.0030 -0.9999 -0.0163
vn 0.0032 -0.9999 -0.0160
vn 0.0011 -1.0000 -0.0052
vn 0.0033 -0.9999 -0.0161
vn 0.0011 -1.0000 -0.0053
vn 0.0034 -0.9999 -0.0164
vn 0.2095 -0.0116 -0.9777
vn 0.2096 -0.0038 -0.9778
vn 0.2045 -0.0117 -0.9788
vn 0.2045 -0.0038 -0.9789
vn 0.2096 -0.0000 -0.9778
vn 0.2046 -0.0000 -0.9789
vn 0.1953 -0.0041 -0.9807
vn 0.1954 -0.0115 -0.9807
vn 0.1734 -0.0118 -0.9848
vn 0.1733 -0.0038 -0.9849
vn 0.1953 0.0000 -0.9807
vn 0.1733 -0.0000 -0.9849
vn 0.1734 0.0039 -0.9849
vn 0.1735 0.0117 -0.9848
vn 0.1952 0.0115 -0.9807
vn 0.1952 0.0041 -0.9807
vn 0.2045 0.0117 -0.9788
vn 0.2046 0.0038 -0.9788
vn 0.2096 0.0038 -0.9778
vn 0.2096 0.0117 -0.9777
vn 0.0011 1.0000 -0.0057
vn 0.0034 0.9999 -0.0164
vn 0.0012 1.0000 -0.0056
vn 0.0033 0.9999 -0.0161
vn 0.0011 1.0000 -0.0056
vn 0.0032 0.9999 -0.0160
vn 0.0030 0.9999 -0.0163
vn -0.0012 1.0000 0.0056
vn -0.0011 1.0000 0.0057
vn -0.0033 0.9999 0.0162
vn -0.0033 0.9999 0.0161
vn -0.0011 1.0000 0.0056
vn -0.0032 0.9999 0.0161
vn -0.0010 1.0000 0.0057
vn -0.0029 0.9999 0.0164
vn -0.1642 0.0112 0.9864
vn -0.1641 0.0039 0.9864
vn -0.1900 0.0116 0.9817
vn -0.1900 0.0041 0.9818
vn -0.1640 -0.0000 0.9865
vn -0.1900 0.0000 0.9818
vn -0.2028 0.0041 0.9792
vn -0.2027 0.0112 0.9792
vn -0.2032 0.0117 0.9791
vn -0.2033 0.0038 0.9791
vn -0.2028 -0.0000 0.9792
vn -0.2033 -0.0000 0.9791
vn -0.2032 -0.0038 0.9791
vn -0.2031 -0.0116 0.9791
vn -0.2028 -0.0112 0.9792
vn -0.2028 -0.0041 0.9792
vn -0.1901 -0.0116 0.9817
vn -0.1901 -0.0042 0.9818
vn -0.1641 -0.0038 0.9864
vn -0.1642 -0.0113 0.9864
vn -0.0030 -0.9999 0.0164
vn -0.0009 -1.0000 0.0053
vn -0.0019 -0.9999 0.0165
vn -0.0005 -1.0000 0.0053
vn 0.0000 -1.0000 -0.0001
vn 0.0006 -1.0000 0.0050
vn 0.0016 -0.9999 0.0155
vn 0.0049 -0.9999 0.0152
vn 0.0016 -1.0000 0.0049
vn -0.0000 -1.0000 -0.0002
vn -0.0000 -1.0000 -0.0001
vn -0.0017 -1.0000 -0.0052
vn -0.0051 -0.9999 -0.0158
vn -0.0024 -0.9999 -0.0167
vn -0.0007 -1.0000 -0.0055
vn 0.0006 -0.9999 -0.0168
vn 0.0003 -1.0000 -0.0055
vn 0.0008 -1.0000 -0.0054
vn 0.0022 -0.9999 -0.0166
vn 0.1246 -0.0113 -0.9921
vn 0.1245 -0.0038 -0.9922
vn 0.0230 -0.0114 -0.9997
vn 0.0230 -0.0039 -0.9997
vn 0.1245 0.0000 -0.9922
vn 0.0230 0.0000 -0.9997
vn -0.1490 -0.0040 -0.9888
vn -0.1492 -0.0116 -0.9887
vn -0.3088 -0.0119 -0.9511
vn -0.3089 -0.0040 -0.9511
vn -0.1490 -0.0000 -0.9888
vn -0.3090 -0.0000 -0.9511
vn -0.3090 0.0041 -0.9511
vn -0.3087 0.0119 -0.9511
vn -0.1492 0.0117 -0.9887
vn -0.1490 0.0040 -0.9888
vn 0.0229 0.0114 -0.9997
vn 0.0230 0.0039 -0.9997
vn 0.1245 0.0038 -0.9922
vn 0.1245 0.0112 -0.9922
vn 0.0008 1.0000 -0.0058
vn 0.0022 0.9999 -0.0166
vn 0.0003 1.0000 -0.0059
vn 0.0006 0.9999 -0.0168
vn 0.0000 1.0000 -0.0001
vn -0.0018 1.0000 -0.0055
vn -0.0008 1.0000 -0.0059
vn -0.0024 0.9999 -0.0167
vn -0.0051 0.9999 -0.0158
vn -0.0000 1.0000 -0.0001
vn -0.0000 1.0000 -0.0002
vn 0.0006 1.0000 0.0054
vn 0.0017 1.0000 0.0053
vn 0.0049 0.9999 0.0152
vn 0.0016 0.9999 0.0155
vn -0.0005 1.0000 0.0057
vn -0.0019 0.9999 0.0165
vn -0.0030 0.9999 0.0164
vn -0.1903 0.0112 0.9817
vn -0.1905 0.0038 0.9817
vn -0.1462 0.0111 0.9892
vn -0.1463 0.0040 0.9892
vn -0.1901 0.0001 0.9818
vn -0.1470 -0.0000 0.9891
vn 0.0707 0.0040 0.9975
vn 0.0733 0.0116 0.9972
vn 0.3108 0.0117 0.9504
vn 0.3098 0.0038 0.9508
vn 0.0697 -0.0001 0.9976
vn 0.3098 -0.0000 0.9508
vn 0.3099 -0.0039 0.9508
vn 0.3111 -0.0116 0.9503
vn 0.0731 -0.0116 0.9973
vn 0.0708 -0.0040 0.9975
vn -0.1462 -0.0110 0.9892
vn -0.1464 -0.0040 0.9892
vn -0.1904 -0.0039 0.9817
vn -0.1904 -0.0111 0.9817
vn 0.0025 -1.0000 0.0044
vn 0.0078 -0.9999 0.0134
vn 0.0035 -1.0000 0.0040
vn 0.0112 -0.9999 0.0122
vn -0.0001 -1.0000 -0.0002
vn -0.0001 -1.0000 -0.0001
vn 0.0039 -1.0000 0.0037
vn 0.0039 -1.0000 0.0038
vn 0.0120 -0.9999 0.0115
vn 0.0121 -0.9999 0.0111
vn -0.0038 -1.0000 -0.0039
vn -0.0039 -1.0000 -0.0037
vn -0.0120 -0.9999 -0.0114
vn -0.0116 -0.9999 -0.0121
vn -0.0035 -1.0000 -0.0043
vn -0.0104 -0.9999 -0.0133
vn -0.0026 -1.0000 -0.0049
vn -0.0079 -0.9999 -0.0149
vn -0.4605 -0.0116 -0.8876
vn -0.4609 -0.0039 -0.8874
vn -0.6063 -0.0111 -0.7951
vn -0.6063 -0.0040 -0.7953
vn -0.4607 -0.0000 -0.8875
vn -0.6062 -0.0000 -0.7953
vn -0.6838 -0.0040 -0.7296
vn -0.6839 -0.0117 -0.7295
vn -0.7191 -0.0117 -0.6948
vn -0.7191 -0.0041 -0.6949
vn -0.6838 0.0000 -0.7297
vn -0.7191 -0.0000 -0.6949
vn -0.7192 0.0041 -0.6948
vn -0.7191 0.0117 -0.6948
vn -0.6839 0.0118 -0.7295
vn -0.6838 0.0039 -0.7297
vn -0.6064 0.0113 -0.7951
vn -0.6063 0.0039 -0.7952
vn -0.4608 0.0040 -0.8875
vn -0.4605 0.0115 -0.8876
vn -0.0079 0.9999 -0.0149
vn -0.0028 1.0000 -0.0052
vn -0.0104 0.9999 -0.0133
vn -0.0037 1.0000 -0.0046
vn -0.0001 1.0000 -0.0002
vn -0.0001 1.0000 -0.0001
vn -0.0041 1.0000 -0.0042
vn -0.0116 0.9999 -0.0121
vn -0.0120 0.9999 -0.0114
vn -0.0042 1.0000 -0.0040
vn 0.0042 1.0000 0.0039
vn 0.0121 0.9999 0.0111
vn 0.0120 0.9999 0.0115
vn 0.0042 1.0000 0.0041
vn 0.0112 0.9999 0.0122
vn 0.0038 1.0000 0.0044
vn 0.0027 1.0000 0.0048
vn 0.0078 0.9999 0.0134
vn 0.5288 0.0115 0.8487
vn 0.5302 0.0040 0.8479
vn 0.6996 0.0112 0.7144
vn 0.7000 0.0039 0.7141
vn 0.5303 0.0000 0.8478
vn 0.7001 0.0001 0.7140
vn 0.7309 0.0038 0.6825
vn 0.7309 0.0111 0.6824
vn 0.7398 0.0116 0.6727
vn 0.7400 0.0039 0.6726
vn 0.7310 0.0000 0.6824
vn 0.7400 -0.0000 0.6727
vn 0.7400 -0.0038 0.6726
vn 0.7399 -0.0117 0.6727
vn 0.7309 -0.0111 0.6824
vn 0.7309 -0.0039 0.6825
vn 0.6996 -0.0114 0.7144
vn 0.6999 -0.0039 0.7142
vn 0.5302 -0.0038 0.8479
vn 0.5286 -0.0116 0.8488
vn 0.0039 -1.0000 0.0036
vn 0.0121 -0.9999 0.0110
vn 0.0120 -0.9999 0.0112
vn 0.0039 -1.0000 0.0041
vn 0.0120 -0.9999 0.0116
vn 0.0117 -0.9999 0.0125
vn -0.0040 -1.0000 -0.0037
vn -0.0041 -1.0000 -0.0039
vn -0.0128 -0.9998 -0.0118
vn -0.0124 -0.9999 -0.0112
vn -0.0040 -1.0000 -0.0036
vn -0.0121 -0.9999 -0.0110
vn -0.0039 -1.0000 -0.0036
vn -0.0120 -0.9999 -0.0111
vn -0.7344 -0.0117 -0.6786
vn -0.7344 -0.0039 -0.6787
vn -0.7408 -0.0117 -0.6716
vn -0.7408 -0.0041 -0.6717
vn -0.7344 0.0000 -0.6787
vn -0.7409 0.0000 -0.6717
vn -0.7443 -0.0039 -0.6678
vn -0.7442 -0.0113 -0.6678
vn -0.7459 -0.0105 -0.6660
vn -0.7461 -0.0037 -0.6658
vn -0.7444 0.0000 -0.6678
vn -0.7462 0.0000 -0.6657
vn -0.7462 0.0038 -0.6657
vn -0.7459 0.0103 -0.6659
vn -0.7442 0.0112 -0.6678
vn -0.7443 0.0039 -0.6678
vn -0.7408 0.0117 -0.6716
vn -0.7409 0.0041 -0.6716
vn -0.7344 0.0039 -0.6787
vn -0.7344 0.0117 -0.6786
vn -0.0120 0.9999 -0.0111
vn -0.0042 1.0000 -0.0039
vn -0.0121 0.9999 -0.0110
vn -0.0043 1.0000 -0.0040
vn -0.0124 0.9999 -0.0112
vn -0.0128 0.9998 -0.0118
vn -0.0044 1.0000 -0.0042
vn 0.0042 1.0000 0.0043
vn 0.0117 0.9999 0.0125
vn 0.0120 0.9999 0.0116
vn 0.0042 1.0000 0.0040
vn 0.0120 0.9999 0.0112
vn 0.0121 0.9999 0.0110
vn 0.7396 0.0115 0.6729
vn 0.7396 0.0041 0.6730
vn 0.7308 0.0114 0.6825
vn 0.7308 0.0039 0.6826
vn 0.7396 0.0000 0.6730
vn 0.7308 0.0000 0.6826
vn 0.7126 0.0038 0.7016
vn 0.7126 0.0115 0.7015
vn 0.6728 0.0107 0.7397
vn 0.6727 0.0036 0.7399
vn 0.7126 0.0000 0.7016
vn 0.6727 -0.0000 0.7399
vn 0.6727 -0.0037 0.7399
vn 0.6728 -0.0106 0.7397
vn 0.7126 -0.0115 0.7014
vn 0.7126 -0.0039 0.7016
vn 0.7308 -0.0113 0.6825
vn 0.7308 -0.0039 0.6826
vn 0.7396 -0.0041 0.6730
vn 0.7395 -0.0115 0.6730
vn 0.0036 -1.0000 0.0045
vn 0.0108 -0.9998 0.0139
vn 0.0028 -1.0000 0.0050
vn 0.0081 -0.9998 0.0155
vn 0.0001 -1.0000 0.0001
vn -0.0016 -1.0000 0.0048
vn 0.0009 -1.0000 0.0053
vn 0.0025 -0.9999 0.0162
vn -0.0048 -0.9999 0.0147
vn -0.0001 -1.0000 0.0003
vn 0.0001 -1.0000 0.0003
vn -0.0008 -1.0000 -0.0044
vn 0.0013 -1.0000 -0.0041
vn 0.0041 -0.9999 -0.0127
vn -0.0033 -0.9999 -0.0136
vn -0.0031 -1.0000 -0.0047
vn -0.0117 -0.9998 -0.0146
vn -0.0040 -1.0000 -0.0043
vn -0.0131 -0.9998 -0.0129
vn -0.7476 -0.0096 -0.6641
vn -0.7482 -0.0032 -0.6635
vn -0.7551 -0.0083 -0.6555
vn -0.7569 -0.0026 -0.6535
vn -0.7483 0.0000 -0.6634
vn -0.7577 0.0001 -0.6526
vn -0.9193 0.0015 0.3936
vn -0.9215 0.0028 0.3883
vn -0.3021 0.0103 0.9532
vn -0.2951 0.0036 0.9555
vn -0.9288 -0.0001 0.3706
vn -0.3066 -0.0001 0.9518
vn -0.2949 -0.0035 0.9555
vn -0.3022 -0.0106 0.9532
vn -0.9216 -0.0034 0.3881
vn -0.9194 -0.0009 0.3934
vn -0.7551 0.0080 -0.6555
vn -0.7570 0.0028 -0.6534
vn -0.7482 0.0034 -0.6634
vn -0.7477 0.0093 -0.6640
vn -0.0131 0.9998 -0.0129
vn -0.0043 1.0000 -0.0046
vn -0.0117 0.9998 -0.0146
vn -0.0034 1.0000 -0.0051
vn 0.0000 1.0000 0.0001
vn 0.0002 1.0000 0.0002
vn -0.0009 1.0000 -0.0049
vn -0.0033 0.9999 -0.0136
vn 0.0041 0.9999 -0.0127
vn 0.0015 1.0000 -0.0045
vn 0.0002 1.0000 0.0004
vn -0.0001 1.0000 0.0004
vn -0.0017 1.0000 0.0051
vn -0.0048 0.9999 0.0147
vn 0.0025 0.9999 0.0162
vn 0.0009 1.0000 0.0056
vn 0.0081 0.9998 0.0155
vn 0.0029 1.0000 0.0054
vn 0.0039 1.0000 0.0048
vn 0.0108 0.9998 0.0139
vn 0.5913 0.0102 0.8064
vn 0.5911 0.0034 0.8066
vn 0.4284 0.0102 0.9035
vn 0.4282 0.0034 0.9037
vn 0.5911 -0.0000 0.8066
vn 0.4280 -0.0001 0.9038
vn 0.1176 0.0033 0.9931
vn 0.1178 0.0104 0.9930
vn -0.3089 0.0104 0.9510
vn -0.3091 0.0033 0.9510
vn 0.1175 -0.0001 0.9931
vn -0.3088 0.0001 0.9511
vn -0.3090 -0.0035 0.9510
vn -0.3091 -0.0104 0.9510
vn 0.1179 -0.0103 0.9930
vn 0.1178 -0.0033 0.9930
vn 0.4284 -0.0100 0.9035
vn 0.4282 -0.0034 0.9037
vn 0.5912 -0.0035 0.8066
vn 0.5913 -0.0100 0.8064
vn -0.0115 -0.9999 0.0116
vn -0.0038 -1.0000 0.0038
vn -0.0156 -0.9998 0.0078
vn -0.0052 -1.0000 0.0025
vn -0.0003 -1.0000 0.0002
vn -0.0056 -1.0000 0.0015
vn -0.0169 -0.9998 0.0049
vn -0.0169 -0.9999 0.0032
vn 0.0056 -1.0000 -0.0008
vn 0.0173 -0.9998 -0.0021
vn 0.0182 -0.9998 -0.0027
vn 0.0058 -1.0000 -0.0011
vn 0.0180 -0.9998 -0.0050
vn 0.0053 -1.0000 -0.0020
vn 0.0033 -1.0000 -0.0031
vn 0.0107 -0.9999 -0.0090
vn 0.5227 0.0031 0.8525
vn 0.5248 0.0010 0.8512
vn 0.9963 -0.0079 -0.0854
vn 0.9965 -0.0027 -0.0835
vn 0.5363 0.0001 0.8441
vn 0.9966 -0.0001 -0.0830
vn 0.9953 -0.0034 -0.0968
vn 0.9952 -0.0089 -0.0977
vn 0.9949 -0.0102 -0.1004
vn 0.9950 -0.0037 -0.1000
vn 0.9953 -0.0001 -0.0965
vn 0.9950 -0.0000 -0.1000
vn 0.9950 0.0036 -0.1000
vn 0.9949 0.0105 -0.1003
vn 0.9951 0.0092 -0.0979
vn 0.9953 0.0032 -0.0970
vn 0.9963 0.0082 -0.0853
vn 0.9965 0.0024 -0.0833
vn 0.5247 -0.0014 0.8513
vn 0.5227 -0.0033 0.8525
vn 0.0036 1.0000 -0.0034
vn 0.0107 0.9999 -0.0090
vn 0.0057 1.0000 -0.0021
vn 0.0180 0.9998 -0.0050
vn -0.0004 1.0000 0.0002
vn -0.0002 1.0000 0.0000
vn 0.0060 1.0000 -0.0008
vn 0.0062 1.0000 -0.0012
vn 0.0182 0.9998 -0.0027
vn 0.0173 0.9998 -0.0021
vn -0.0060 1.0000 0.0016
vn -0.0059 1.0000 0.0011
vn -0.0169 0.9999 0.0032
vn -0.0169 0.9998 0.0049
vn -0.0055 1.0000 0.0026
vn -0.0156 0.9998 0.0078
vn -0.0041 1.0000 0.0040
vn -0.0115 0.9999 0.0116
vn -0.6791 0.0099 0.7340
vn -0.6790 0.0034 0.7341
vn -0.8777 0.0095 0.4792
vn -0.8775 0.0036 0.4795
vn -0.6788 0.0001 0.7343
vn -0.8775 -0.0000 0.4795
vn -0.9523 0.0038 0.3052
vn -0.9523 0.0100 0.3049
vn -0.9791 0.0106 0.2029
vn -0.9792 0.0038 0.2031
vn -0.9523 0.0000 0.3052
vn -0.9791 0.0000 0.2031
vn -0.9791 -0.0038 0.2031
vn -0.9791 -0.0108 0.2030
vn -0.9524 -0.0102 0.3048
vn -0.9523 -0.0038 0.3051
vn -0.8777 -0.0097 0.4790
vn -0.8775 -0.0034 0.4795
vn -0.6790 -0.0034 0.7342
vn -0.6789 -0.0101 0.7342
vn -0.0165 -0.9999 0.0023
vn -0.0054 -1.0000 0.0007
vn -0.0163 -0.9999 0.0020
vn -0.0053 -1.0000 0.0006
vn -0.0163 -0.9999 0.0018
vn -0.0164 -0.9999 0.0019
vn 0.0054 -1.0000 -0.0007
vn 0.0164 -0.9999 -0.0022
vn 0.0163 -0.9999 -0.0019
vn 0.0053 -1.0000 -0.0006
vn 0.0163 -0.9999 -0.0018
vn 0.0054 -1.0000 -0.0006
vn 0.0166 -0.9999 -0.0018
vn 0.9946 -0.0111 -0.1029
vn 0.9947 -0.0040 -0.1028
vn 0.9941 -0.0111 -0.1079
vn 0.9942 -0.0040 -0.1079
vn 0.9947 0.0000 -0.1028
vn 0.9942 0.0000 -0.1079
vn 0.9931 -0.0039 -0.1174
vn 0.9930 -0.0117 -0.1173
vn 0.9902 -0.0115 -0.1395
vn 0.9902 -0.0037 -0.1395
vn 0.9931 0.0000 -0.1174
vn 0.9902 -0.0000 -0.1394
vn 0.9902 0.0037 -0.1393
vn 0.9902 0.0115 -0.1393
vn 0.9930 0.0117 -0.1173
vn 0.9931 0.0040 -0.1174
vn 0.9941 0.0112 -0.1079
vn 0.9942 0.0040 -0.1079
vn 0.9947 0.0040 -0.1028
vn 0.9946 0.0112 -0.1029
vn 0.0058 1.0000 -0.0007
vn 0.0166 0.9999 -0.0018
vn 0.0057 1.0000 -0.0006
vn 0.0163 0.9999 -0.0018
vn 0.0057 1.0000 -0.0008
vn 0.0057 1.0000 -0.0007
vn 0.0163 0.9999 -0.0019
vn 0.0164 0.9999 -0.0022
vn -0.0057 1.0000 0.0006
vn -0.0057 1.0000 0.0007
vn -0.0164 0.9999 0.0019
vn -0.0163 0.9999 0.0018
vn -0.0163 0.9999 0.0020
vn -0.0058 1.0000 0.0008
vn -0.0165 0.9999 0.0023
vn -0.9888 0.0112 0.1487
vn -0.9889 0.0040 0.1487
vn -0.9924 0.0117 0.1226
vn -0.9924 0.0040 0.1226
vn -0.9889 0.0000 0.1487
vn -0.9925 -0.0000 0.1226
vn -0.9940 0.0040 0.1097
vn -0.9939 0.0117 0.1097
vn -0.9939 0.0112 0.1094
vn -0.9940 0.0040 0.1094
vn -0.9940 -0.0000 0.1097
vn -0.9940 0.0000 0.1094
vn -0.9940 -0.0040 0.1094
vn -0.9939 -0.0112 0.1094
vn -0.9939 -0.0117 0.1098
vn -0.9940 -0.0040 0.1097
vn -0.9924 -0.0117 0.1226
vn -0.9924 -0.0040 0.1226
vn -0.9889 -0.0040 0.1487
vn -0.9888 -0.0113 0.1486
vn -0.0165 -0.9999 0.0022
vn -0.0054 -1.0000 0.0008
vn -0.0163 -0.9999 0.0033
vn -0.0052 -1.0000 0.0012
vn 0.0001 -1.0000 -0.0000
vn -0.0046 -1.0000 0.0021
vn -0.0143 -0.9999 0.0063
vn -0.0129 -0.9999 0.0094
vn -0.0042 -1.0000 0.0031
vn 0.0001 -1.0000 -0.0001
vn 0.0044 -1.0000 -0.0032
vn 0.0134 -0.9999 -0.0097
vn 0.0151 -0.9999 -0.0074
vn 0.0050 -1.0000 -0.0024
vn 0.0162 -0.9999 -0.0046
vn 0.0053 -1.0000 -0.0014
vn 0.0054 -1.0000 -0.0009
vn 0.0164 -0.9999 -0.0030
vn 0.9821 -0.0115 -0.1882
vn 0.9822 -0.0041 -0.1880
vn 0.9579 -0.0119 -0.2870
vn 0.9579 -0.0039 -0.2872
vn 0.9821 0.0001 -0.1882
vn 0.9578 0.0001 -0.2874
vn 0.8943 -0.0039 -0.4474
vn 0.8943 -0.0116 -0.4473
vn 0.8090 -0.0116 -0.5877
vn 0.8090 -0.0039 -0.5878
vn 0.8944 -0.0000 -0.4473
vn 0.8092 -0.0001 -0.5876
vn 0.8090 0.0040 -0.5879
vn 0.8089 0.0117 -0.5878
vn 0.8943 0.0115 -0.4474
vn 0.8944 0.0039 -0.4473
vn 0.9579 0.0117 -0.2869
vn 0.9579 0.0039 -0.2872
vn 0.9821 0.0039 -0.1882
vn 0.9820 0.0115 -0.1883
vn 0.0058 1.0000 -0.0010
vn 0.0164 0.9999 -0.0030
vn 0.0057 1.0000 -0.0015
vn 0.0162 0.9999 -0.0046
vn 0.0047 1.0000 -0.0034
vn 0.0053 1.0000 -0.0026
vn 0.0151 0.9999 -0.0074
vn 0.0134 0.9999 -0.0097
vn 0.0001 1.0000 -0.0001
vn -0.0050 1.0000 0.0023
vn -0.0045 1.0000 0.0033
vn -0.0129 0.9999 0.0094
vn -0.0143 0.9999 0.0063
vn -0.0056 1.0000 0.0013
vn -0.0163 0.9999 0.0033
vn -0.0165 0.9999 0.0022
vn -0.9924 0.0113 0.1223
vn -0.9925 0.0040 0.1224
vn -0.9860 0.0111 0.1665
vn -0.9861 0.0038 0.1659
vn -0.9925 -0.0001 0.1221
vn -0.9861 0.0000 0.1663
vn -0.9261 0.0040 0.3773
vn -0.9265 0.0114 0.3760
vn -0.8090 0.0116 0.5877
vn -0.8095 0.0040 0.5871
vn -0.9269 -0.0000 0.3753
vn -0.8099 -0.0000 0.5865
vn -0.8095 -0.0040 0.5871
vn -0.8090 -0.0116 0.5876
vn -0.9265 -0.0115 0.3761
vn -0.9261 -0.0040 0.3773
vn -0.9860 -0.0109 0.1664
vn -0.9861 -0.0039 0.1660
vn -0.9925 -0.0039 0.1223
vn -0.9924 -0.0112 0.1224
vn -0.0034 -1.0000 0.0037
vn -0.0104 -0.9999 0.0116
vn -0.0028 -1.0000 0.0046
vn -0.0082 -0.9999 0.0144
vn -0.0023 -1.0000 0.0049
vn -0.0024 -1.0000 0.0049
vn -0.0072 -0.9999 0.0150
vn -0.0068 -0.9999 0.0150
vn 0.0025 -1.0000 -0.0048
vn 0.0023 -1.0000 -0.0049
vn 0.0072 -0.9999 -0.0149
vn 0.0079 -0.9999 -0.0147
vn 0.0030 -1.0000 -0.0046
vn 0.0094 -0.9999 -0.0140
vn 0.0038 -1.0000 -0.0040
vn 0.0117 -0.9999 -0.0121
vn 0.7018 -0.0118 -0.7123
vn 0.7017 -0.0039 -0.7125
vn 0.5691 -0.0116 -0.8222
vn 0.5691 -0.0039 -0.8223
vn 0.7019 -0.0001 -0.7123
vn 0.5690 -0.0000 -0.8223
vn 0.4825 -0.0037 -0.8759
vn 0.4824 -0.0114 -0.8759
vn 0.4386 -0.0115 -0.8986
vn 0.4386 -0.0040 -0.8987
vn 0.4826 0.0000 -0.8759
vn 0.4386 -0.0000 -0.8987
vn 0.4386 0.0040 -0.8987
vn 0.4384 0.0115 -0.8987
vn 0.4826 0.0115 -0.8758
vn 0.4826 0.0037 -0.8758
vn 0.5690 0.0116 -0.8222
vn 0.5690 0.0039 -0.8223
vn 0.7017 0.0040 -0.7125
vn 0.7019 0.0118 -0.7122
vn 0.0117 0.9999 -0.0121
vn 0.0041 1.0000 -0.0043
vn 0.0094 0.9999 -0.0140
vn 0.0032 1.0000 -0.0049
vn 0.0002 1.0000 -0.0002
vn 0.0027 1.0000 -0.0052
vn 0.0079 0.9999 -0.0147
vn 0.0072 0.9999 -0.0149
vn 0.0025 1.0000 -0.0052
vn -0.0024 1.0000 0.0052
vn -0.0068 0.9999 0.0150
vn -0.0072 0.9999 0.0150
vn -0.0026 1.0000 0.0052
vn -0.0082 0.9999 0.0144
vn -0.0030 1.0000 0.0049
vn -0.0037 1.0000 0.0040
vn -0.0104 0.9999 0.0116
vn -0.6436 0.0115 0.7653
vn -0.6456 0.0038 0.7637
vn -0.4629 0.0112 0.8863
vn -0.4626 0.0037 0.8865
vn -0.6440 0.0001 0.7650
vn -0.4623 0.0001 0.8867
vn -0.4230 0.0040 0.9061
vn -0.4233 0.0114 0.9059
vn -0.4111 0.0114 0.9115
vn -0.4111 0.0041 0.9116
vn -0.4229 0.0000 0.9062
vn -0.4112 -0.0001 0.9116
vn -0.4111 -0.0040 0.9116
vn -0.4112 -0.0115 0.9115
vn -0.4233 -0.0115 0.9059
vn -0.4231 -0.0039 0.9061
vn -0.4627 -0.0114 0.8864
vn -0.4625 -0.0037 0.8866
vn -0.6455 -0.0040 0.7637
vn -0.6437 -0.0115 0.7652
vn -0.0022 -1.0000 0.0049
vn -0.0067 -0.9999 0.0149
vn -0.0069 -0.9999 0.0149
vn -0.0026 -1.0000 0.0050
vn -0.0073 -0.9999 0.0150
vn -0.0083 -0.9999 0.0150
vn 0.0023 -1.0000 -0.0050
vn 0.0025 -1.0000 -0.0051
vn 0.0073 -0.9998 -0.0158
vn 0.0069 -0.9999 -0.0152
vn 0.0022 -1.0000 -0.0049
vn 0.0068 -0.9999 -0.0150
vn 0.0068 -0.9999 -0.0149
vn 0.4185 -0.0115 -0.9082
vn 0.4185 -0.0039 -0.9082
vn 0.4098 -0.0119 -0.9121
vn 0.4098 -0.0039 -0.9121
vn 0.4185 0.0000 -0.9082
vn 0.4098 -0.0000 -0.9122
vn 0.4051 -0.0038 -0.9143
vn 0.4052 -0.0112 -0.9142
vn 0.4029 -0.0106 -0.9152
vn 0.4028 -0.0036 -0.9153
vn 0.4051 -0.0000 -0.9143
vn 0.4026 0.0000 -0.9154
vn 0.4027 0.0037 -0.9153
vn 0.4030 0.0104 -0.9151
vn 0.4052 0.0111 -0.9142
vn 0.4050 0.0039 -0.9143
vn 0.4098 0.0119 -0.9121
vn 0.4098 0.0039 -0.9122
vn 0.4185 0.0039 -0.9082
vn 0.4185 0.0115 -0.9081
vn 0.0068 0.9999 -0.0149
vn 0.0024 1.0000 -0.0052
vn 0.0068 0.9999 -0.0150
vn 0.0024 1.0000 -0.0053
vn 0.0069 0.9999 -0.0152
vn 0.0073 0.9998 -0.0158
vn 0.0026 1.0000 -0.0054
vn -0.0028 1.0000 0.0053
vn -0.0083 0.9999 0.0150
vn -0.0073 0.9999 0.0150
vn -0.0025 1.0000 0.0053
vn -0.0069 0.9999 0.0149
vn -0.0067 0.9999 0.0149
vn -0.4115 0.0118 0.9113
vn -0.4115 0.0039 0.9114
vn -0.4232 0.0114 0.9060
vn -0.4233 0.0041 0.9060
vn -0.4115 0.0000 0.9114
vn -0.4233 0.0000 0.9060
vn -0.4471 0.0036 0.8945
vn -0.4470 0.0114 0.8945
vn -0.4957 0.0109 0.8684
vn -0.4957 0.0037 0.8685
vn -0.4471 0.0000 0.8945
vn -0.4958 -0.0000 0.8684
vn -0.4958 -0.0038 0.8684
vn -0.4956 -0.0108 0.8685
vn -0.4469 -0.0113 0.8945
vn -0.4470 -0.0037 0.8945
vn -0.4233 -0.0113 0.9059
vn -0.4234 -0.0041 0.9060
vn -0.4115 -0.0040 0.9114
vn -0.4114 -0.0118 0.9114
vn -0.0032 -1.0000 0.0048
vn -0.0099 -0.9998 0.0145
vn -0.0039 -1.0000 0.0042
vn -0.0122 -0.9998 0.0124
vn -0.0001 -1.0000 0.0002
vn -0.0051 -1.0000 -0.0000
vn -0.0048 -1.0000 0.0025
vn -0.0146 -0.9999 0.0073
vn -0.0155 -0.9999 -0.0000
vn -0.0003 -1.0000 -0.0000
vn 0.0040 -1.0000 -0.0021
vn 0.0043 -1.0000 0.0000
vn 0.0134 -0.9999 0.0000
vn 0.0119 -0.9999 -0.0073
vn 0.0035 -1.0000 -0.0044
vn 0.0103 -0.9998 -0.0156
vn 0.0028 -1.0000 -0.0051
vn 0.0083 -0.9998 -0.0165
vn 0.4005 -0.0097 -0.9163
vn 0.3999 -0.0032 -0.9165
vn 0.3899 -0.0082 -0.9208
vn 0.3875 -0.0026 -0.9219
vn 0.3996 0.0001 -0.9167
vn 0.3857 0.0002 -0.9226
vn -0.6493 0.0011 -0.7606
vn -0.6576 0.0031 -0.7534
vn -0.9999 0.0105 -0.0001
vn -1.0000 0.0035 0.0000
vn -0.6714 0.0007 -0.7411
vn -1.0000 0.0000 0.0075
vn -1.0000 -0.0035 -0.0000
vn -0.9999 -0.0105 0.0001
vn -0.6574 -0.0035 -0.7536
vn -0.6491 -0.0014 -0.7607
vn 0.3898 0.0079 -0.9209
vn 0.3874 0.0027 -0.9219
vn 0.3999 0.0032 -0.9166
vn 0.4003 0.0095 -0.9163
vn 0.0083 0.9998 -0.0165
vn 0.0031 1.0000 -0.0055
vn 0.0103 0.9998 -0.0156
vn 0.0038 1.0000 -0.0048
vn -0.0001 1.0000 0.0002
vn 0.0043 1.0000 -0.0024
vn 0.0119 0.9999 -0.0073
vn 0.0134 0.9999 0.0000
vn 0.0047 1.0000 0.0000
vn -0.0004 1.0000 0.0003
vn -0.0004 1.0000 -0.0000
vn -0.0054 1.0000 -0.0000
vn -0.0155 0.9999 -0.0000
vn -0.0146 0.9999 0.0073
vn -0.0051 1.0000 0.0026
vn -0.0122 0.9998 0.0124
vn -0.0042 1.0000 0.0045
vn -0.0034 1.0000 0.0052
vn -0.0099 0.9998 0.0145
vn -0.5842 0.0105 0.8115
vn -0.5844 0.0035 0.8114
vn -0.7269 0.0100 0.6866
vn -0.7272 0.0033 0.6865
vn -0.5846 -0.0001 0.8114
vn -0.7272 -0.0000 0.6864
vn -0.9081 0.0033 0.4187
vn -0.9080 0.0101 0.4189
vn -1.0000 0.0033 -0.0001
vn -0.9081 -0.0000 0.4187
vn -1.0000 0.0000 -0.0001
vn -1.0000 -0.0033 -0.0000
vn -0.9999 -0.0105 0.0000
vn -0.9080 -0.0100 0.4188
vn -0.9081 -0.0034 0.4187
vn -0.7270 -0.0097 0.6866
vn -0.7271 -0.0033 0.6865
vn -0.5844 -0.0035 0.8114
vn -0.5842 -0.0103 0.8116
vn -0.0146 -0.9999 -0.0073
vn -0.0048 -1.0000 -0.0025
vn -0.0123 -0.9998 -0.0125
vn -0.0039 -1.0000 -0.0042
vn -0.0003 -1.0000 -0.0002
vn -0.0032 -1.0000 -0.0048
vn -0.0099 -0.9998 -0.0146
vn -0.0083 -0.9999 -0.0150
vn -0.0026 -1.0000 -0.0050
vn 0.0025 -1.0000 0.0051
vn 0.0073 -0.9998 0.0158
vn 0.0082 -0.9998 0.0165
vn 0.0028 -1.0000 0.0051
vn 0.0103 -0.9998 0.0156
vn 0.0035 -1.0000 0.0044
vn 0.0040 -1.0000 0.0021
vn 0.0119 -0.9999 0.0073
vn -0.6582 0.0031 0.7528
vn -0.6492 0.0014 0.7606
vn 0.3889 -0.0080 0.9213
vn 0.3871 -0.0028 0.9220
vn -0.6657 -0.0006 0.7463
vn 0.3859 -0.0000 0.9225
vn 0.3996 -0.0034 0.9167
vn 0.4003 -0.0091 0.9163
vn 0.4029 -0.0104 0.9152
vn 0.4027 -0.0034 0.9153
vn 0.3998 0.0001 0.9166
vn 0.4026 -0.0000 0.9154
vn 0.4027 0.0034 0.9153
vn 0.4027 0.0106 0.9153
vn 0.4008 0.0095 0.9161
vn 0.3997 0.0031 0.9166
vn 0.3887 0.0084 0.9213
vn 0.3872 0.0025 0.9220
vn -0.6493 -0.0009 0.7605
vn -0.6583 -0.0030 0.7527
vn 0.0043 1.0000 0.0024
vn 0.0119 0.9999 0.0073
vn 0.0038 1.0000 0.0048
vn 0.0103 0.9998 0.0156
vn -0.0004 1.0000 -0.0003
vn 0.0026 1.0000 0.0054
vn 0.0031 1.0000 0.0055
vn 0.0082 0.9998 0.0165
vn 0.0073 0.9998 0.0158
vn -0.0034 1.0000 -0.0052
vn -0.0028 1.0000 -0.0053
vn -0.0083 0.9999 -0.0150
vn -0.0099 0.9998 -0.0146
vn -0.0042 1.0000 -0.0045
vn -0.0123 0.9998 -0.0125
vn -0.0051 1.0000 -0.0026
vn -0.0146 0.9999 -0.0073
vn -0.9079 0.0101 -0.4191
vn -0.9081 0.0033 -0.4188
vn -0.7270 0.0097 -0.6865
vn -0.7272 0.0033 -0.6864
vn -0.9081 0.0000 -0.4188
vn -0.7273 0.0000 -0.6863
vn -0.5845 0.0036 -0.8114
vn -0.5842 0.0103 -0.8115
vn -0.4956 0.0110 -0.8685
vn -0.4957 0.0038 -0.8685
vn -0.5846 0.0000 -0.8113
vn -0.4958 0.0000 -0.8685
vn -0.4957 -0.0038 -0.8685
vn -0.4955 -0.0112 -0.8685
vn -0.5843 -0.0105 -0.8115
vn -0.5845 -0.0035 -0.8114
vn -0.7269 -0.0099 -0.6866
vn -0.7272 -0.0032 -0.6864
vn -0.9081 -0.0032 -0.4187
vn -0.9079 -0.0102 -0.4191
vn -0.0073 -0.9999 -0.0150
vn -0.0024 -1.0000 -0.0049
vn -0.0069 -0.9999 -0.0149
vn -0.0022 -1.0000 -0.0049
vn -0.0068 -0.9999 -0.0149
vn -0.0069 -0.9999 -0.0150
vn -0.0023 -1.0000 -0.0049
vn 0.0023 -1.0000 0.0049
vn 0.0072 -0.9999 0.0149
vn 0.0068 -0.9999 0.0149
vn 0.0022 -1.0000 0.0049
vn 0.0067 -0.9999 0.0149
vn 0.0069 -0.9999 0.0152
vn 0.4052 -0.0111 0.9142
vn 0.4051 -0.0036 0.9143
vn 0.4099 -0.0116 0.9120
vn 0.4098 -0.0039 0.9121
vn 0.4051 -0.0000 0.9143
vn 0.4098 -0.0000 0.9122
vn 0.4184 -0.0042 0.9082
vn 0.4184 -0.0113 0.9082
vn 0.4386 -0.0120 0.8986
vn 0.4386 -0.0041 0.8987
vn 0.4185 0.0000 0.9082
vn 0.4386 0.0000 0.8987
vn 0.4386 0.0041 0.8987
vn 0.4385 0.0120 0.8986
vn 0.4186 0.0113 0.9081
vn 0.4185 0.0041 0.9082
vn 0.4098 0.0116 0.9121
vn 0.4098 0.0039 0.9121
vn 0.4051 0.0036 0.9143
vn 0.4052 0.0112 0.9142
vn 0.0024 1.0000 0.0053
vn 0.0069 0.9999 0.0152
vn 0.0024 1.0000 0.0052
vn 0.0067 0.9999 0.0149
vn 0.0025 1.0000 0.0052
vn 0.0068 0.9999 0.0149
vn 0.0072 0.9999 0.0149
vn -0.0024 1.0000 -0.0052
vn -0.0069 0.9999 -0.0150
vn -0.0068 0.9999 -0.0149
vn -0.0069 0.9999 -0.0149
vn -0.0025 1.0000 -0.0053
vn -0.0073 0.9999 -0.0150
vn -0.4469 0.0113 -0.8945
vn -0.4470 0.0039 -0.8945
vn -0.4232 0.0115 -0.9060
vn -0.4233 0.0039 -0.9060
vn -0.4470 0.0000 -0.8945
vn -0.4233 -0.0000 -0.9060
vn -0.4116 0.0041 -0.9114
vn -0.4116 0.0113 -0.9113
vn -0.4112 0.0116 -0.9115
vn -0.4112 0.0040 -0.9115
vn -0.4115 -0.0000 -0.9114
vn -0.4111 -0.0001 -0.9116
vn -0.4112 -0.0040 -0.9115
vn -0.4113 -0.0116 -0.9114
vn -0.4114 -0.0113 -0.9114
vn -0.4115 -0.0041 -0.9114
vn -0.4233 -0.0115 -0.9059
vn -0.4233 -0.0039 -0.9060
vn -0.4470 -0.0039 -0.8945
vn -0.4470 -0.0114 -0.8945
vn -0.0072 -0.9999 -0.0150
vn -0.0082 -0.9999 -0.0145
vn -0.0028 -1.0000 -0.0046
vn 0.0000 -1.0000 0.0001
vn -0.0034 -1.0000 -0.0037
vn -0.0104 -0.9999 -0.0116
vn -0.0129 -0.9999 -0.0094
vn -0.0042 -1.0000 -0.0031
vn 0.0044 -1.0000 0.0032
vn 0.0134 -0.9999 0.0097
vn 0.0117 -0.9999 0.0121
vn 0.0038 -1.0000 0.0040
vn 0.0094 -0.9999 0.0140
vn 0.0030 -1.0000 0.0046
vn 0.0025 -1.0000 0.0048
vn 0.0079 -0.9999 0.0147
vn 0.4824 -0.0118 0.8759
vn 0.4825 -0.0039 0.8759
vn 0.5689 -0.0117 0.8223
vn 0.5690 -0.0039 0.8223
vn 0.4826 -0.0000 0.8759
vn 0.5690 0.0000 0.8223
vn 0.7019 -0.0039 0.7122
vn 0.7019 -0.0118 0.7122
vn 0.8089 -0.0116 0.5878
vn 0.8090 -0.0040 0.5878
vn 0.7019 -0.0000 0.7123
vn 0.8092 0.0001 0.5876
vn 0.8090 0.0039 0.5877
vn 0.8090 0.0116 0.5877
vn 0.7018 0.0117 0.7122
vn 0.7019 0.0039 0.7123
vn 0.5689 0.0116 0.8223
vn 0.5690 0.0039 0.8223
vn 0.4825 0.0040 0.8759
vn 0.4824 0.0117 0.8759
vn 0.0027 1.0000 0.0052
vn 0.0079 0.9999 0.0147
vn 0.0032 1.0000 0.0049
vn 0.0094 0.9999 0.0140
vn 0.0001 1.0000 0.0001
vn 0.0047 1.0000 0.0034
vn 0.0041 1.0000 0.0043
vn 0.0117 0.9999 0.0121
vn 0.0134 0.9999 0.0097
vn -0.0037 1.0000 -0.0040
vn -0.0045 1.0000 -0.0033
vn -0.0129 0.9999 -0.0094
vn -0.0104 0.9999 -0.0116
vn -0.0030 1.0000 -0.0049
vn -0.0082 0.9999 -0.0145
vn -0.0026 1.0000 -0.0052
vn -0.0072 0.9999 -0.0150
vn -0.4231 0.0115 -0.9060
vn -0.4231 0.0038 -0.9061
vn -0.4625 0.0113 -0.8865
vn -0.4626 0.0040 -0.8866
vn -0.4231 -0.0001 -0.9061
vn -0.4626 -0.0000 -0.8866
vn -0.6439 0.0042 -0.7651
vn -0.6435 0.0116 -0.7653
vn -0.8101 0.0117 -0.5862
vn -0.8083 0.0040 -0.5888
vn -0.6440 -0.0000 -0.7651
vn -0.8099 0.0001 -0.5865
vn -0.8083 -0.0043 -0.5888
vn -0.8100 -0.0117 -0.5863
vn -0.6435 -0.0116 -0.7654
vn -0.6439 -0.0041 -0.7651
vn -0.4625 -0.0111 -0.8866
vn -0.4626 -0.0039 -0.8866
vn -0.4232 -0.0038 -0.9060
vn -0.4232 -0.0114 -0.9060
vn -0.0046 -1.0000 -0.0021
vn -0.0142 -0.9999 -0.0063
vn -0.0052 -1.0000 -0.0012
vn -0.0163 -0.9999 -0.0033
vn 0.0002 -1.0000 0.0001
vn 0.0001 -1.0000 0.0000
vn -0.0053 -1.0000 -0.0006
vn -0.0054 -1.0000 -0.0008
vn -0.0165 -0.9999 -0.0022
vn -0.0164 -0.9999 -0.0019
vn 0.0054 -1.0000 0.0009
vn 0.0054 -1.0000 0.0007
vn 0.0164 -0.9999 0.0022
vn 0.0164 -0.9999 0.0030
vn 0.0053 -1.0000 0.0014
vn 0.0162 -0.9999 0.0046
vn 0.0050 -1.0000 0.0024
vn 0.0151 -0.9999 0.0074
vn 0.8943 -0.0116 0.4472
vn 0.8943 -0.0039 0.4474
vn 0.9579 -0.0117 0.2869
vn 0.9579 -0.0040 0.2871
vn 0.8944 0.0000 0.4474
vn 0.9578 -0.0001 0.2874
vn 0.9821 -0.0040 0.1882
vn 0.9820 -0.0115 0.1883
vn 0.9902 -0.0115 0.1393
vn 0.9902 -0.0037 0.1393
vn 0.9821 -0.0001 0.1882
vn 0.9902 0.0000 0.1394
vn 0.9902 0.0038 0.1395
vn 0.9902 0.0115 0.1395
vn 0.9821 0.0115 0.1882
vn 0.9821 0.0041 0.1881
vn 0.9579 0.0117 0.2869
vn 0.9579 0.0040 0.2871
vn 0.8943 0.0038 0.4475
vn 0.8943 0.0117 0.4473
vn 0.0151 0.9999 0.0074
vn 0.0053 1.0000 0.0026
vn 0.0162 0.9999 0.0046
vn 0.0057 1.0000 0.0015
vn 0.0002 1.0000 0.0001
vn 0.0001 1.0000 0.0000
vn 0.0058 1.0000 0.0010
vn 0.0164 0.9999 0.0030
vn 0.0164 0.9999 0.0022
vn 0.0057 1.0000 0.0008
vn -0.0057 1.0000 -0.0007
vn -0.0164 0.9999 -0.0019
vn -0.0165 0.9999 -0.0022
vn -0.0058 1.0000 -0.0008
vn -0.0163 0.9999 -0.0033
vn -0.0056 1.0000 -0.0013
vn -0.0050 1.0000 -0.0023
vn -0.0142 0.9999 -0.0063
vn -0.9271 0.0115 -0.3746
vn -0.9261 0.0040 -0.3772
vn -0.9860 0.0109 -0.1665
vn -0.9861 0.0040 -0.1658
vn -0.9268 -0.0000 -0.3754
vn -0.9861 -0.0000 -0.1664
vn -0.9925 0.0040 -0.1223
vn -0.9924 0.0112 -0.1224
vn -0.9939 0.0111 -0.1094
vn -0.9940 0.0040 -0.1094
vn -0.9925 0.0001 -0.1221
vn -0.9940 -0.0000 -0.1094
vn -0.9940 -0.0040 -0.1094
vn -0.9939 -0.0112 -0.1094
vn -0.9924 -0.0112 -0.1223
vn -0.9925 -0.0041 -0.1224
vn -0.9859 -0.0111 -0.1667
vn -0.9862 -0.0038 -0.1658
vn -0.9262 -0.0041 -0.3771
vn -0.9272 -0.0115 -0.3743
vn -0.0163 -0.9999 -0.0018
vn -0.0163 -0.9999 -0.0020
vn -0.0054 -1.0000 -0.0007
vn -0.0165 -0.9999 -0.0023
vn -0.0169 -0.9999 -0.0032
vn 0.0054 -1.0000 0.0006
vn 0.0056 -1.0000 0.0008
vn 0.0173 -0.9998 0.0021
vn 0.0166 -0.9999 0.0018
vn 0.0053 -1.0000 0.0006
vn 0.0163 -0.9999 0.0018
vn 0.0163 -0.9999 0.0019
vn 0.9930 -0.0117 0.1173
vn 0.9931 -0.0040 0.1174
vn 0.9941 -0.0112 0.1079
vn 0.9942 -0.0040 0.1079
vn 0.9931 0.0000 0.1174
vn 0.9942 0.0000 0.1079
vn 0.9947 -0.0040 0.1028
vn 0.9946 -0.0112 0.1029
vn 0.9949 -0.0104 0.1003
vn 0.9950 -0.0036 0.1000
vn 0.9947 -0.0000 0.1028
vn 0.9950 -0.0000 0.1000
vn 0.9950 0.0037 0.1000
vn 0.9949 0.0102 0.1004
vn 0.9946 0.0111 0.1029
vn 0.9947 0.0040 0.1028
vn 0.9941 0.0112 0.1079
vn 0.9942 0.0040 0.1079
vn 0.9931 0.0040 0.1174
vn 0.9930 0.0117 0.1173
vn 0.0163 0.9999 0.0019
vn 0.0057 1.0000 0.0007
vn 0.0163 0.9999 0.0018
vn 0.0057 1.0000 0.0006
vn 0.0058 1.0000 0.0007
vn 0.0166 0.9999 0.0018
vn 0.0173 0.9998 0.0021
vn 0.0060 1.0000 0.0008
vn -0.0059 1.0000 -0.0011
vn -0.0169 0.9999 -0.0032
vn -0.0165 0.9999 -0.0023
vn -0.0163 0.9999 -0.0020
vn -0.0057 1.0000 -0.0006
vn -0.0163 0.9999 -0.0018
vn -0.9939 0.0117 -0.1098
vn -0.9940 0.0040 -0.1097
vn -0.9924 0.0117 -0.1226
vn -0.9924 0.0040 -0.1226
vn -0.9940 -0.0000 -0.1097
vn -0.9925 0.0000 -0.1226
vn -0.9889 0.0040 -0.1487
vn -0.9888 0.0113 -0.1486
vn -0.9791 0.0108 -0.2030
vn -0.9792 0.0038 -0.2031
vn -0.9889 -0.0000 -0.1487
vn -0.9791 -0.0000 -0.2031
vn -0.9792 -0.0038 -0.2031
vn -0.9791 -0.0106 -0.2029
vn -0.9888 -0.0112 -0.1487
vn -0.9889 -0.0040 -0.1488
vn -0.9924 -0.0117 -0.1226
vn -0.9924 -0.0040 -0.1226
vn -0.9940 -0.0040 -0.1097
vn -0.9939 -0.0117 -0.1097
vn -0.0056 -1.0000 -0.0015
vn -0.0169 -0.9998 -0.0049
vn -0.0052 -1.0000 -0.0025
vn -0.0156 -0.9998 -0.0078
vn -0.0016 -1.0000 -0.0048
vn -0.0038 -1.0000 -0.0038
vn -0.0115 -0.9999 -0.0116
vn -0.0048 -0.9999 -0.0147
vn -0.0001 -1.0000 -0.0003
vn 0.0033 -1.0000 0.0031
vn 0.0013 -1.0000 0.0041
vn 0.0041 -0.9999 0.0128
vn 0.0106 -0.9999 0.0090
vn 0.0053 -1.0000 0.0020
vn 0.0180 -0.9998 0.0050
vn 0.0058 -1.0000 0.0011
vn 0.0182 -0.9998 0.0027
vn 0.9951 -0.0092 0.0979
vn 0.9953 -0.0032 0.0970
vn 0.9963 -0.0082 0.0852
vn 0.9965 -0.0024 0.0833
vn 0.9953 0.0001 0.0964
vn 0.9965 0.0001 0.0830
vn 0.5244 0.0014 -0.8515
vn 0.4991 0.0030 -0.8665
vn -0.3277 0.0102 -0.9447
vn -0.3227 0.0036 -0.9465
vn 0.5365 -0.0002 -0.8439
vn -0.3066 -0.0001 -0.9518
vn -0.3229 -0.0035 -0.9464
vn -0.3277 -0.0104 -0.9447
vn 0.4993 -0.0028 -0.8664
vn 0.5246 -0.0013 -0.8514
vn 0.9963 0.0078 0.0853
vn 0.9965 0.0026 0.0834
vn 0.9953 0.0034 0.0968
vn 0.9952 0.0089 0.0977
vn 0.0182 0.9998 0.0027
vn 0.0062 1.0000 0.0012
vn 0.0180 0.9998 0.0050
vn 0.0057 1.0000 0.0021
vn -0.0002 1.0000 -0.0000
vn 0.0036 1.0000 0.0034
vn 0.0106 0.9999 0.0090
vn 0.0041 0.9999 0.0128
vn 0.0015 1.0000 0.0045
vn -0.0004 1.0000 -0.0002
vn -0.0001 1.0000 -0.0004
vn -0.0017 1.0000 -0.0051
vn -0.0048 0.9999 -0.0147
vn -0.0115 0.9999 -0.0116
vn -0.0041 1.0000 -0.0040
vn -0.0156 0.9998 -0.0078
vn -0.0055 1.0000 -0.0026
vn -0.0060 1.0000 -0.0016
vn -0.0169 0.9998 -0.0049
vn -0.9523 0.0103 -0.3048
vn -0.9523 0.0036 -0.3051
vn -0.8776 0.0098 -0.4792
vn -0.8776 0.0033 -0.4795
vn -0.9523 -0.0000 -0.3052
vn -0.8775 0.0000 -0.4795
vn -0.6789 0.0034 -0.7343
vn -0.6789 0.0103 -0.7341
vn -0.3090 0.0104 -0.9510
vn -0.3088 0.0034 -0.9511
vn -0.6788 -0.0000 -0.7343
vn -0.3090 0.0000 -0.9511
vn -0.3089 -0.0035 -0.9511
vn -0.3089 -0.0104 -0.9510
vn -0.6790 -0.0101 -0.7341
vn -0.6788 -0.0034 -0.7343
vn -0.8776 -0.0096 -0.4792
vn -0.8776 -0.0034 -0.4794
vn -0.9523 -0.0037 -0.3051
vn -0.9523 -0.0100 -0.3049
vn 0.0025 -0.9999 -0.0162
vn 0.0009 -1.0000 -0.0053
vn 0.0081 -0.9998 -0.0155
vn 0.0028 -1.0000 -0.0050
vn 0.0001 -1.0000 -0.0003
vn 0.0036 -1.0000 -0.0045
vn 0.0108 -0.9998 -0.0139
vn 0.0117 -0.9999 -0.0125
vn 0.0039 -1.0000 -0.0041
vn -0.0041 -1.0000 0.0039
vn -0.0128 -0.9998 0.0118
vn -0.0131 -0.9998 0.0129
vn -0.0040 -1.0000 0.0043
vn -0.0117 -0.9998 0.0146
vn -0.0031 -1.0000 0.0047
vn -0.0008 -1.0000 0.0044
vn -0.0033 -0.9999 0.0136
vn -0.9216 0.0029 -0.3881
vn -0.9304 0.0012 -0.3665
vn -0.7551 -0.0080 0.6555
vn -0.7570 -0.0028 0.6534
vn -0.9288 -0.0002 -0.3705
vn -0.7577 -0.0001 0.6526
vn -0.7482 -0.0034 0.6634
vn -0.7477 -0.0093 0.6640
vn -0.7458 -0.0106 0.6660
vn -0.7461 -0.0037 0.6658
vn -0.7482 0.0000 0.6634
vn -0.7461 0.0000 0.6658
vn -0.7461 0.0036 0.6658
vn -0.7459 0.0108 0.6660
vn -0.7476 0.0096 0.6641
vn -0.7482 0.0031 0.6635
vn -0.7551 0.0083 0.6555
vn -0.7569 0.0026 0.6535
vn -0.9303 -0.0011 -0.3668
vn -0.9216 -0.0033 -0.3882
vn -0.0009 1.0000 0.0049
vn -0.0033 0.9999 0.0136
vn -0.0034 1.0000 0.0051
vn -0.0117 0.9998 0.0146
vn 0.0002 1.0000 -0.0004
vn -0.0044 1.0000 0.0042
vn -0.0043 1.0000 0.0046
vn -0.0131 0.9998 0.0129
vn -0.0128 0.9998 0.0118
vn 0.0039 1.0000 -0.0048
vn 0.0042 1.0000 -0.0043
vn 0.0117 0.9999 -0.0125
vn 0.0108 0.9998 -0.0139
vn 0.0029 1.0000 -0.0054
vn 0.0081 0.9998 -0.0155
vn 0.0009 1.0000 -0.0056
vn 0.0025 0.9999 -0.0162
vn 0.1179 0.0103 -0.9930
vn 0.1177 0.0035 -0.9930
vn 0.4282 0.0096 -0.9036
vn 0.4281 0.0035 -0.9037
vn 0.1174 0.0001 -0.9931
vn 0.4281 -0.0000 -0.9037
vn 0.5911 0.0033 -0.8066
vn 0.5913 0.0103 -0.8064
vn 0.6728 0.0108 -0.7397
vn 0.6727 0.0037 -0.7399
vn 0.5911 -0.0000 -0.8066
vn 0.6727 0.0000 -0.7399
vn 0.6728 -0.0037 -0.7398
vn 0.6729 -0.0109 -0.7397
vn 0.5912 -0.0106 -0.8065
vn 0.5910 -0.0032 -0.8067
vn 0.4284 -0.0098 -0.9035
vn 0.4281 -0.0034 -0.9037
vn 0.1177 -0.0035 -0.9930
vn 0.1178 -0.0104 -0.9930
vn 0.0120 -0.9999 -0.0116
vn 0.0039 -1.0000 -0.0038
vn 0.0120 -0.9999 -0.0112
vn 0.0039 -1.0000 -0.0036
vn 0.0121 -0.9999 -0.0110
vn 0.0121 -0.9999 -0.0111
vn 0.0039 -1.0000 -0.0037
vn -0.0039 -1.0000 0.0037
vn -0.0120 -0.9999 0.0114
vn -0.0121 -0.9999 0.0111
vn -0.0039 -1.0000 0.0036
vn -0.0121 -0.9999 0.0110
vn -0.0040 -1.0000 0.0036
vn -0.0040 -1.0000 0.0037
vn -0.0124 -0.9999 0.0112
vn -0.7442 -0.0111 0.6678
vn -0.7443 -0.0039 0.6678
vn -0.7408 -0.0115 0.6716
vn -0.7409 -0.0040 0.6716
vn -0.7444 -0.0000 0.6678
vn -0.7409 -0.0000 0.6716
vn -0.7344 -0.0038 0.6787
vn -0.7344 -0.0115 0.6787
vn -0.7191 -0.0117 0.6948
vn -0.7192 -0.0041 0.6948
vn -0.7345 -0.0000 0.6786
vn -0.7191 0.0001 0.6949
vn -0.7191 0.0040 0.6949
vn -0.7191 0.0117 0.6948
vn -0.7345 0.0115 0.6786
vn -0.7345 0.0039 0.6786
vn -0.7408 0.0115 0.6716
vn -0.7408 0.0041 0.6717
vn -0.7443 0.0039 0.6678
vn -0.7442 0.0111 0.6679
vn -0.0043 1.0000 0.0040
vn -0.0124 0.9999 0.0112
vn -0.0042 1.0000 0.0039
vn -0.0121 0.9999 0.0110
vn -0.0042 1.0000 0.0040
vn -0.0121 0.9999 0.0111
vn -0.0120 0.9999 0.0114
vn 0.0042 1.0000 -0.0039
vn 0.0121 0.9999 -0.0111
vn 0.0121 0.9999 -0.0110
vn 0.0120 0.9999 -0.0112
vn 0.0042 1.0000 -0.0040
vn 0.0120 0.9999 -0.0116
vn 0.7126 0.0113 -0.7015
vn 0.7126 0.0039 -0.7016
vn 0.7308 0.0115 -0.6825
vn 0.7308 0.0039 -0.6825
vn 0.7126 -0.0000 -0.7016
vn 0.7308 0.0000 -0.6826
vn 0.7396 0.0039 -0.6730
vn 0.7396 0.0117 -0.6729
vn 0.7398 0.0115 -0.6727
vn 0.7399 0.0039 -0.6727
vn 0.7396 -0.0000 -0.6730
vn 0.7399 0.0000 -0.6727
vn 0.7399 -0.0039 -0.6727
vn 0.7399 -0.0115 -0.6726
vn 0.7395 -0.0117 -0.6730
vn 0.7396 -0.0039 -0.6730
vn 0.7308 -0.0116 -0.6825
vn 0.7308 -0.0039 -0.6825
vn 0.7126 -0.0039 -0.7016
vn 0.7126 -0.0114 -0.7015
vn 0.0120 -0.9999 -0.0115
vn 0.0112 -0.9999 -0.0122
vn 0.0035 -1.0000 -0.0040
vn -0.0001 -1.0000 0.0001
vn 0.0025 -1.0000 -0.0044
vn 0.0078 -0.9999 -0.0134
vn 0.0049 -0.9999 -0.0152
vn 0.0016 -1.0000 -0.0049
vn -0.0017 -1.0000 0.0052
vn -0.0051 -0.9999 0.0158
vn -0.0079 -0.9999 0.0149
vn -0.0026 -1.0000 0.0049
vn -0.0104 -0.9999 0.0133
vn -0.0035 -1.0000 0.0043
vn -0.0038 -1.0000 0.0039
vn -0.0116 -0.9999 0.0121
vn -0.6839 -0.0118 0.7295
vn -0.6838 -0.0038 0.7297
vn -0.6061 -0.0113 0.7953
vn -0.6063 -0.0040 0.7952
vn -0.6839 -0.0000 0.7296
vn -0.6064 -0.0000 0.7952
vn -0.4605 -0.0041 0.8877
vn -0.4608 -0.0117 0.8874
vn -0.3091 -0.0118 0.9510
vn -0.3089 -0.0039 0.9511
vn -0.4602 0.0000 0.8878
vn -0.3090 -0.0000 0.9511
vn -0.3091 0.0039 0.9510
vn -0.3094 0.0117 0.9508
vn -0.4606 0.0117 0.8876
vn -0.4603 0.0041 0.8877
vn -0.6061 0.0112 0.7953
vn -0.6063 0.0040 0.7953
vn -0.6838 0.0038 0.7296
vn -0.6839 0.0117 0.7295
vn -0.0041 1.0000 0.0042
vn -0.0116 0.9999 0.0121
vn -0.0037 1.0000 0.0046
vn -0.0104 0.9999 0.0133
vn -0.0001 1.0000 0.0001
vn -0.0018 1.0000 0.0055
vn -0.0028 1.0000 0.0052
vn -0.0079 0.9999 0.0149
vn -0.0051 0.9999 0.0158
vn 0.0027 1.0000 -0.0048
vn 0.0017 1.0000 -0.0053
vn 0.0049 0.9999 -0.0152
vn 0.0078 0.9999 -0.0134
vn 0.0038 1.0000 -0.0043
vn 0.0112 0.9999 -0.0122
vn 0.0042 1.0000 -0.0041
vn 0.0120 0.9999 -0.0115
vn 0.7309 0.0113 -0.6823
vn 0.7310 0.0038 -0.6823
vn 0.6996 0.0111 -0.7145
vn 0.7001 0.0038 -0.7140
vn 0.7310 0.0000 -0.6824
vn 0.7002 -0.0000 -0.7140
vn 0.5275 0.0040 -0.8495
vn 0.5287 0.0115 -0.8487
vn 0.3078 0.0118 -0.9514
vn 0.3098 0.0039 -0.9508
vn 0.5275 -0.0000 -0.8495
vn 0.3100 -0.0000 -0.9507
vn 0.3100 -0.0040 -0.9507
vn 0.3078 -0.0117 -0.9514
vn 0.5287 -0.0116 -0.8487
vn 0.5274 -0.0040 -0.8496
vn 0.6997 -0.0109 -0.7143
vn 0.7001 -0.0039 -0.7140
vn 0.7310 -0.0039 -0.6823
vn 0.7309 -0.0112 -0.6824
vn 0.0006 -1.0000 -0.0050
vn 0.0015 -0.9999 -0.0155
vn -0.0005 -1.0000 -0.0053
vn -0.0019 -0.9999 -0.0165
vn -0.0010 -1.0000 -0.0053
vn -0.0009 -1.0000 -0.0053
vn -0.0030 -0.9999 -0.0164
vn -0.0033 -0.9999 -0.0162
vn 0.0008 -1.0000 0.0054
vn 0.0010 -1.0000 0.0053
vn 0.0030 -0.9999 0.0163
vn 0.0023 -0.9999 0.0166
vn 0.0003 -1.0000 0.0055
vn 0.0006 -0.9999 0.0169
vn -0.0007 -1.0000 0.0055
vn -0.0024 -0.9999 0.0167
vn -0.1489 -0.0116 0.9888
vn -0.1495 -0.0041 0.9888
vn 0.0230 -0.0116 0.9997
vn 0.0229 -0.0041 0.9997
vn -0.1496 -0.0000 0.9887
vn 0.0230 -0.0000 0.9997
vn 0.1245 -0.0039 0.9922
vn 0.1246 -0.0117 0.9921
vn 0.1734 -0.0116 0.9848
vn 0.1733 -0.0042 0.9849
vn 0.1245 -0.0000 0.9922
vn 0.1733 0.0000 0.9849
vn 0.1734 0.0041 0.9848
vn 0.1735 0.0116 0.9848
vn 0.1243 0.0118 0.9922
vn 0.1244 0.0039 0.9922
vn 0.0233 0.0117 0.9997
vn 0.0231 0.0041 0.9997
vn -0.1495 0.0039 0.9887
vn -0.1488 0.0117 0.9888
vn -0.0024 0.9999 0.0167
vn -0.0008 1.0000 0.0058
vn 0.0006 0.9999 0.0169
vn 0.0003 1.0000 0.0059
vn 0.0008 1.0000 0.0058
vn 0.0023 0.9999 0.0166
vn 0.0030 0.9999 0.0163
vn 0.0011 1.0000 0.0057
vn -0.0011 1.0000 -0.0057
vn -0.0033 0.9999 -0.0162
vn -0.0030 0.9999 -0.0164
vn -0.0010 1.0000 -0.0057
vn -0.0019 0.9999 -0.0165
vn -0.0005 1.0000 -0.0057
vn 0.0006 1.0000 -0.0054
vn 0.0015 0.9999 -0.0155
vn 0.0700 0.0115 -0.9975
vn 0.0733 0.0038 -0.9973
vn -0.1458 0.0113 -0.9892
vn -0.1472 0.0039 -0.9891
vn 0.0730 0.0000 -0.9973
vn -0.1474 0.0000 -0.9891
vn -0.1903 0.0040 -0.9817
vn -0.1902 0.0114 -0.9817
vn -0.2031 0.0112 -0.9791
vn -0.2031 0.0039 -0.9792
vn -0.1903 0.0000 -0.9817
vn -0.2031 0.0000 -0.9791
vn -0.2032 -0.0039 -0.9791
vn -0.2032 -0.0112 -0.9791
vn -0.1900 -0.0114 -0.9817
vn -0.1902 -0.0040 -0.9817
vn -0.1460 -0.0116 -0.9892
vn -0.1472 -0.0037 -0.9891
vn 0.0730 -0.0038 -0.9973
vn 0.0700 -0.0116 -0.9975
vn -0.0011 -1.0000 -0.0052
vn -0.0033 -0.9999 -0.0161
vn -0.0032 -0.9999 -0.0161
vn -0.0008 -1.0000 -0.0056
vn -0.0010 -1.0000 -0.0054
vn -0.0029 -0.9999 -0.0164
vn -0.0021 -0.9999 -0.0170
vn 0.0011 -1.0000 0.0053
vn 0.0010 -1.0000 0.0055
vn 0.0034 -0.9998 0.0171
vn 0.0034 -0.9999 0.0164
vn 0.0011 -1.0000 0.0052
vn 0.0033 -0.9999 0.0161
vn 0.0032 -0.9999 0.0161
vn 0.1953 -0.0115 0.9807
vn 0.1953 -0.0041 0.9807
vn 0.2046 -0.0115 0.9788
vn 0.2046 -0.0041 0.9788
vn 0.1953 -0.0000 0.9807
vn 0.2047 -0.0000 0.9788
vn 0.2096 -0.0038 0.9778
vn 0.2095 -0.0112 0.9777
vn 0.2120 -0.0110 0.9772
vn 0.2123 -0.0034 0.9772
vn 0.2097 0.0000 0.9778
vn 0.2123 -0.0000 0.9772
vn 0.2122 0.0035 0.9772
vn 0.2120 0.0108 0.9772
vn 0.2095 0.0111 0.9778
vn 0.2096 0.0038 0.9778
vn 0.2046 0.0115 0.9788
vn 0.2047 0.0041 0.9788
vn 0.1953 0.0041 0.9807
vn 0.1953 0.0115 0.9807
vn 0.0032 0.9999 0.0161
vn 0.0011 1.0000 0.0056
vn 0.0033 0.9999 0.0161
vn 0.0012 1.0000 0.0056
vn 0.0034 0.9999 0.0164
vn 0.0034 0.9998 0.0171
vn 0.0011 1.0000 0.0060
vn -0.0008 1.0000 -0.0060
vn -0.0021 0.9999 -0.0170
vn -0.0029 0.9999 -0.0164
vn -0.0032 0.9999 -0.0161
vn -0.0011 1.0000 -0.0056
vn -0.0012 1.0000 -0.0056
vn -0.0033 0.9999 -0.0161
vn -0.2029 0.0115 -0.9791
vn -0.2029 0.0041 -0.9792
vn -0.1900 0.0118 -0.9817
vn -0.1900 0.0038 -0.9818
vn -0.2029 -0.0000 -0.9792
vn -0.1900 0.0000 -0.9818
vn -0.1642 0.0041 -0.9864
vn -0.1642 0.0113 -0.9864
vn -0.1096 0.0112 -0.9939
vn -0.1094 0.0038 -0.9940
vn -0.1641 -0.0000 -0.9864
vn -0.1093 -0.0000 -0.9940
vn -0.1094 -0.0038 -0.9940
vn -0.1096 -0.0111 -0.9939
vn -0.1641 -0.0112 -0.9864
vn -0.1641 -0.0041 -0.9864
vn -0.1901 -0.0118 -0.9817
vn -0.1901 -0.0039 -0.9818
vn -0.2028 -0.0041 -0.9792
vn -0.2027 -0.0115 -0.9792
vn -0.0003 -1.0000 -0.0058
vn -0.0005 -0.9998 -0.0176
vn 0.0007 -1.0000 -0.0057
vn 0.0026 -0.9998 -0.0173
vn 0.0041 -1.0000 -0.0030
vn 0.0024 -1.0000 -0.0048
vn 0.0075 -0.9999 -0.0145
vn 0.0125 -0.9999 -0.0091
vn 0.0002 -1.0000 -0.0002
vn -0.0020 -1.0000 0.0041
vn -0.0035 -1.0000 0.0025
vn -0.0108 -0.9999 0.0079
vn -0.0053 -0.9999 0.0129
vn -0.0003 -1.0000 0.0056
vn 0.0009 -0.9998 0.0187
vn 0.0007 -1.0000 0.0058
vn 0.0030 -0.9998 0.0182
vn 0.2147 -0.0098 0.9766
vn 0.2154 -0.0031 0.9765
vn 0.2268 -0.0082 0.9739
vn 0.2279 -0.0027 0.9737
vn 0.2155 -0.0001 0.9765
vn 0.2295 0.0001 0.9733
vn 0.9725 0.0008 0.2329
vn 0.9791 0.0035 0.2031
vn 0.7937 0.0106 -0.6083
vn 0.8194 0.0034 -0.5733
vn 0.9729 0.0003 0.2313
vn 0.8101 0.0001 -0.5862
vn 0.8193 -0.0038 -0.5734
vn 0.7937 -0.0104 -0.6082
vn 0.9791 -0.0029 0.2032
vn 0.9724 -0.0014 0.2332
vn 0.2267 0.0080 0.9739
vn 0.2279 0.0028 0.9737
vn 0.2155 0.0033 0.9765
vn 0.2148 0.0095 0.9766
vn 0.0030 0.9998 0.0182
vn 0.0008 1.0000 0.0062
vn 0.0009 0.9998 0.0187
vn -0.0003 1.0000 0.0061
vn -0.0021 1.0000 0.0045
vn -0.0053 0.9999 0.0129
vn -0.0108 0.9999 0.0079
vn -0.0038 1.0000 0.0028
vn 0.0001 1.0000 -0.0005
vn 0.0003 1.0000 -0.0002
vn 0.0043 1.0000 -0.0032
vn 0.0125 0.9999 -0.0091
vn 0.0075 0.9999 -0.0145
vn 0.0026 1.0000 -0.0051
vn 0.0026 0.9998 -0.0173
vn 0.0008 1.0000 -0.0061
vn -0.0003 1.0000 -0.0062
vn -0.0005 0.9998 -0.0176
vn -0.0042 0.0106 -0.9999
vn -0.0040 0.0036 -1.0000
vn 0.1844 0.0102 -0.9828
vn 0.1848 0.0035 -0.9828
vn -0.0040 -0.0001 -1.0000
vn 0.1849 -0.0000 -0.9828
vn 0.4886 0.0034 -0.8725
vn 0.4885 0.0105 -0.8725
vn 0.8088 0.0105 -0.5879
vn 0.8090 0.0036 -0.5878
vn 0.4885 0.0000 -0.8726
vn 0.8089 0.0000 -0.5879
vn 0.8090 -0.0037 -0.5878
vn 0.8090 -0.0105 -0.5877
vn 0.4883 -0.0103 -0.8726
vn 0.4884 -0.0035 -0.8726
vn 0.1846 -0.0100 -0.9828
vn 0.1849 -0.0035 -0.9828
vn -0.0040 -0.0035 -1.0000
vn -0.0044 -0.0104 -0.9999
vn 0.0161 -0.9999 -0.0027
vn 0.0053 -1.0000 -0.0008
vn 0.0172 -0.9998 0.0029
vn 0.0057 -1.0000 0.0011
vn 0.0004 -1.0000 0.0000
vn 0.0054 -1.0000 0.0021
vn 0.0166 -0.9998 0.0059
vn 0.0155 -0.9999 0.0073
vn 0.0051 -1.0000 0.0024
vn -0.0050 -1.0000 -0.0027
vn -0.0152 -0.9998 -0.0085
vn -0.0164 -0.9998 -0.0085
vn -0.0053 -1.0000 -0.0025
vn -0.0175 -0.9998 -0.0066
vn -0.0054 -1.0000 -0.0015
vn -0.0045 -1.0000 0.0006
vn -0.0139 -0.9999 0.0011
vn 0.0831 0.0031 -0.9965
vn 0.0977 0.0010 -0.9952
vn -0.8564 -0.0081 -0.5162
vn -0.8551 -0.0028 -0.5185
vn 0.0827 0.0000 -0.9966
vn -0.8547 -0.0001 -0.5191
vn -0.8622 -0.0033 -0.5065
vn -0.8626 -0.0096 -0.5059
vn -0.8639 -0.0104 -0.5036
vn -0.8638 -0.0036 -0.5038
vn -0.8622 -0.0000 -0.5066
vn -0.8638 -0.0000 -0.5039
vn -0.8638 0.0035 -0.5038
vn -0.8639 0.0106 -0.5036
vn -0.8626 0.0098 -0.5058
vn -0.8623 0.0031 -0.5064
vn -0.8564 0.0085 -0.5162
vn -0.8551 0.0025 -0.5184
vn 0.0979 -0.0016 -0.9952
vn 0.0830 -0.0030 -0.9965
vn -0.0049 1.0000 0.0006
vn -0.0139 0.9999 0.0011
vn -0.0059 1.0000 -0.0016
vn -0.0175 0.9998 -0.0066
vn 0.0005 1.0000 0.0000
vn -0.0053 1.0000 -0.0029
vn -0.0057 1.0000 -0.0026
vn -0.0164 0.9998 -0.0085
vn -0.0152 0.9998 -0.0085
vn 0.0058 1.0000 0.0022
vn 0.0054 1.0000 0.0026
vn 0.0155 0.9999 0.0073
vn 0.0166 0.9998 0.0059
vn 0.0060 1.0000 0.0011
vn 0.0172 0.9998 0.0029
vn 0.0056 1.0000 -0.0009
vn 0.0161 0.9999 -0.0027
vn 0.9808 0.0102 -0.1949
vn 0.9808 0.0034 -0.1949
vn 0.9917 0.0096 0.1281
vn 0.9918 0.0035 0.1279
vn 0.9808 0.0000 -0.1951
vn 0.9918 0.0000 0.1279
vn 0.9498 0.0034 0.3130
vn 0.9496 0.0100 0.3132
vn 0.9114 0.0107 0.4113
vn 0.9116 0.0039 0.4111
vn 0.9498 0.0000 0.3128
vn 0.9116 0.0000 0.4111
vn 0.9115 -0.0039 0.4112
vn 0.9114 -0.0109 0.4114
vn 0.9497 -0.0103 0.3131
vn 0.9498 -0.0034 0.3129
vn 0.9917 -0.0098 0.1283
vn 0.9918 -0.0034 0.1279
vn 0.9808 -0.0035 -0.1950
vn 0.9807 -0.0102 -0.1951
vn 0.0147 -0.9999 0.0078
vn 0.0048 -1.0000 0.0026
vn 0.0143 -0.9999 0.0080
vn 0.0046 -1.0000 0.0026
vn 0.0142 -0.9999 0.0081
vn -0.0143 -0.9999 -0.0080
vn -0.0142 -0.9999 -0.0081
vn -0.0047 -1.0000 -0.0027
vn -0.0145 -0.9999 -0.0083
vn -0.8651 -0.0114 -0.5015
vn -0.8651 -0.0040 -0.5016
vn -0.8677 -0.0118 -0.4970
vn -0.8677 -0.0038 -0.4970
vn -0.8651 0.0000 -0.5016
vn -0.8677 0.0000 -0.4970
vn -0.8724 -0.0038 -0.4888
vn -0.8724 -0.0121 -0.4887
vn -0.8724 -0.0000 -0.4888
vn -0.8724 0.0121 -0.4887
vn -0.8724 0.0038 -0.4888
vn -0.8676 0.0118 -0.4971
vn -0.8677 0.0037 -0.4971
vn -0.8651 0.0040 -0.5015
vn -0.8651 0.0115 -0.5014
vn -0.0051 1.0000 -0.0029
vn -0.0145 0.9999 -0.0083
vn -0.0050 1.0000 -0.0028
vn -0.0142 0.9999 -0.0081
vn -0.0143 0.9999 -0.0080
vn 0.0142 0.9999 0.0081
vn 0.0143 0.9999 0.0080
vn 0.0051 1.0000 0.0028
vn 0.0147 0.9999 0.0078
vn 0.8874 0.0111 0.4609
vn 0.8874 0.0040 0.4609
vn 0.8749 0.0115 0.4841
vn 0.8750 0.0042 0.4841
vn 0.8875 -0.0000 0.4609
vn 0.8750 0.0000 0.4841
vn 0.8686 0.0040 0.4955
vn 0.8686 0.0120 0.4954
vn 0.8686 -0.0000 0.4955
vn 0.8686 -0.0120 0.4953
vn 0.8686 -0.0040 0.4955
vn 0.8749 -0.0115 0.4842
vn 0.8750 -0.0042 0.4841
vn 0.8874 -0.0039 0.4609
vn 0.8874 -0.0112 0.4609
vn 0.2105 -0.9708 0.1152
vn 0.2071 -0.9712 0.1177
vn 0.6783 -0.6326 0.3739
vn 0.6704 -0.6360 0.3823
vn 0.2148 -0.9713 0.1025
vn 0.6936 -0.6342 0.3415
vn 0.8669 -0.1373 0.4792
vn 0.8599 -0.1403 0.4909
vn 0.8871 -0.1373 0.4407
vn 0.9898 -0.1422 -0.0001
vn 0.9601 -0.1428 0.2403
vn 0.7620 -0.6475 -0.0001
vn 0.7287 -0.6607 0.1801
vn 0.2096 -0.9766 0.0471
vn 0.2284 -0.9736 0.0000
vn -0.2458 -0.9684 -0.0422
vn -0.2429 -0.9701 -0.0000
vn -0.7699 -0.6252 -0.1282
vn -0.7752 -0.6317 0.0000
vn -0.2322 -0.9691 -0.0839
vn -0.7350 -0.6269 -0.2584
vn -0.9768 -0.1397 -0.1623
vn -0.9900 -0.1409 0.0000
vn -0.9348 -0.1384 -0.3272
vn -0.8744 -0.1399 -0.4647
vn -0.8964 -0.1391 -0.4208
vn -0.7018 -0.6311 -0.3304
vn -0.6825 -0.6343 -0.3632
vn -0.2191 -0.9701 -0.1045
vn -0.2112 -0.9709 -0.1130
vn -0.9900 0.1408 -0.0001
vn -0.9768 0.1398 -0.1621
vn -0.7752 0.6317 -0.0001
vn -0.7699 0.6251 -0.1281
vn -0.9347 0.1385 -0.3272
vn -0.7350 0.6269 -0.2584
vn -0.2458 0.9684 -0.0422
vn -0.2429 0.9701 -0.0000
vn -0.2322 0.9691 -0.0839
vn -0.2112 0.9709 -0.1130
vn -0.2191 0.9701 -0.1045
vn -0.6825 0.6343 -0.3632
vn -0.7018 0.6311 -0.3304
vn -0.8964 0.1392 -0.4208
vn -0.8744 0.1399 -0.4647
vn 0.2284 0.9736 -0.0000
vn 0.2096 0.9766 0.0471
vn 0.7620 0.6475 0.0001
vn 0.7287 0.6608 0.1801
vn 0.2148 0.9713 0.1025
vn 0.6936 0.6342 0.3415
vn 0.9602 0.1426 0.2402
vn 0.9898 0.1422 0.0001
vn 0.8871 0.1372 0.4407
vn 0.8599 0.1403 0.4909
vn 0.8669 0.1372 0.4792
vn 0.6704 0.6360 0.3823
vn 0.6783 0.6326 0.3739
vn 0.2105 0.9708 0.1152
vn 0.2071 0.9712 0.1177
vn 0.2096 -0.9766 -0.0471
vn 0.7288 -0.6607 -0.1799
vn 0.2151 -0.9712 -0.1025
vn 0.6939 -0.6341 -0.3413
vn 0.9603 -0.1425 -0.2397
vn 0.8872 -0.1372 -0.4405
vn 0.8599 -0.1401 -0.4908
vn 0.8667 -0.1377 -0.4794
vn 0.6702 -0.6362 -0.3822
vn 0.6779 -0.6329 -0.3739
vn 0.2105 -0.9708 -0.1152
vn 0.2068 -0.9713 -0.1176
vn -0.2110 -0.9709 0.1129
vn -0.2191 -0.9701 0.1045
vn -0.6824 -0.6345 0.3631
vn -0.7018 -0.6312 0.3304
vn -0.2320 -0.9691 0.0838
vn -0.7349 -0.6270 0.2585
vn -0.8964 -0.1392 0.4208
vn -0.8744 -0.1397 0.4646
vn -0.9347 -0.1385 0.3273
vn -0.9769 -0.1397 0.1619
vn -0.7700 -0.6251 0.1282
vn -0.2457 -0.9684 0.0421
vn -0.8744 0.1396 0.4646
vn -0.8964 0.1391 0.4208
vn -0.7018 0.6312 0.3304
vn -0.6824 0.6345 0.3631
vn -0.9347 0.1384 0.3273
vn -0.7349 0.6270 0.2585
vn -0.2191 0.9701 0.1045
vn -0.2110 0.9709 0.1129
vn -0.2320 0.9691 0.0838
vn -0.2457 0.9684 0.0421
vn -0.7699 0.6251 0.1282
vn -0.9769 0.1396 0.1620
vn 0.2105 0.9708 -0.1152
vn 0.2068 0.9713 -0.1176
vn 0.6779 0.6329 -0.3739
vn 0.6702 0.6362 -0.3822
vn 0.2151 0.9712 -0.1025
vn 0.6939 0.6341 -0.3413
vn 0.8668 0.1377 -0.4793
vn 0.8599 0.1401 -0.4909
vn 0.8872 0.1374 -0.4404
vn 0.9602 0.1428 -0.2399
vn 0.7289 0.6606 -0.1799
vn 0.2096 0.9766 -0.0471
vn 0.2063 -0.9714 -0.1177
vn 0.6695 -0.6372 -0.3818
vn 0.2081 -0.9713 -0.1156
vn 0.6742 -0.6371 -0.3735
vn 0.8599 -0.1413 -0.4904
vn 0.8661 -0.1414 -0.4794
vn 0.9032 -0.1351 -0.4075
vn 0.8788 -0.1388 -0.4566
vn 0.7118 -0.6241 -0.3224
vn 0.6868 -0.6327 -0.3577
vn 0.2135 -0.9705 -0.1121
vn 0.2259 -0.9685 -0.1045
vn -0.2169 -0.9682 0.1248
vn -0.2092 -0.9704 0.1207
vn -0.6785 -0.6204 0.3933
vn -0.6714 -0.6313 0.3883
vn -0.2057 -0.9715 0.1178
vn -0.6692 -0.6367 0.3831
vn -0.8571 -0.1376 0.4965
vn -0.8567 -0.1317 0.4987
vn -0.8592 -0.1403 0.4921
vn -0.8637 -0.1409 0.4839
vn -0.6724 -0.6370 0.3769
vn -0.2068 -0.9715 0.1162
vn -0.8567 0.1318 0.4986
vn -0.8571 0.1376 0.4965
vn -0.6714 0.6313 0.3883
vn -0.6785 0.6204 0.3933
vn -0.8592 0.1403 0.4921
vn -0.6692 0.6367 0.3831
vn -0.2092 0.9704 0.1207
vn -0.2169 0.9682 0.1248
vn -0.2057 0.9715 0.1178
vn -0.2068 0.9715 0.1162
vn -0.6724 0.6370 0.3769
vn -0.8637 0.1409 0.4839
vn 0.2135 0.9705 -0.1121
vn 0.2259 0.9685 -0.1045
vn 0.6868 0.6327 -0.3577
vn 0.7118 0.6241 -0.3224
vn 0.2081 0.9713 -0.1156
vn 0.6742 0.6371 -0.3735
vn 0.8788 0.1387 -0.4566
vn 0.9032 0.1351 -0.4075
vn 0.8661 0.1414 -0.4794
vn 0.8600 0.1413 -0.4904
vn 0.6695 0.6372 -0.3818
vn 0.2063 0.9714 -0.1177
vn 0.2415 -0.9667 -0.0845
vn 0.7467 -0.6174 -0.2476
vn 0.2550 -0.9661 -0.0412
vn 0.7795 -0.6180 -0.1019
vn 0.9415 -0.1327 -0.3096
vn 0.9830 -0.1351 -0.1246
vn 0.7999 -0.1493 0.5813
vn 0.9701 -0.1433 0.1960
vn 0.6249 -0.6352 0.4540
vn 0.7644 -0.6267 0.1513
vn 0.2468 -0.9682 0.0402
vn 0.1939 -0.9708 0.1410
vn -0.1513 -0.9823 -0.1107
vn -0.1787 -0.9838 -0.0115
vn -0.5949 -0.6876 -0.4163
vn -0.7193 -0.6928 0.0505
vn -0.2562 -0.9582 0.1274
vn -0.7159 -0.5712 0.4015
vn 0.0317 0.0413 0.9986
vn 0.7923 0.1506 0.5912
vn -0.8548 -0.1080 0.5075
vn -0.8572 -0.1218 0.5004
vn -0.6930 -0.6003 0.3992
vn -0.2322 -0.9638 0.1309
vn 0.7929 -0.1500 0.5906
vn 0.0309 -0.0438 0.9986
vn -0.7190 0.6932 0.0498
vn -0.8548 0.1080 0.5075
vn -0.7159 0.5712 0.4015
vn -0.1786 0.9839 -0.0115
vn -0.1515 0.9822 -0.1107
vn -0.2562 0.9582 0.1274
vn -0.5961 0.6880 -0.4139
vn -0.2322 0.9638 0.1309
vn -0.6930 0.6003 0.3992
vn -0.8571 0.1219 0.5005
vn 0.2468 0.9682 0.0402
vn 0.1939 0.9708 0.1410
vn 0.7644 0.6267 0.1513
vn 0.6249 0.6352 0.4540
vn 0.2550 0.9661 -0.0412
vn 0.7795 0.6180 -0.1019
vn 0.9701 0.1432 0.1961
vn 0.7999 0.1492 0.5813
vn 0.9830 0.1350 -0.1247
vn 0.9416 0.1326 -0.3096
vn 0.7467 0.6174 -0.2476
vn 0.2415 0.9667 -0.0845
vn 0.1145 -0.9683 0.2221
vn 0.3799 -0.6269 0.6802
vn 0.0396 -0.9661 0.2552
vn 0.1441 -0.6174 0.7733
vn 0.4860 -0.1431 0.8621
vn 0.1853 -0.1344 0.9734
vn -0.1084 -0.1358 0.9848
vn -0.0034 -0.1327 0.9911
vn -0.0048 -0.6173 0.7867
vn -0.0867 -0.6244 0.7762
vn -0.0058 -0.9667 0.2558
vn -0.0295 -0.9686 0.2470
vn 0.0527 -0.9639 -0.2610
vn 0.0517 -0.9681 -0.2451
vn 0.1656 -0.6008 -0.7820
vn 0.1642 -0.6201 -0.7671
vn 0.0422 -0.9582 -0.2831
vn 0.1613 -0.5710 -0.8050
vn 0.2114 -0.1218 -0.9698
vn 0.2093 -0.1317 -0.9689
vn 0.2190 -0.1076 -0.9698
vn 0.9626 0.0460 -0.2670
vn -0.1850 -0.6992 -0.6906
vn -0.0660 -0.9837 -0.1672
vn 0.2094 0.1315 -0.9689
vn 0.2112 0.1216 -0.9698
vn 0.1642 0.6201 -0.7671
vn 0.1656 0.6008 -0.7820
vn 0.2190 0.1076 -0.9698
vn 0.1613 0.5710 -0.8050
vn 0.0527 0.9639 -0.2610
vn 0.0517 0.9681 -0.2451
vn 0.0422 0.9582 -0.2831
vn -0.0660 0.9837 -0.1675
vn -0.1833 0.6989 -0.6913
vn 0.9632 -0.0418 -0.2656
vn -0.0295 0.9686 0.2470
vn -0.0058 0.9667 0.2558
vn -0.0867 0.6244 0.7762
vn -0.0048 0.6173 0.7867
vn 0.0396 0.9661 0.2552
vn 0.1441 0.6174 0.7733
vn -0.0035 0.1329 0.9911
vn -0.1084 0.1359 0.9848
vn 0.1853 0.1346 0.9734
vn 0.4861 0.1432 0.8621
vn 0.3799 0.6269 0.6802
vn 0.1145 0.9683 0.2221
vn -0.0405 -0.9705 0.2376
vn -0.1279 -0.6325 0.7640
vn -0.0455 -0.9715 0.2328
vn -0.1468 -0.6369 0.7568
vn -0.1626 -0.1386 0.9769
vn -0.1882 -0.1404 0.9720
vn -0.2010 -0.1394 0.9696
vn -0.2008 -0.1415 0.9694
vn -0.1562 -0.6380 0.7540
vn -0.1564 -0.6354 0.7561
vn -0.0481 -0.9715 0.2321
vn -0.0479 -0.9713 0.2331
vn 0.0466 -0.9715 -0.2326
vn 0.0422 -0.9710 -0.2355
vn 0.1507 -0.6372 -0.7559
vn 0.1345 -0.6343 -0.7613
vn 0.0485 -0.9714 -0.2324
vn 0.1576 -0.6366 -0.7549
vn 0.1934 -0.1406 -0.9710
vn 0.1717 -0.1398 -0.9752
vn 0.2024 -0.1406 -0.9692
vn 0.2073 -0.1381 -0.9685
vn 0.1618 -0.6315 -0.7583
vn 0.0502 -0.9703 -0.2365
vn 0.1718 0.1398 -0.9752
vn 0.1933 0.1406 -0.9710
vn 0.1345 0.6343 -0.7613
vn 0.1507 0.6372 -0.7559
vn 0.2025 0.1406 -0.9691
vn 0.1576 0.6366 -0.7549
vn 0.0466 0.9715 -0.2326
vn 0.0422 0.9710 -0.2355
vn 0.0485 0.9714 -0.2324
vn 0.0502 0.9703 -0.2365
vn 0.1618 0.6315 -0.7583
vn 0.2073 0.1381 -0.9685
vn -0.0479 0.9713 0.2331
vn -0.0481 0.9715 0.2321
vn -0.1564 0.6354 0.7561
vn -0.1562 0.6380 0.7540
vn -0.0455 0.9715 0.2328
vn -0.1468 0.6369 0.7568
vn -0.2008 0.1415 0.9694
vn -0.2011 0.1394 0.9696
vn -0.1882 0.1404 0.9720
vn -0.1627 0.1386 0.9769
vn -0.1279 0.6325 0.7640
vn -0.0405 0.9705 0.2376
vn -0.0444 -0.9708 0.2356
vn -0.1462 -0.6332 0.7600
vn -0.0310 -0.9713 0.2359
vn -0.1103 -0.6336 0.7658
vn -0.1884 -0.1378 0.9724
vn -0.1448 -0.1363 0.9800
vn 0.3077 -0.1423 0.9408
vn 0.0696 -0.1421 0.9874
vn 0.2344 -0.6463 0.7262
vn 0.0550 -0.6605 0.7488
vn 0.0197 -0.9766 0.2143
vn 0.0699 -0.9739 0.2158
vn -0.0358 -0.9684 -0.2469
vn -0.0751 -0.9700 -0.2311
vn -0.1164 -0.6253 -0.7716
vn -0.2395 -0.6310 -0.7379
vn 0.0079 -0.9690 -0.2470
vn 0.0185 -0.6273 -0.7785
vn -0.1485 -0.1403 -0.9789
vn -0.3055 -0.1404 -0.9418
vn 0.0223 -0.1392 -0.9900
vn 0.1233 -0.1391 -0.9826
vn 0.0974 -0.6313 -0.7694
vn 0.0317 -0.9701 -0.2405
vn -0.3059 0.1405 -0.9416
vn -0.1483 0.1400 -0.9790
vn -0.2400 0.6309 -0.7378
vn -0.1162 0.6255 -0.7716
vn 0.0222 0.1392 -0.9900
vn 0.0185 0.6273 -0.7785
vn -0.0358 0.9684 -0.2469
vn -0.0751 0.9700 -0.2311
vn 0.0079 0.9690 -0.2470
vn 0.0317 0.9701 -0.2405
vn 0.0974 0.6313 -0.7694
vn 0.1232 0.1391 -0.9826
vn 0.0699 0.9739 0.2158
vn 0.0197 0.9766 0.2143
vn 0.2346 0.6467 0.7258
vn 0.0550 0.6605 0.7488
vn -0.0310 0.9713 0.2359
vn -0.1103 0.6336 0.7658
vn 0.0698 0.1421 0.9874
vn 0.3079 0.1417 0.9408
vn -0.1448 0.1362 0.9800
vn -0.1883 0.1377 0.9724
vn -0.1462 0.6332 0.7600
vn -0.0444 0.9708 0.2356
vn 0.1099 -0.9766 0.1848
vn 0.3944 -0.6612 0.6381
vn 0.1642 -0.9711 0.1730
vn 0.5394 -0.6336 0.5546
vn 0.5255 -0.1431 0.8387
vn 0.6929 -0.1367 0.7080
vn 0.7326 -0.1392 0.6663
vn 0.7239 -0.1376 0.6760
vn 0.5711 -0.6352 0.5200
vn 0.5652 -0.6331 0.5290
vn 0.1745 -0.9708 0.1645
vn 0.1760 -0.9712 0.1606
vn -0.1725 -0.9710 -0.1657
vn -0.1675 -0.9699 -0.1766
vn -0.5562 -0.6343 -0.5369
vn -0.5314 -0.6305 -0.5658
vn -0.1516 -0.9690 -0.1951
vn -0.4729 -0.6274 -0.6187
vn -0.6773 -0.1393 -0.7224
vn -0.7121 -0.1397 -0.6881
vn -0.6002 -0.1392 -0.7877
vn -0.4555 -0.1402 -0.8791
vn -0.3597 -0.6256 -0.6923
vn -0.1162 -0.9683 -0.2210
vn -0.7121 0.1397 -0.6881
vn -0.6772 0.1392 -0.7225
vn -0.5314 0.6305 -0.5658
vn -0.5562 0.6343 -0.5369
vn -0.6003 0.1391 -0.7876
vn -0.4729 0.6274 -0.6187
vn -0.1675 0.9699 -0.1766
vn -0.1725 0.9710 -0.1657
vn -0.1516 0.9690 -0.1951
vn -0.1162 0.9683 -0.2210
vn -0.3594 0.6254 -0.6926
vn -0.4552 0.1406 -0.8792
vn 0.1745 0.9708 0.1645
vn 0.1760 0.9712 0.1606
vn 0.5652 0.6331 0.5290
vn 0.5711 0.6352 0.5200
vn 0.1642 0.9711 0.1730
vn 0.5394 0.6336 0.5546
vn 0.7239 0.1377 0.6760
vn 0.7325 0.1393 0.6663
vn 0.6928 0.1368 0.7080
vn 0.5253 0.1426 0.8389
vn 0.3939 0.6616 0.6380
vn 0.1099 0.9766 0.1848
vn 0.1755 -0.9714 0.1597
vn 0.5699 -0.6374 0.5186
vn 0.1739 -0.9714 0.1618
vn 0.5635 -0.6372 0.5258
vn 0.7322 -0.1411 0.6663
vn 0.7235 -0.1411 0.6757
vn 0.6666 -0.1357 0.7330
vn 0.7058 -0.1390 0.6946
vn 0.5265 -0.6243 0.5771
vn 0.5526 -0.6324 0.5429
vn 0.1726 -0.9705 0.1685
vn 0.1692 -0.9685 0.1826
vn -0.1857 -0.9682 -0.1677
vn -0.1793 -0.9704 -0.1616
vn -0.5836 -0.6206 -0.5237
vn -0.5764 -0.6318 -0.5182
vn -0.1755 -0.9715 -0.1592
vn -0.5712 -0.6366 -0.5182
vn -0.7370 -0.1376 -0.6617
vn -0.7391 -0.1312 -0.6607
vn -0.7335 -0.1399 -0.6651
vn -0.7271 -0.1408 -0.6719
vn -0.5661 -0.6372 -0.5229
vn -0.1741 -0.9715 -0.1606
vn -0.7391 0.1313 -0.6607
vn -0.7370 0.1377 -0.6617
vn -0.5764 0.6318 -0.5182
vn -0.5836 0.6206 -0.5237
vn -0.7335 0.1399 -0.6652
vn -0.5712 0.6366 -0.5182
vn -0.1793 0.9704 -0.1616
vn -0.1857 0.9682 -0.1677
vn -0.1755 0.9715 -0.1592
vn -0.1741 0.9715 -0.1606
vn -0.5661 0.6372 -0.5229
vn -0.7271 0.1408 -0.6719
vn 0.1726 0.9705 0.1685
vn 0.1692 0.9685 0.1826
vn 0.5526 0.6324 0.5429
vn 0.5265 0.6243 0.5771
vn 0.1739 0.9714 0.1618
vn 0.5635 0.6372 0.5258
vn 0.7057 0.1390 0.6947
vn 0.6666 0.1356 0.7330
vn 0.7236 0.1412 0.6757
vn 0.7322 0.1410 0.6663
vn 0.5699 0.6374 0.5186
vn 0.1755 0.9714 0.1597
vn 0.1549 -0.9668 0.2034
vn 0.4662 -0.6173 0.6337
vn 0.1181 -0.9660 0.2300
vn 0.3378 -0.6175 0.7104
vn 0.5854 -0.1324 0.7999
vn 0.4224 -0.1351 0.8963
vn -0.3056 -0.1497 0.9403
vn 0.1136 -0.1439 0.9831
vn -0.2385 -0.6356 0.7343
vn 0.0927 -0.6271 0.7734
vn 0.0379 -0.9682 0.2472
vn -0.0741 -0.9708 0.2280
vn 0.0586 -0.9822 -0.1787
vn -0.0439 -0.9840 -0.1728
vn 0.2279 -0.6881 -0.6889
vn -0.2614 -0.6973 -0.6674
vn -0.2000 -0.9583 -0.2040
vn -0.6025 -0.5714 -0.5572
vn -0.9517 0.0397 0.3045
vn -0.3331 0.1503 0.9308
vn -0.7462 -0.1076 -0.6570
vn -0.7410 -0.1218 -0.6604
vn -0.5937 -0.6006 -0.5355
vn -0.1962 -0.9638 -0.1804
vn -0.3325 -0.1496 0.9312
vn -0.9518 -0.0405 0.3039
vn -0.2604 0.6973 -0.6678
vn -0.7462 0.1076 -0.6570
vn -0.6025 0.5714 -0.5572
vn -0.0438 0.9840 -0.1726
vn 0.0585 0.9822 -0.1787
vn -0.2000 0.9583 -0.2040
vn 0.2259 0.6878 -0.6898
vn -0.1962 0.9638 -0.1804
vn -0.5937 0.6006 -0.5355
vn -0.7410 0.1219 -0.6603
vn 0.0379 0.9682 0.2472
vn -0.0741 0.9708 0.2280
vn 0.0927 0.6271 0.7734
vn -0.2385 0.6356 0.7343
vn 0.1181 0.9660 0.2300
vn 0.3378 0.6175 0.7104
vn 0.1136 0.1438 0.9831
vn -0.3055 0.1497 0.9404
vn 0.4224 0.1350 0.8963
vn 0.5854 0.1323 0.7999
vn 0.4662 0.6173 0.6337
vn 0.1549 0.9668 0.2034
vn -0.1760 -0.9682 0.1778
vn -0.5294 -0.6272 0.5713
vn -0.2301 -0.9662 0.1163
vn -0.6907 -0.6177 0.3759
vn -0.6696 -0.1439 0.7287
vn -0.8686 -0.1343 0.4770
vn -0.9701 -0.1353 0.2013
vn -0.9438 -0.1325 0.3029
vn -0.7494 -0.6177 0.2384
vn -0.7650 -0.6245 0.1574
vn -0.2451 -0.9667 0.0736
vn -0.2438 -0.9686 0.0482
vn 0.2646 -0.9639 -0.0306
vn 0.2487 -0.9682 -0.0265
vn 0.7947 -0.6011 -0.0842
vn 0.7796 -0.6211 -0.0807
vn 0.2822 -0.9582 -0.0473
vn 0.8153 -0.5710 -0.0958
vn 0.9876 -0.1222 -0.0986
vn 0.9862 -0.1321 -0.1002
vn 0.9899 -0.1078 -0.0916
vn 0.5661 0.0439 0.8231
vn 0.6063 -0.6959 -0.3849
vn 0.1377 -0.9839 -0.1141
vn 0.9862 0.1320 -0.1001
vn 0.9876 0.1221 -0.0988
vn 0.7796 0.6211 -0.0807
vn 0.7947 0.6011 -0.0842
vn 0.9899 0.1078 -0.0916
vn 0.8153 0.5710 -0.0958
vn 0.2646 0.9639 -0.0306
vn 0.2487 0.9682 -0.0265
vn 0.2822 0.9582 -0.0473
vn 0.1378 0.9839 -0.1142
vn 0.6071 0.6956 -0.3841
vn 0.5655 -0.0413 0.8237
vn -0.2438 0.9686 0.0482
vn -0.2451 0.9667 0.0736
vn -0.7650 0.6245 0.1574
vn -0.7494 0.6177 0.2384
vn -0.2301 0.9662 0.1163
vn -0.6907 0.6177 0.3759
vn -0.9437 0.1327 0.3029
vn -0.9701 0.1354 0.2012
vn -0.8685 0.1343 0.4771
vn -0.6697 0.1440 0.7286
vn -0.5294 0.6272 0.5713
vn -0.1760 0.9682 0.1778
vn -0.2385 -0.9705 0.0349
vn -0.7663 -0.6322 0.1145
vn -0.2358 -0.9714 0.0287
vn -0.7656 -0.6363 0.0943
vn -0.9794 -0.1382 0.1472
vn -0.9826 -0.1403 0.1214
vn -0.9842 -0.1399 0.1084
vn -0.9840 -0.1409 0.1088
vn -0.7659 -0.6373 0.0846
vn -0.7671 -0.6359 0.0848
vn -0.2356 -0.9715 0.0260
vn -0.2370 -0.9711 0.0265
vn 0.2354 -0.9715 -0.0276
vn 0.2371 -0.9709 -0.0327
vn 0.7653 -0.6373 -0.0903
vn 0.7654 -0.6345 -0.1074
vn 0.2360 -0.9714 -0.0257
vn 0.7662 -0.6372 -0.0833
vn 0.9832 -0.1411 -0.1162
vn 0.9805 -0.1400 -0.1381
vn 0.9843 -0.1406 -0.1069
vn 0.9851 -0.1382 -0.1022
vn 0.7708 -0.6320 -0.0804
vn 0.2404 -0.9703 -0.0253
vn 0.9805 0.1400 -0.1381
vn 0.9832 0.1410 -0.1162
vn 0.7654 0.6345 -0.1074
vn 0.7653 0.6373 -0.0903
vn 0.9843 0.1406 -0.1070
vn 0.7662 0.6372 -0.0833
vn 0.2354 0.9715 -0.0276
vn 0.2371 0.9709 -0.0327
vn 0.2360 0.9714 -0.0257
vn 0.2404 0.9703 -0.0253
vn 0.7708 0.6320 -0.0804
vn 0.9851 0.1382 -0.1021
vn -0.2370 0.9711 0.0265
vn -0.2356 0.9715 0.0260
vn -0.7671 0.6359 0.0848
vn -0.7659 0.6373 0.0846
vn -0.2358 0.9714 0.0287
vn -0.7656 0.6363 0.0943
vn -0.9840 0.1409 0.1087
vn -0.9842 0.1399 0.1084
vn -0.9826 0.1403 0.1213
vn -0.9794 0.1383 0.1472
vn -0.7663 0.6322 0.1145
vn -0.2385 0.9705 0.0349
vn -0.2380 -0.9708 0.0305
vn -0.7679 -0.6334 0.0958
vn -0.2342 -0.9712 0.0435
vn -0.7619 -0.6341 0.1317
vn -0.9829 -0.1382 0.1215
vn -0.9767 -0.1372 0.1648
vn -0.8009 -0.1420 0.5817
vn -0.9179 -0.1426 0.3703
vn -0.6163 -0.6477 0.4479
vn -0.6954 -0.6606 0.2828
vn -0.1974 -0.9766 0.0849
vn -0.1841 -0.9738 0.1337
vn 0.2236 -0.9684 -0.1103
vn 0.1964 -0.9701 -0.1428
vn 0.6981 -0.6251 -0.3491
vn 0.6269 -0.6317 -0.4560
vn 0.2372 -0.9690 -0.0686
vn 0.7466 -0.6269 -0.2227
vn 0.8855 -0.1395 -0.4433
vn 0.8007 -0.1409 -0.5823
vn 0.9486 -0.1386 -0.2845
vn 0.9725 -0.1393 -0.1864
vn 0.7618 -0.6314 -0.1452
vn 0.2386 -0.9701 -0.0443
vn 0.8008 0.1408 -0.5822
vn 0.8853 0.1397 -0.4435
vn 0.6270 0.6317 -0.4558
vn 0.6981 0.6251 -0.3492
vn 0.9486 0.1387 -0.2844
vn 0.7466 0.6269 -0.2227
vn 0.2236 0.9684 -0.1103
vn 0.1964 0.9701 -0.1428
vn 0.2372 0.9690 -0.0686
vn 0.2386 0.9701 -0.0443
vn 0.7618 0.6314 -0.1452
vn 0.9725 0.1393 -0.1865
vn -0.1841 0.9738 0.1337
vn -0.1974 0.9766 0.0849
vn -0.6165 0.6477 0.4478
vn -0.6953 0.6607 0.2828
vn -0.2342 0.9712 0.0435
vn -0.7619 0.6341 0.1317
vn -0.9178 0.1425 0.3705
vn -0.8011 0.1421 0.5814
vn -0.9767 0.1371 0.1650
vn -0.9829 0.1381 0.1214
vn -0.7679 0.6334 0.0958
vn -0.2380 0.9708 0.0305
vn -0.1416 -0.9767 0.1614
vn -0.4839 -0.6606 0.5740
vn -0.1140 -0.9711 0.2097
vn -0.3611 -0.6336 0.6842
vn -0.6367 -0.1423 0.7579
vn -0.4589 -0.1370 0.8779
vn -0.4073 -0.1389 0.9027
vn -0.4194 -0.1372 0.8974
vn -0.3179 -0.6354 0.7037
vn -0.3285 -0.6328 0.7012
vn -0.1024 -0.9709 0.2166
vn -0.0982 -0.9713 0.2168
vn 0.1045 -0.9708 -0.2158
vn 0.1160 -0.9700 -0.2137
vn 0.3386 -0.6346 -0.6947
vn 0.3735 -0.6312 -0.6798
vn 0.1386 -0.9690 -0.2045
vn 0.4428 -0.6268 -0.6411
vn 0.4778 -0.1395 -0.8673
vn 0.4343 -0.1402 -0.8898
vn 0.5639 -0.1386 -0.8141
vn 0.6951 -0.1399 -0.7051
vn 0.5480 -0.6249 -0.5562
vn 0.1743 -0.9683 -0.1787
vn 0.4342 0.1402 -0.8898
vn 0.4779 0.1395 -0.8673
vn 0.3735 0.6312 -0.6798
vn 0.3386 0.6346 -0.6947
vn 0.5639 0.1386 -0.8141
vn 0.4428 0.6268 -0.6411
vn 0.1160 0.9700 -0.2137
vn 0.1045 0.9708 -0.2158
vn 0.1386 0.9690 -0.2045
vn 0.1743 0.9683 -0.1787
vn 0.5478 0.6249 -0.5562
vn 0.6951 0.1397 -0.7052
vn -0.1024 0.9709 0.2166
vn -0.0982 0.9713 0.2168
vn -0.3285 0.6328 0.7012
vn -0.3179 0.6354 0.7037
vn -0.1140 0.9711 0.2097
vn -0.3611 0.6336 0.6842
vn -0.4194 0.1372 0.8974
vn -0.4072 0.1389 0.9027
vn -0.4591 0.1372 0.8777
vn -0.6364 0.1427 0.7581
vn -0.4839 0.6604 0.5741
vn -0.1416 0.9767 0.1614
vn -0.0976 -0.9714 0.2163
vn -0.3172 -0.6371 0.7024
vn -0.1001 -0.9714 0.2152
vn -0.3261 -0.6367 0.6987
vn -0.4074 -0.1411 0.9023
vn -0.4191 -0.1404 0.8970
vn -0.4912 -0.1356 0.8604
vn -0.4425 -0.1396 0.8858
vn -0.3863 -0.6241 0.6792
vn -0.3454 -0.6329 0.6929
vn -0.1070 -0.9705 0.2163
vn -0.1214 -0.9685 0.2174
vn 0.1022 -0.9681 -0.2286
vn 0.0983 -0.9704 -0.2206
vn 0.3178 -0.6205 -0.7169
vn 0.3148 -0.6316 -0.7085
vn 0.0974 -0.9714 -0.2165
vn 0.3162 -0.6367 -0.7033
vn 0.4016 -0.1375 -0.9054
vn 0.4000 -0.1317 -0.9070
vn 0.4059 -0.1406 -0.9031
vn 0.4143 -0.1414 -0.8991
vn 0.3221 -0.6378 -0.6996
vn 0.0989 -0.9715 -0.2152
vn 0.4001 0.1318 -0.9070
vn 0.4016 0.1376 -0.9054
vn 0.3148 0.6316 -0.7085
vn 0.3178 0.6205 -0.7169
vn 0.4059 0.1406 -0.9030
vn 0.3162 0.6367 -0.7033
vn 0.0983 0.9704 -0.2206
vn 0.1022 0.9681 -0.2286
vn 0.0974 0.9714 -0.2165
vn 0.0989 0.9715 -0.2152
vn 0.3221 0.6378 -0.6996
vn 0.4143 0.1414 -0.8991
vn -0.1070 0.9705 0.2163
vn -0.1214 0.9685 0.2174
vn -0.3454 0.6329 0.6929
vn -0.3863 0.6241 0.6792
vn -0.1001 0.9714 0.2152
vn -0.3261 0.6367 0.6987
vn -0.4425 0.1396 0.8858
vn -0.4912 0.1355 0.8604
vn -0.4190 0.1404 0.8971
vn -0.4075 0.1411 0.9023
vn -0.3172 0.6371 0.7024
vn -0.0976 0.9714 0.2163
vn -0.1459 -0.9666 0.2106
vn -0.4588 -0.6169 0.6395
vn -0.1821 -0.9660 0.1833
vn -0.5708 -0.6179 0.5407
vn -0.5797 -0.1326 0.8039
vn -0.7219 -0.1353 0.6787
vn -0.9887 -0.1500 -0.0000
vn -0.9000 -0.1440 0.4115
vn -0.7718 -0.6358 -0.0001
vn -0.7067 -0.6275 0.3269
vn -0.2234 -0.9682 0.1124
vn -0.2396 -0.9709 -0.0000
vn 0.1890 -0.9820 0.0002
vn 0.1505 -0.9841 -0.0946
vn 0.7213 -0.6926 0.0052
vn 0.5513 -0.6932 -0.4643
vn 0.1323 -0.9581 -0.2542
vn 0.3431 -0.5712 -0.7456
vn -0.5875 0.0398 -0.8083
vn -0.9887 0.1500 -0.0002
vn 0.3935 -0.1078 -0.9130
vn 0.3993 -0.1218 -0.9087
vn 0.3258 -0.6010 -0.7299
vn 0.1107 -0.9640 -0.2419
vn -0.9887 -0.1501 0.0002
vn -0.5871 -0.0404 -0.8085
vn 0.5514 0.6933 -0.4640
vn 0.3935 0.1078 -0.9130
vn 0.3431 0.5712 -0.7456
vn 0.1504 0.9841 -0.0946
vn 0.1890 0.9820 0.0002
vn 0.1323 0.9581 -0.2542
vn 0.7214 0.6925 0.0048
vn 0.1107 0.9640 -0.2419
vn 0.3258 0.6010 -0.7299
vn 0.3992 0.1219 -0.9087
vn -0.2234 0.9682 0.1124
vn -0.2396 0.9709 -0.0000
vn -0.7067 0.6275 0.3269
vn -0.7718 0.6358 -0.0001
vn -0.1821 0.9660 0.1833
vn -0.5708 0.6179 0.5407
vn -0.8999 0.1439 0.4116
vn -0.9887 0.1500 -0.0001
vn -0.7219 0.1352 0.6787
vn -0.5798 0.1324 0.8039
vn -0.4588 0.6169 0.6395
vn -0.1459 0.9666 0.2106
vn -0.2234 -0.9682 -0.1124
vn -0.7066 -0.6275 -0.3270
vn -0.1822 -0.9660 -0.1833
vn -0.5709 -0.6180 -0.5406
vn -0.8999 -0.1441 -0.4116
vn -0.7219 -0.1352 -0.6786
vn -0.4911 -0.1355 -0.8605
vn -0.5798 -0.1324 -0.8039
vn -0.4586 -0.6172 -0.6393
vn -0.3862 -0.6241 -0.6792
vn -0.1456 -0.9668 -0.2102
vn -0.1214 -0.9685 -0.2174
vn 0.1110 -0.9638 0.2423
vn 0.1022 -0.9681 0.2287
vn 0.3256 -0.6011 0.7299
vn 0.3178 -0.6205 0.7169
vn 0.1320 -0.9583 0.2534
vn 0.3433 -0.5709 0.7458
vn 0.3988 -0.1225 0.9088
vn 0.4001 -0.1318 0.9070
vn 0.3933 -0.1074 0.9131
vn -0.5873 0.0415 0.8083
vn 0.5504 -0.6912 0.4682
vn 0.1507 -0.9840 0.0948
vn 0.3999 0.1316 0.9070
vn 0.3990 0.1224 0.9087
vn 0.3178 0.6205 0.7169
vn 0.3256 0.6011 0.7299
vn 0.3933 0.1074 0.9131
vn 0.3433 0.5709 0.7458
vn 0.1110 0.9638 0.2423
vn 0.1022 0.9681 0.2287
vn 0.1320 0.9583 0.2534
vn 0.1507 0.9840 0.0948
vn 0.5505 0.6910 0.4684
vn -0.5876 -0.0411 0.8081
vn -0.1214 0.9685 -0.2174
vn -0.1456 0.9668 -0.2102
vn -0.3862 0.6241 -0.6792
vn -0.4586 0.6172 -0.6393
vn -0.1822 0.9660 -0.1833
vn -0.5709 0.6180 -0.5406
vn -0.5798 0.1326 -0.8039
vn -0.4911 0.1356 -0.8605
vn -0.7220 0.1353 -0.6786
vn -0.8999 0.1441 -0.4115
vn -0.7066 0.6275 -0.3270
vn -0.2234 0.9682 -0.1124
vn -0.1067 -0.9706 -0.2159
vn -0.3455 -0.6326 -0.6932
vn -0.1001 -0.9714 -0.2152
vn -0.3261 -0.6368 -0.6987
vn -0.4426 -0.1387 -0.8859
vn -0.4191 -0.1408 -0.8970
vn -0.4074 -0.1393 -0.9026
vn -0.4074 -0.1407 -0.9024
vn -0.3171 -0.6375 -0.7022
vn -0.3179 -0.6355 -0.7037
vn -0.0974 -0.9715 -0.2159
vn -0.0982 -0.9713 -0.2168
vn 0.0989 -0.9715 0.2152
vn 0.1043 -0.9709 0.2154
vn 0.3221 -0.6379 0.6996
vn 0.3387 -0.6343 0.6949
vn 0.0974 -0.9714 0.2165
vn 0.3162 -0.6367 0.7033
vn 0.4143 -0.1410 0.8992
vn 0.4344 -0.1397 0.8898
vn 0.4060 -0.1406 0.9030
vn 0.4016 -0.1376 0.9054
vn 0.3147 -0.6320 0.7082
vn 0.0981 -0.9705 0.2201
vn 0.4343 0.1397 0.8899
vn 0.4144 0.1409 0.8991
vn 0.3387 0.6343 0.6949
vn 0.3221 0.6379 0.6996
vn 0.4059 0.1406 0.9031
vn 0.3162 0.6367 0.7033
vn 0.0989 0.9715 0.2152
vn 0.1043 0.9709 0.2154
vn 0.0974 0.9714 0.2165
vn 0.0981 0.9705 0.2201
vn 0.3147 0.6320 0.7082
vn 0.4016 0.1375 0.9054
vn -0.0982 0.9713 -0.2168
vn -0.0974 0.9715 -0.2159
vn -0.3179 0.6355 -0.7037
vn -0.3171 0.6375 -0.7022
vn -0.1001 0.9714 -0.2152
vn -0.3261 0.6368 -0.6987
vn -0.4075 0.1407 -0.9023
vn -0.4073 0.1394 -0.9026
vn -0.4190 0.1408 -0.8970
vn -0.4426 0.1388 -0.8859
vn -0.3455 0.6326 -0.6932
vn -0.1067 0.9706 -0.2159
vn -0.1027 -0.9708 -0.2170
vn -0.3286 -0.6331 -0.7009
vn -0.1136 -0.9712 -0.2095
vn -0.3606 -0.6337 -0.6844
vn -0.4194 -0.1381 -0.8973
vn -0.4584 -0.1369 -0.8781
vn -0.8010 -0.1417 -0.5816
vn -0.6360 -0.1423 -0.7584
vn -0.6171 -0.6469 -0.4480
vn -0.4844 -0.6610 -0.5731
vn -0.1416 -0.9767 -0.1613
vn -0.1839 -0.9739 -0.1332
vn 0.1743 -0.9683 0.1788
vn 0.1965 -0.9700 0.1428
vn 0.5478 -0.6249 0.5562
vn 0.6272 -0.6317 0.4556
vn 0.1383 -0.9691 0.2041
vn 0.4425 -0.6270 0.6411
vn 0.6951 -0.1397 0.7052
vn 0.8009 -0.1409 0.5820
vn 0.5637 -0.1386 0.8142
vn 0.4778 -0.1387 0.8674
vn 0.3738 -0.6305 0.6803
vn 0.1161 -0.9700 0.2137
vn 0.8009 0.1409 0.5820
vn 0.6951 0.1399 0.7051
vn 0.6271 0.6317 0.4558
vn 0.5480 0.6249 0.5562
vn 0.5637 0.1386 0.8142
vn 0.4425 0.6270 0.6411
vn 0.1743 0.9683 0.1788
vn 0.1965 0.9700 0.1428
vn 0.1383 0.9691 0.2041
vn 0.1161 0.9700 0.2137
vn 0.3738 0.6305 0.6803
vn 0.4778 0.1388 0.8674
vn -0.1839 0.9739 -0.1332
vn -0.1416 0.9767 -0.1613
vn -0.6172 0.6469 -0.4479
vn -0.4844 0.6609 -0.5732
vn -0.1136 0.9712 -0.2095
vn -0.3606 0.6337 -0.6844
vn -0.6360 0.1423 -0.7584
vn -0.8011 0.1418 -0.5815
vn -0.4584 0.1367 -0.8781
vn -0.4193 0.1379 -0.8973
vn -0.3286 0.6331 -0.7009
vn -0.1027 0.9708 -0.2170
vn -0.1976 -0.9766 -0.0849
vn -0.6948 -0.6607 -0.2840
vn -0.2342 -0.9712 -0.0435
vn -0.7619 -0.6341 -0.1317
vn -0.9178 -0.1426 -0.3704
vn -0.9767 -0.1371 -0.1650
vn -0.9842 -0.1399 -0.1084
vn -0.9829 -0.1382 -0.1214
vn -0.7667 -0.6364 -0.0847
vn -0.7678 -0.6335 -0.0958
vn -0.2381 -0.9708 -0.0306
vn -0.2365 -0.9713 -0.0264
vn 0.2371 -0.9709 0.0327
vn 0.2386 -0.9701 0.0443
vn 0.7655 -0.6344 0.1074
vn 0.7618 -0.6314 0.1452
vn 0.2372 -0.9690 0.0686
vn 0.7466 -0.6269 0.2228
vn 0.9725 -0.1393 0.1865
vn 0.9805 -0.1399 0.1381
vn 0.9486 -0.1385 0.2846
vn 0.8855 -0.1398 0.4432
vn 0.6982 -0.6250 0.3491
vn 0.2238 -0.9684 0.1105
vn 0.9805 0.1399 0.1381
vn 0.9725 0.1392 0.1864
vn 0.7618 0.6314 0.1452
vn 0.7655 0.6344 0.1074
vn 0.9486 0.1385 0.2846
vn 0.7466 0.6269 0.2228
vn 0.2386 0.9701 0.0443
vn 0.2371 0.9709 0.0327
vn 0.2372 0.9690 0.0686
vn 0.2238 0.9684 0.1105
vn 0.6982 0.6250 0.3490
vn 0.8855 0.1397 0.4431
vn -0.2381 0.9708 -0.0306
vn -0.2365 0.9713 -0.0264
vn -0.7678 0.6335 -0.0958
vn -0.7667 0.6364 -0.0847
vn -0.2342 0.9712 -0.0435
vn -0.7619 0.6341 -0.1317
vn -0.9829 0.1383 -0.1215
vn -0.9842 0.1400 -0.1084
vn -0.9767 0.1372 -0.1648
vn -0.9178 0.1425 -0.3706
vn -0.6948 0.6608 -0.2840
vn -0.1976 0.9766 -0.0849
vn -0.2356 -0.9715 -0.0260
vn -0.7659 -0.6373 -0.0846
vn -0.2358 -0.9714 -0.0287
vn -0.7657 -0.6362 -0.0943
vn -0.9840 -0.1409 -0.1087
vn -0.9826 -0.1403 -0.1213
vn -0.9701 -0.1354 -0.2012
vn -0.9794 -0.1381 -0.1472
vn -0.7650 -0.6245 -0.1574
vn -0.7663 -0.6322 -0.1145
vn -0.2384 -0.9705 -0.0349
vn -0.2438 -0.9686 -0.0482
vn 0.2487 -0.9682 0.0265
vn 0.2404 -0.9703 0.0253
vn 0.7796 -0.6211 0.0807
vn 0.7707 -0.6321 0.0804
vn 0.2360 -0.9714 0.0257
vn 0.7663 -0.6371 0.0833
vn 0.9851 -0.1382 0.1021
vn 0.9862 -0.1319 0.1001
vn 0.9843 -0.1405 0.1070
vn 0.9832 -0.1410 0.1162
vn 0.7653 -0.6373 0.0903
vn 0.2354 -0.9715 0.0276
vn 0.9862 0.1321 0.1002
vn 0.9851 0.1382 0.1022
vn 0.7707 0.6321 0.0804
vn 0.7796 0.6211 0.0807
vn 0.9843 0.1405 0.1069
vn 0.7663 0.6371 0.0833
vn 0.2404 0.9703 0.0253
vn 0.2487 0.9682 0.0265
vn 0.2360 0.9714 0.0257
vn 0.2354 0.9715 0.0276
vn 0.7653 0.6373 0.0903
vn 0.9832 0.1410 0.1162
vn -0.2384 0.9705 -0.0349
vn -0.2438 0.9686 -0.0482
vn -0.7663 0.6322 -0.1145
vn -0.7650 0.6245 -0.1574
vn -0.2358 0.9714 -0.0287
vn -0.7657 0.6362 -0.0943
vn -0.9794 0.1381 -0.1472
vn -0.9702 0.1353 -0.2013
vn -0.9826 0.1403 -0.1214
vn -0.9840 0.1409 -0.1088
vn -0.7659 0.6373 -0.0846
vn -0.2356 0.9715 -0.0260
vn -0.2453 -0.9666 -0.0737
vn -0.7495 -0.6175 -0.2385
vn -0.2306 -0.9660 -0.1166
vn -0.6905 -0.6181 -0.3757
vn -0.9437 -0.1329 -0.3030
vn -0.8685 -0.1353 -0.4768
vn -0.3055 -0.1497 -0.9404
vn -0.6696 -0.1434 -0.7287
vn -0.2385 -0.6355 -0.7343
vn -0.5294 -0.6269 -0.5716
vn -0.1759 -0.9683 -0.1775
vn -0.0741 -0.9709 -0.2279
vn 0.0584 -0.9821 0.1789
vn 0.1381 -0.9838 0.1143
vn 0.2303 -0.6774 0.6987
vn 0.5890 -0.7052 0.3947
vn 0.2824 -0.9581 0.0473
vn 0.8153 -0.5710 0.0957
vn 0.5655 0.0412 -0.8237
vn -0.2969 0.1505 -0.9430
vn 0.9899 -0.1079 0.0915
vn 0.9876 -0.1221 0.0988
vn 0.7947 -0.6011 0.0841
vn 0.2646 -0.9639 0.0306
vn -0.2982 -0.1500 -0.9426
vn 0.5666 -0.0442 -0.8228
vn 0.5875 0.7052 0.3969
vn 0.9899 0.1079 0.0915
vn 0.8153 0.5710 0.0957
vn 0.1377 0.9839 0.1141
vn 0.0588 0.9821 0.1789
vn 0.2824 0.9581 0.0473
vn 0.2351 0.6773 0.6971
vn 0.2646 0.9639 0.0306
vn 0.7947 0.6011 0.0841
vn 0.9876 0.1222 0.0986
vn -0.1759 0.9683 -0.1775
vn -0.0741 0.9709 -0.2279
vn -0.5294 0.6269 -0.5716
vn -0.2385 0.6355 -0.7343
vn -0.2306 0.9660 -0.1166
vn -0.6905 0.6181 -0.3757
vn -0.6696 0.1433 -0.7287
vn -0.3056 0.1497 -0.9403
vn -0.8686 0.1352 -0.4768
vn -0.9437 0.1327 -0.3030
vn -0.7495 0.6175 -0.2385
vn -0.2453 0.9666 -0.0737
vn 0.0378 -0.9684 -0.2466
vn 0.0924 -0.6266 -0.7738
vn 0.1179 -0.9661 -0.2295
vn 0.3378 -0.6178 -0.7101
vn 0.1132 -0.1429 -0.9832
vn 0.4225 -0.1345 -0.8963
vn 0.6666 -0.1356 -0.7330
vn 0.5854 -0.1327 -0.7998
vn 0.4664 -0.6169 -0.6339
vn 0.5265 -0.6243 -0.5771
vn 0.1552 -0.9666 -0.2038
vn 0.1692 -0.9685 -0.1826
vn -0.1963 -0.9638 0.1804
vn -0.1860 -0.9681 0.1680
vn -0.5938 -0.6006 0.5355
vn -0.5837 -0.6203 0.5239
vn -0.2004 -0.9582 0.2043
vn -0.6028 -0.5713 0.5570
vn -0.7409 -0.1220 0.6604
vn -0.7389 -0.1316 0.6608
vn -0.7467 -0.1083 0.6563
vn -0.9391 0.0449 -0.3406
vn -0.2357 -0.7074 0.6663
vn -0.0437 -0.9840 0.1727
vn -0.7390 0.1315 0.6607
vn -0.7409 0.1219 0.6605
vn -0.5837 0.6203 0.5239
vn -0.5938 0.6006 0.5355
vn -0.7467 0.1083 0.6563
vn -0.6028 0.5713 0.5570
vn -0.1963 0.9638 0.1804
vn -0.1860 0.9681 0.1680
vn -0.2004 0.9582 0.2043
vn -0.0440 0.9839 0.1731
vn -0.2386 0.7073 0.6654
vn -0.9388 -0.0407 -0.3422
vn 0.1692 0.9685 -0.1826
vn 0.1552 0.9666 -0.2038
vn 0.5265 0.6243 -0.5771
vn 0.4664 0.6169 -0.6339
vn 0.1179 0.9661 -0.2295
vn 0.3378 0.6178 -0.7101
vn 0.5855 0.1329 -0.7997
vn 0.6666 0.1357 -0.7330
vn 0.4223 0.1346 -0.8964
vn 0.1133 0.1430 -0.9832
vn 0.0924 0.6266 -0.7738
vn 0.0378 0.9684 -0.2466
vn 0.1724 -0.9706 -0.1682
vn 0.5524 -0.6326 -0.5428
vn 0.1739 -0.9714 -0.1618
vn 0.5635 -0.6372 -0.5257
vn 0.7058 -0.1387 -0.6947
vn 0.7236 -0.1411 -0.6756
vn 0.7326 -0.1396 -0.6662
vn 0.7321 -0.1414 -0.6663
vn 0.5698 -0.6375 -0.5186
vn 0.5709 -0.6357 -0.5196
vn 0.1755 -0.9714 -0.1597
vn 0.1760 -0.9712 -0.1606
vn -0.1739 -0.9716 0.1603
vn -0.1725 -0.9710 0.1657
vn -0.5660 -0.6375 0.5227
vn -0.5562 -0.6343 0.5369
vn -0.1758 -0.9714 0.1595
vn -0.5711 -0.6368 0.5180
vn -0.7271 -0.1408 0.6719
vn -0.7121 -0.1397 0.6881
vn -0.7335 -0.1402 0.6651
vn -0.7371 -0.1373 0.6617
vn -0.5765 -0.6318 0.5182
vn -0.1794 -0.9704 0.1616
vn -0.7121 0.1397 0.6881
vn -0.7271 0.1408 0.6719
vn -0.5562 0.6343 0.5369
vn -0.5660 0.6375 0.5227
vn -0.7335 0.1402 0.6651
vn -0.5711 0.6368 0.5180
vn -0.1739 0.9716 0.1603
vn -0.1725 0.9710 0.1657
vn -0.1758 0.9714 0.1595
vn -0.1794 0.9704 0.1616
vn -0.5765 0.6318 0.5182
vn -0.7370 0.1373 0.6618
vn 0.1760 0.9712 -0.1606
vn 0.1755 0.9714 -0.1597
vn 0.5709 0.6357 -0.5196
vn 0.5698 0.6375 -0.5186
vn 0.1739 0.9714 -0.1618
vn 0.5635 0.6372 -0.5257
vn 0.7322 0.1414 -0.6663
vn 0.7326 0.1396 -0.6662
vn 0.7236 0.1412 -0.6757
vn 0.7058 0.1387 -0.6947
vn 0.5524 0.6326 -0.5428
vn 0.1724 0.9706 -0.1682
vn 0.1745 -0.9708 -0.1645
vn 0.5651 -0.6331 -0.5290
vn 0.1640 -0.9712 -0.1730
vn 0.5391 -0.6340 -0.5545
vn 0.7238 -0.1377 -0.6762
vn 0.6932 -0.1371 -0.7076
vn 0.3051 -0.1422 -0.9417
vn 0.5258 -0.1424 -0.8386
vn 0.2362 -0.6469 -0.7251
vn 0.3960 -0.6607 -0.6377
vn 0.1094 -0.9767 -0.1846
vn 0.0703 -0.9737 -0.2169
vn -0.1161 -0.9683 0.2212
vn -0.0749 -0.9702 0.2306
vn -0.3595 -0.6249 0.6930
vn -0.2399 -0.6313 0.7375
vn -0.1516 -0.9690 0.1950
vn -0.4729 -0.6274 0.6187
vn -0.4555 -0.1397 0.8792
vn -0.3063 -0.1403 0.9416
vn -0.6001 -0.1390 0.7877
vn -0.6772 -0.1392 0.7225
vn -0.5313 -0.6308 0.5656
vn -0.1672 -0.9700 0.1763
vn -0.3061 0.1404 0.9416
vn -0.4556 0.1395 0.8792
vn -0.2396 0.6312 0.7377
vn -0.3596 0.6250 0.6928
vn -0.6000 0.1391 0.7878
vn -0.4729 0.6274 0.6187
vn -0.1161 0.9683 0.2212
vn -0.0749 0.9702 0.2306
vn -0.1516 0.9690 0.1950
vn -0.1672 0.9700 0.1763
vn -0.5313 0.6308 0.5656
vn -0.6773 0.1393 0.7224
vn 0.0703 0.9737 -0.2169
vn 0.1094 0.9767 -0.1846
vn 0.2358 0.6471 -0.7251
vn 0.3961 0.6606 -0.6377
vn 0.1640 0.9712 -0.1730
vn 0.5391 0.6340 -0.5545
vn 0.5258 0.1426 -0.8386
vn 0.3049 0.1420 -0.9417
vn 0.6932 0.1370 -0.7076
vn 0.7238 0.1376 -0.6761
vn 0.5651 0.6331 -0.5290
vn 0.1745 0.9708 -0.1645
vn 0.0199 -0.9766 -0.2139
vn 0.0545 -0.6608 -0.7486
vn -0.0312 -0.9711 -0.2364
vn -0.1101 -0.6333 -0.7661
vn 0.0672 -0.1428 -0.9875
vn -0.1440 -0.1366 -0.9801
vn -0.2012 -0.1398 -0.9695
vn -0.1883 -0.1379 -0.9724
vn -0.1564 -0.6362 -0.7555
vn -0.1462 -0.6328 -0.7604
vn -0.0445 -0.9707 -0.2362
vn -0.0479 -0.9713 -0.2331
vn 0.0423 -0.9708 0.2361
vn 0.0317 -0.9700 0.2411
vn 0.1344 -0.6347 0.7610
vn 0.0974 -0.6310 0.7696
vn 0.0081 -0.9691 0.2464
vn 0.0187 -0.6270 0.7788
vn 0.1233 -0.1395 0.9825
vn 0.1716 -0.1402 0.9751
vn 0.0224 -0.1384 0.9901
vn -0.1479 -0.1400 0.9790
vn -0.1161 -0.6254 0.7716
vn -0.0359 -0.9684 0.2469
vn 0.1717 0.1403 0.9751
vn 0.1231 0.1394 0.9825
vn 0.0974 0.6310 0.7696
vn 0.1344 0.6347 0.7610
vn 0.0225 0.1384 0.9901
vn 0.0187 0.6270 0.7788
vn 0.0317 0.9700 0.2411
vn 0.0423 0.9708 0.2361
vn 0.0081 0.9691 0.2464
vn -0.0359 0.9684 0.2469
vn -0.1163 0.6253 0.7717
vn -0.1480 0.1403 0.9790
vn -0.0445 0.9707 -0.2362
vn -0.0479 0.9713 -0.2331
vn -0.1462 0.6328 -0.7604
vn -0.1564 0.6362 -0.7555
vn -0.0312 0.9711 -0.2364
vn -0.1101 0.6333 -0.7661
vn -0.1884 0.1378 -0.9724
vn -0.2012 0.1398 -0.9695
vn -0.1438 0.1368 -0.9801
vn 0.0673 0.1425 -0.9875
vn 0.0547 0.6611 -0.7483
vn 0.0199 0.9766 -0.2139
vn -0.0480 -0.9716 -0.2316
vn -0.1562 -0.6377 -0.7543
vn -0.0456 -0.9713 -0.2333
vn -0.1469 -0.6365 -0.7572
vn -0.2007 -0.1405 -0.9695
vn -0.1882 -0.1409 -0.9720
vn -0.1084 -0.1349 -0.9849
vn -0.1627 -0.1386 -0.9769
vn -0.0867 -0.6236 -0.7769
vn -0.1279 -0.6325 -0.7639
vn -0.0406 -0.9705 -0.2375
vn -0.0296 -0.9686 -0.2470
vn 0.0516 -0.9683 0.2446
vn 0.0501 -0.9705 0.2359
vn 0.1643 -0.6206 0.7668
vn 0.1617 -0.6319 0.7580
vn 0.0485 -0.9714 0.2324
vn 0.1575 -0.6366 0.7549
vn 0.2073 -0.1376 0.9686
vn 0.2096 -0.1315 0.9689
vn 0.2024 -0.1401 0.9692
vn 0.1933 -0.1416 0.9709
vn 0.1506 -0.6379 0.7553
vn 0.0466 -0.9715 0.2326
vn 0.2094 0.1317 0.9689
vn 0.2073 0.1376 0.9686
vn 0.1617 0.6319 0.7580
vn 0.1643 0.6206 0.7668
vn 0.2024 0.1401 0.9692
vn 0.1575 0.6366 0.7549
vn 0.0501 0.9705 0.2359
vn 0.0516 0.9683 0.2446
vn 0.0485 0.9714 0.2324
vn 0.0466 0.9715 0.2326
vn 0.1506 0.6379 0.7553
vn 0.1933 0.1416 0.9709
vn -0.0406 0.9705 -0.2375
vn -0.0296 0.9686 -0.2470
vn -0.1279 0.6325 -0.7639
vn -0.0867 0.6236 -0.7769
vn -0.0456 0.9713 -0.2333
vn -0.1469 0.6365 -0.7572
vn -0.1627 0.1385 -0.9769
vn -0.1083 0.1349 -0.9849
vn -0.1881 0.1409 -0.9720
vn -0.2007 0.1405 -0.9695
vn -0.1562 0.6377 -0.7543
vn -0.0480 0.9716 -0.2316
vn -0.0057 -0.9665 -0.2564
vn -0.0047 -0.6168 -0.7871
vn 0.0396 -0.9661 -0.2552
vn 0.1441 -0.6174 -0.7734
vn -0.0035 -0.1329 -0.9911
vn 0.1853 -0.1346 -0.9734
vn 0.7999 -0.1493 -0.5813
vn 0.4860 -0.1436 -0.8621
vn 0.6248 -0.6352 -0.4540
vn 0.3801 -0.6266 -0.6803
vn 0.1148 -0.9681 -0.2226
vn 0.1939 -0.9708 -0.1410
vn -0.1523 -0.9821 0.1105
vn -0.0660 -0.9839 0.1661
vn -0.5827 -0.6919 0.4264
vn -0.1711 -0.6918 0.7015
vn 0.0424 -0.9582 0.2831
vn 0.1613 -0.5710 0.8050
vn 0.9629 0.0435 0.2663
vn 0.7927 0.1505 -0.5907
vn 0.2189 -0.1073 0.9698
vn 0.2111 -0.1211 0.9699
vn 0.1655 -0.6002 0.7825
vn 0.0527 -0.9639 0.2610
vn 0.7923 -0.1505 -0.5913
vn 0.9625 -0.0461 0.2673
vn -0.1715 0.6924 0.7009
vn 0.2189 0.1073 0.9698
vn 0.1613 0.5710 0.8050
vn -0.0660 0.9839 0.1661
vn -0.1523 0.9821 0.1105
vn 0.0424 0.9582 0.2831
vn -0.5817 0.6921 0.4274
vn 0.0527 0.9639 0.2610
vn 0.1655 0.6002 0.7825
vn 0.2112 0.1213 0.9699
vn 0.1148 0.9681 -0.2226
vn 0.1939 0.9708 -0.1410
vn 0.3801 0.6266 -0.6803
vn 0.6248 0.6352 -0.4540
vn 0.0396 0.9661 -0.2552
vn 0.1441 0.6174 -0.7734
vn 0.4861 0.1435 -0.8620
vn 0.7998 0.1493 -0.5814
vn 0.1852 0.1345 -0.9735
vn -0.0034 0.1327 -0.9911
vn -0.0047 0.6168 -0.7871
vn -0.0057 0.9665 -0.2564
vn 0.2468 -0.9682 -0.0404
vn 0.7644 -0.6268 -0.1511
vn 0.2549 -0.9661 0.0412
vn 0.7795 -0.6180 0.1020
vn 0.9700 -0.1434 -0.1963
vn 0.9830 -0.1350 0.1248
vn 0.9033 -0.1347 0.4074
vn 0.9416 -0.1328 0.3096
vn 0.7468 -0.6173 0.2476
vn 0.7119 -0.6239 0.3225
vn 0.2417 -0.9667 0.0846
vn 0.2256 -0.9686 0.1044
vn -0.2319 -0.9639 -0.1307
vn -0.2169 -0.9682 -0.1247
vn -0.6929 -0.6005 -0.3991
vn -0.6783 -0.6208 -0.3931
vn -0.2559 -0.9583 -0.1272
vn -0.7160 -0.5711 -0.4015
vn -0.8572 -0.1217 -0.5005
vn -0.8567 -0.1320 -0.4987
vn -0.8547 -0.1077 -0.5077
vn 0.0308 0.0449 -0.9985
vn -0.7188 -0.6935 -0.0492
vn -0.1787 -0.9838 0.0114
vn -0.8567 0.1320 -0.4986
vn -0.8572 0.1217 -0.5005
vn -0.6783 0.6208 -0.3931
vn -0.6929 0.6005 -0.3991
vn -0.8547 0.1077 -0.5077
vn -0.7160 0.5711 -0.4015
vn -0.2319 0.9639 -0.1307
vn -0.2169 0.9682 -0.1247
vn -0.2559 0.9583 -0.1272
vn -0.1788 0.9838 0.0114
vn -0.7192 0.6930 -0.0500
vn 0.0316 -0.0424 -0.9986
vn 0.2256 0.9686 0.1044
vn 0.2417 0.9667 0.0846
vn 0.7119 0.6239 0.3225
vn 0.7468 0.6173 0.2476
vn 0.2549 0.9661 0.0412
vn 0.7795 0.6180 0.1020
vn 0.9415 0.1329 0.3097
vn 0.9032 0.1347 0.4074
vn 0.9830 0.1351 0.1246
vn 0.9700 0.1434 -0.1962
vn 0.7644 0.6268 -0.1511
vn 0.2468 0.9682 -0.0404
vn 0.2138 -0.9704 0.1122
vn 0.6867 -0.6329 0.3576
vn 0.2078 -0.9713 0.1155
vn 0.6744 -0.6369 0.3736
vn 0.8787 -0.1391 0.4566
vn 0.8662 -0.1409 0.4794
vn 0.8600 -0.1411 0.4904
vn 0.6696 -0.6370 0.3818
vn 0.2060 -0.9715 0.1176
vn -0.2068 -0.9715 -0.1162
vn -0.6724 -0.6370 -0.3769
vn -0.2060 -0.9714 -0.1179
vn -0.6693 -0.6365 -0.3832
vn -0.8637 -0.1412 -0.4838
vn -0.8592 -0.1406 -0.4920
vn -0.8570 -0.1379 -0.4965
vn -0.6711 -0.6317 -0.3881
vn -0.2092 -0.9704 -0.1208
vn -0.8637 0.1412 -0.4839
vn -0.6724 0.6370 -0.3769
vn -0.8592 0.1406 -0.4920
vn -0.6693 0.6365 -0.3832
vn -0.2068 0.9715 -0.1162
vn -0.2060 0.9714 -0.1179
vn -0.2092 0.9704 -0.1208
vn -0.6711 0.6317 -0.3881
vn -0.8570 0.1378 -0.4965
vn 0.2060 0.9715 0.1176
vn 0.6696 0.6370 0.3818
vn 0.2078 0.9713 0.1155
vn 0.6744 0.6369 0.3736
vn 0.8600 0.1411 0.4904
vn 0.8662 0.1410 0.4794
vn 0.8787 0.1392 0.4566
vn 0.6867 0.6329 0.3576
vn 0.2138 0.9704 0.1122
# 3623 vertex normals

g 18336_Snowflake_v1
usemtl _18336_Snowflake_v1default
s 128
f 1//1 2//2 3//3 4//4 
f 4//4 3//3 5//5 6//6 
f 7//7 1//1 4//4 8//7 
f 8//7 4//4 6//6 9//8 
f 10//9 11//10 12//11 13//12 
f 14//13 10//9 13//12 15//8 
f 6//6 5//5 11//10 10//9 
f 9//8 6//6 10//9 14//13 
f 16//14 17//15 18//16 19//17 
f 19//17 18//16 20//18 21//19 
f 15//8 16//14 19//17 14//13 
f 14//13 19//17 21//19 9//8 
f 22//20 23//21 24//22 25//23 
f 8//7 22//20 25//23 7//7 
f 21//19 20//18 23//21 22//20 
f 9//8 21//19 22//20 8//7 
f 26//24 27//25 28//26 29//27 
f 29//27 28//26 30//28 31//29 
f 32//30 26//24 29//27 33//31 
f 33//31 29//27 31//29 34//32 
f 35//33 36//34 37//35 38//36 
f 39//37 35//33 38//36 40//38 
f 31//29 30//28 36//34 35//33 
f 34//32 31//29 35//33 39//37 
f 41//39 42//40 43//41 44//42 
f 44//42 43//41 45//43 46//44 
f 40//38 41//39 44//42 39//37 
f 39//37 44//42 46//44 34//32 
f 47//45 48//46 49//47 50//48 
f 33//31 47//45 50//48 32//30 
f 46//44 45//43 48//46 47//45 
f 34//32 46//44 47//45 33//31 
f 51//49 52//50 53//51 54//52 
f 55//53 51//49 54//52 56//54 
f 57//55 58//55 52//50 51//49 
f 59//56 57//55 51//49 55//53 
f 60//57 61//58 62//59 63//60 
f 64//56 65//61 61//58 60//57 
f 61//58 55//53 56//54 62//59 
f 65//61 59//56 55//53 61//58 
f 66//62 67//63 68//64 69//65 
f 70//66 66//62 69//65 71//67 
f 65//61 64//56 67//63 66//62 
f 59//56 65//61 66//62 70//66 
f 72//68 73//69 74//70 75//71 
f 58//55 57//55 73//69 72//68 
f 73//69 70//66 71//67 74//70 
f 57//55 59//56 70//66 73//69 
f 76//72 77//73 78//74 79//75 
f 79//75 78//74 80//76 81//77 
f 82//78 76//72 79//75 83//79 
f 83//79 79//75 81//77 84//80 
f 85//81 86//82 87//83 88//84 
f 89//85 85//81 88//84 90//86 
f 81//77 80//76 86//82 85//81 
f 84//80 81//77 85//81 89//85 
f 91//87 92//88 93//89 94//90 
f 94//90 93//89 95//91 96//92 
f 90//86 91//87 94//90 89//85 
f 89//85 94//90 96//92 84//80 
f 97//93 98//94 99//95 100//96 
f 83//79 97//93 100//96 82//78 
f 96//92 95//91 98//94 97//93 
f 84//80 96//92 97//93 83//79 
f 101//97 13//12 12//11 102//98 
f 103//99 101//97 102//98 104//100 
f 105//101 15//8 13//12 101//97 
f 106//102 105//101 101//97 103//99 
f 107//103 108//104 109//105 110//106 
f 111//107 112//107 108//104 107//103 
f 108//104 103//99 104//100 109//105 
f 112//107 106//102 103//99 108//104 
f 113//108 114//109 115//110 116//111 
f 117//112 113//108 116//111 118//113 
f 112//107 111//107 114//109 113//108 
f 106//102 112//107 113//108 117//112 
f 16//14 119//114 120//115 17//15 
f 15//8 105//101 119//114 16//14 
f 119//114 117//112 118//113 120//115 
f 105//101 106//102 117//112 119//114 
f 38//36 37//35 121//116 122//117 
f 122//117 121//116 123//118 124//119 
f 40//38 38//36 122//117 125//120 
f 125//120 122//117 124//119 126//121 
f 127//122 128//123 129//124 130//125 
f 131//126 127//122 130//125 132//127 
f 124//119 123//118 128//123 127//122 
f 126//121 124//119 127//122 131//126 
f 133//128 134//129 135//130 136//131 
f 136//131 135//130 137//132 138//133 
f 132//127 133//128 136//131 131//126 
f 131//126 136//131 138//133 126//121 
f 139//134 140//135 42//40 41//39 
f 125//120 139//134 41//39 40//38 
f 138//133 137//132 140//135 139//134 
f 126//121 138//133 139//134 125//120 
f 60//57 63//60 141//136 142//137 
f 142//137 141//136 143//138 144//139 
f 64//56 60//57 142//137 145//140 
f 145//140 142//137 144//139 146//141 
f 147//142 148//143 149//144 150//145 
f 151//146 147//142 150//145 152//146 
f 144//139 143//138 148//143 147//142 
f 146//141 144//139 147//142 151//146 
f 153//147 154//148 155//149 156//150 
f 156//150 155//149 157//151 158//152 
f 152//146 153//147 156//150 151//146 
f 151//146 156//150 158//152 146//141 
f 159//153 160//154 68//64 67//63 
f 145//140 159//153 67//63 64//56 
f 158//152 157//151 160//154 159//153 
f 146//141 158//152 159//153 145//140 
f 88//84 87//83 161//155 162//156 
f 162//156 161//155 163//157 164//158 
f 90//86 88//84 162//156 165//159 
f 165//159 162//156 164//158 166//160 
f 167//161 168//162 169//163 170//164 
f 171//165 167//161 170//164 172//166 
f 164//158 163//157 168//162 167//161 
f 166//160 164//158 167//161 171//165 
f 173//167 174//168 175//169 176//170 
f 176//170 175//169 177//171 178//172 
f 172//166 173//167 176//170 171//165 
f 171//165 176//170 178//172 166//160 
f 179//173 180//174 92//88 91//87 
f 165//159 179//173 91//87 90//86 
f 178//172 177//171 180//174 179//173 
f 166//160 178//172 179//173 165//159 
f 181//175 107//103 110//106 182//176 
f 183//103 181//175 182//176 184//177 
f 185//7 111//107 107//103 181//175 
f 186//178 185//7 181//175 183//103 
f 187//179 188//180 189//181 190//182 
f 191//183 192//178 188//180 187//179 
f 188//180 183//103 184//177 189//181 
f 192//178 186//178 183//103 188//180 
f 193//184 194//185 195//186 196//187 
f 197//109 193//184 196//187 198//188 
f 192//178 191//183 194//185 193//184 
f 186//178 192//178 193//184 197//109 
f 114//109 199//109 200//189 115//110 
f 111//107 185//7 199//109 114//109 
f 199//109 197//109 198//188 200//189 
f 185//7 186//178 197//109 199//109 
f 130//125 129//124 201//190 202//191 
f 202//191 201//190 203//192 204//193 
f 132//127 130//125 202//191 205//194 
f 205//194 202//191 204//193 206//195 
f 207//196 208//197 209//198 210//199 
f 211//200 207//196 210//199 212//201 
f 204//193 203//192 208//197 207//196 
f 206//195 204//193 207//196 211//200 
f 213//202 214//203 215//204 216//205 
f 216//205 215//204 217//206 218//207 
f 212//201 213//202 216//205 211//200 
f 211//200 216//205 218//207 206//195 
f 219//208 220//209 134//129 133//128 
f 205//194 219//208 133//128 132//127 
f 218//207 217//206 220//209 219//208 
f 206//195 218//207 219//208 205//194 
f 150//145 149//144 221//210 222//211 
f 222//211 221//210 223//212 224//211 
f 152//146 150//145 222//211 225//55 
f 225//55 222//211 224//211 226//213 
f 227//214 228//215 229//216 230//217 
f 231//213 227//214 230//217 232//218 
f 224//211 223//212 228//215 227//214 
f 226//213 224//211 227//214 231//213 
f 233//219 234//220 235//221 236//222 
f 236//222 235//221 237//223 238//147 
f 232//218 233//219 236//222 231//213 
f 231//213 236//222 238//147 226//213 
f 239//147 240//224 154//148 153//147 
f 225//55 239//147 153//147 152//146 
f 238//147 237//223 240//224 239//147 
f 226//213 238//147 239//147 225//55 
f 170//164 169//163 241//225 242//226 
f 242//226 241//225 243//227 244//228 
f 172//166 170//164 242//226 245//229 
f 245//229 242//226 244//228 246//230 
f 247//231 248//232 249//233 250//234 
f 251//235 247//231 250//234 252//236 
f 244//228 243//227 248//232 247//231 
f 246//230 244//228 247//231 251//235 
f 253//237 254//238 255//239 256//240 
f 256//240 255//239 257//241 258//242 
f 252//236 253//237 256//240 251//235 
f 251//235 256//240 258//242 246//230 
f 259//243 260//244 174//168 173//167 
f 245//229 259//243 173//167 172//166 
f 258//242 257//241 260//244 259//243 
f 246//230 258//242 259//243 245//229 
f 261//245 187//179 190//182 262//246 
f 263//247 261//245 262//246 264//248 
f 265//183 191//183 187//179 261//245 
f 266//249 265//183 261//245 263//247 
f 267//250 268//251 269//252 270//253 
f 271//254 272//255 268//251 267//250 
f 268//251 263//247 264//248 269//252 
f 272//255 266//249 263//247 268//251 
f 273//256 274//257 275//258 276//259 
f 277//260 273//256 276//259 278//261 
f 272//255 271//254 274//257 273//256 
f 266//249 272//255 273//256 277//260 
f 194//185 279//262 280//263 195//186 
f 191//183 265//183 279//262 194//185 
f 279//262 277//260 278//261 280//263 
f 265//183 266//249 277//260 279//262 
f 210//199 209//198 281//264 282//265 
f 282//265 281//264 283//266 284//267 
f 212//201 210//199 282//265 285//268 
f 285//268 282//265 284//267 286//269 
f 287//270 288//271 289//272 290//273 
f 291//274 287//270 290//273 292//275 
f 284//267 283//266 288//271 287//270 
f 286//269 284//267 287//270 291//274 
f 293//276 294//277 295//278 296//279 
f 296//279 295//278 297//280 298//281 
f 292//275 293//276 296//279 291//274 
f 291//274 296//279 298//281 286//269 
f 299//282 300//283 214//203 213//202 
f 285//268 299//282 213//202 212//201 
f 298//281 297//280 300//283 299//282 
f 286//269 298//281 299//282 285//268 
f 230//217 229//216 301//284 302//285 
f 302//285 301//284 303//286 304//287 
f 232//218 230//217 302//285 305//288 
f 305//288 302//285 304//287 306//289 
f 307//290 308//291 309//292 310//293 
f 311//294 307//290 310//293 312//295 
f 304//287 303//286 308//291 307//290 
f 306//289 304//287 307//290 311//294 
f 313//296 314//297 315//298 316//299 
f 316//299 315//298 317//300 318//301 
f 312//295 313//296 316//299 311//294 
f 311//294 316//299 318//301 306//289 
f 319//302 320//303 234//220 233//219 
f 305//288 319//302 233//219 232//218 
f 318//301 317//300 320//303 319//302 
f 306//289 318//301 319//302 305//288 
f 250//234 249//233 321//304 322//305 
f 322//305 321//304 323//306 324//307 
f 252//236 250//234 322//305 325//308 
f 325//308 322//305 324//307 326//309 
f 327//310 328//311 329//312 330//313 
f 331//314 327//310 330//313 332//315 
f 324//307 323//306 328//311 327//310 
f 326//309 324//307 327//310 331//314 
f 333//316 334//317 335//318 336//319 
f 336//319 335//318 337//320 338//321 
f 332//315 333//316 336//319 331//314 
f 331//314 336//319 338//321 326//309 
f 339//322 340//323 254//238 253//237 
f 325//308 339//322 253//237 252//236 
f 338//321 337//320 340//323 339//322 
f 326//309 338//321 339//322 325//308 
f 267//250 270//253 341//324 342//325 
f 342//325 341//324 343//326 344//327 
f 271//254 267//250 342//325 345//328 
f 345//328 342//325 344//327 346//329 
f 347//330 348//331 349//332 350//333 
f 351//334 347//330 350//333 352//178 
f 344//327 343//326 348//331 347//330 
f 346//329 344//327 347//330 351//334 
f 353//335 354//336 355//337 356//338 
f 356//338 355//337 357//339 358//340 
f 352//178 353//335 356//338 351//334 
f 351//334 356//338 358//340 346//329 
f 359//341 360//342 275//258 274//257 
f 345//328 359//341 274//257 271//254 
f 358//340 357//339 360//342 359//341 
f 346//329 358//340 359//341 345//328 
f 290//273 289//272 361//343 362//344 
f 362//344 361//343 363//345 364//346 
f 292//275 290//273 362//344 365//347 
f 365//347 362//344 364//346 366//348 
f 367//349 368//350 369//351 370//352 
f 371//353 367//349 370//352 372//354 
f 364//346 363//345 368//350 367//349 
f 366//348 364//346 367//349 371//353 
f 373//355 374//356 375//357 376//358 
f 376//358 375//357 377//359 378//360 
f 372//354 373//355 376//358 371//353 
f 371//353 376//358 378//360 366//348 
f 379//361 380//362 294//277 293//276 
f 365//347 379//361 293//276 292//275 
f 378//360 377//359 380//362 379//361 
f 366//348 378//360 379//361 365//347 
f 381//363 310//293 309//292 382//364 
f 383//365 381//363 382//364 384//366 
f 385//367 312//295 310//293 381//363 
f 386//368 385//367 381//363 383//365 
f 387//369 388//370 389//371 390//372 
f 391//213 392//373 388//370 387//369 
f 388//370 383//365 384//366 389//371 
f 392//373 386//368 383//365 388//370 
f 393//374 394//375 395//376 396//377 
f 397//378 393//374 396//377 398//379 
f 392//373 391//213 394//375 393//374 
f 386//368 392//373 393//374 397//378 
f 313//296 399//380 400//381 314//297 
f 312//295 385//367 399//380 313//296 
f 399//380 397//378 398//379 400//381 
f 385//367 386//368 397//378 399//380 
f 330//313 329//312 401//382 402//383 
f 402//383 401//382 403//384 404//385 
f 332//315 330//313 402//383 405//386 
f 405//386 402//383 404//385 406//387 
f 407//388 408//389 409//390 410//391 
f 411//392 407//388 410//391 412//393 
f 404//385 403//384 408//389 407//388 
f 406//387 404//385 407//388 411//392 
f 413//394 414//395 415//396 416//397 
f 416//397 415//396 417//398 418//399 
f 412//393 413//394 416//397 411//392 
f 411//392 416//397 418//399 406//387 
f 419//400 420//401 334//317 333//316 
f 405//386 419//400 333//316 332//315 
f 418//399 417//398 420//401 419//400 
f 406//387 418//399 419//400 405//386 
f 350//333 349//332 421//402 422//403 
f 422//403 421//402 423//404 424//405 
f 352//178 350//333 422//403 425//178 
f 425//178 422//403 424//405 426//178 
f 427//406 428//407 429//408 430//405 
f 431//7 427//406 430//405 432//7 
f 424//405 423//404 428//407 427//406 
f 426//178 424//405 427//406 431//7 
f 433//409 434//410 435//411 436//412 
f 436//412 435//411 437//413 438//412 
f 432//7 433//409 436//412 431//7 
f 431//7 436//412 438//412 426//178 
f 439//414 440//415 354//336 353//335 
f 425//178 439//414 353//335 352//178 
f 438//412 437//413 440//415 439//414 
f 426//178 438//412 439//414 425//178 
f 370//352 369//351 441//416 442//417 
f 442//417 441//416 443//418 444//419 
f 372//354 370//352 442//417 445//420 
f 445//420 442//417 444//419 446//421 
f 447//422 448//423 449//424 450//425 
f 451//426 447//422 450//425 452//427 
f 444//419 443//418 448//423 447//422 
f 446//421 444//419 447//422 451//426 
f 453//428 454//429 455//430 456//431 
f 456//431 455//430 457//432 458//433 
f 452//427 453//428 456//431 451//426 
f 451//426 456//431 458//433 446//421 
f 459//434 460//435 374//356 373//355 
f 445//420 459//434 373//355 372//354 
f 458//433 457//432 460//435 459//434 
f 446//421 458//433 459//434 445//420 
f 461//436 387//369 390//372 462//437 
f 463//438 461//436 462//437 464//439 
f 465//213 391//213 387//369 461//436 
f 466//213 465//213 461//436 463//438 
f 467//436 468//440 469//441 470//442 
f 471//55 472//55 468//440 467//436 
f 468//440 463//438 464//439 469//441 
f 472//55 466//213 463//438 468//440 
f 473//443 474//444 475//445 476//446 
f 477//447 473//443 476//446 478//448 
f 472//55 471//55 474//444 473//443 
f 466//213 472//55 473//443 477//447 
f 394//375 479//449 480//450 395//376 
f 391//213 465//213 479//449 394//375 
f 479//449 477//447 478//448 480//450 
f 465//213 466//213 477//447 479//449 
f 410//391 409//390 481//451 482//452 
f 482//452 481//451 483//453 484//454 
f 412//393 410//391 482//452 485//455 
f 485//455 482//452 484//454 486//456 
f 487//457 488//458 489//459 490//460 
f 491//461 487//457 490//460 492//462 
f 484//454 483//453 488//458 487//457 
f 486//456 484//454 487//457 491//461 
f 493//463 494//464 495//465 496//466 
f 496//466 495//465 497//467 498//468 
f 492//462 493//463 496//466 491//461 
f 491//461 496//466 498//468 486//456 
f 499//469 500//470 414//395 413//394 
f 485//455 499//469 413//394 412//393 
f 498//468 497//467 500//470 499//469 
f 486//456 498//468 499//469 485//455 
f 430//405 429//408 501//471 502//472 
f 502//472 501//471 503//473 504//474 
f 432//7 430//405 502//472 505//183 
f 505//183 502//472 504//474 506//475 
f 507//476 508//477 509//478 510//479 
f 511//480 507//476 510//479 512//481 
f 504//474 503//473 508//477 507//476 
f 506//475 504//474 507//476 511//480 
f 513//482 514//483 515//484 516//485 
f 516//485 515//484 517//486 518//487 
f 512//481 513//482 516//485 511//480 
f 511//480 516//485 518//487 506//475 
f 519//488 520//489 434//410 433//409 
f 505//183 519//488 433//409 432//7 
f 518//487 517//486 520//489 519//488 
f 506//475 518//487 519//488 505//183 
f 450//425 449//424 521//490 522//491 
f 522//491 521//490 523//492 524//493 
f 452//427 450//425 522//491 525//494 
f 525//494 522//491 524//493 526//495 
f 527//496 528//497 529//498 530//499 
f 531//500 527//496 530//499 532//501 
f 524//493 523//492 528//497 527//496 
f 526//495 524//493 527//496 531//500 
f 533//502 534//503 535//504 536//505 
f 536//505 535//504 537//506 538//507 
f 532//501 533//502 536//505 531//500 
f 531//500 536//505 538//507 526//495 
f 539//508 540//509 454//429 453//428 
f 525//494 539//508 453//428 452//427 
f 538//507 537//506 540//509 539//508 
f 526//495 538//507 539//508 525//494 
f 541//510 467//436 470//442 542//511 
f 543//512 541//510 542//511 544//513 
f 545//218 471//55 467//436 541//510 
f 546//514 545//218 541//510 543//512 
f 547//515 548//516 549//517 550//518 
f 551//519 552//520 548//516 547//515 
f 548//516 543//512 544//513 549//517 
f 552//520 546//514 543//512 548//516 
f 553//521 554//522 555//523 556//524 
f 557//525 553//521 556//524 558//526 
f 552//520 551//519 554//522 553//521 
f 546//514 552//520 553//521 557//525 
f 474//444 559//449 560//527 475//445 
f 471//55 545//218 559//449 474//444 
f 559//449 557//525 558//526 560//527 
f 545//218 546//514 557//525 559//449 
f 490//460 489//459 561//528 562//529 
f 562//529 561//528 563//530 564//531 
f 492//462 490//460 562//529 565//532 
f 565//532 562//529 564//531 566//533 
f 567//534 568//535 569//536 570//537 
f 571//538 567//534 570//537 572//539 
f 564//531 563//530 568//535 567//534 
f 566//533 564//531 567//534 571//538 
f 573//540 574//541 575//542 576//543 
f 576//543 575//542 577//544 578//545 
f 572//539 573//540 576//543 571//538 
f 571//538 576//543 578//545 566//533 
f 579//546 580//547 494//464 493//463 
f 565//532 579//546 493//463 492//462 
f 578//545 577//544 580//547 579//546 
f 566//533 578//545 579//546 565//532 
f 581//548 510//479 509//478 582//549 
f 583//550 581//548 582//549 584//551 
f 585//552 512//481 510//479 581//548 
f 586//553 585//552 581//548 583//550 
f 587//554 588//555 589//556 590//557 
f 591//7 592//7 588//555 587//554 
f 588//555 583//550 584//551 589//556 
f 592//7 586//553 583//550 588//555 
f 593//558 594//559 595//560 596//561 
f 597//562 593//558 596//561 598//563 
f 592//7 591//7 594//559 593//558 
f 586//553 592//7 593//558 597//562 
f 513//482 599//564 600//565 514//483 
f 512//481 585//552 599//564 513//482 
f 599//564 597//562 598//563 600//565 
f 585//552 586//553 597//562 599//564 
f 530//499 529//498 601//566 602//567 
f 602//567 601//566 603//568 604//569 
f 532//501 530//499 602//567 605//570 
f 605//570 602//567 604//569 606//571 
f 607//572 608//573 609//574 610//575 
f 611//576 607//572 610//575 612//577 
f 604//569 603//568 608//573 607//572 
f 606//571 604//569 607//572 611//576 
f 613//578 614//579 615//580 616//581 
f 616//581 615//580 617//582 618//583 
f 612//577 613//578 616//581 611//576 
f 611//576 616//581 618//583 606//571 
f 619//584 620//585 534//503 533//502 
f 605//570 619//584 533//502 532//501 
f 618//583 617//582 620//585 619//584 
f 606//571 618//583 619//584 605//570 
f 547//515 550//518 621//586 622//587 
f 622//587 621//586 623//588 624//589 
f 551//519 547//515 622//587 625//590 
f 625//590 622//587 624//589 626//591 
f 627//592 628//593 629//594 630//595 
f 631//55 627//592 630//595 632//55 
f 624//589 623//588 628//593 627//592 
f 626//591 624//589 627//592 631//55 
f 633//596 634//597 635//598 636//599 
f 636//599 635//598 637//600 638//601 
f 632//55 633//596 636//599 631//55 
f 631//55 636//599 638//601 626//591 
f 639//602 640//603 555//523 554//522 
f 625//590 639//602 554//522 551//519 
f 638//601 637//600 640//603 639//602 
f 626//591 638//601 639//602 625//590 
f 570//537 569//536 641//604 642//605 
f 642//605 641//604 643//606 644//607 
f 572//539 570//537 642//605 645//608 
f 645//608 642//605 644//607 646//609 
f 647//610 648//611 649//612 650//613 
f 651//614 647//610 650//613 652//615 
f 644//607 643//606 648//611 647//610 
f 646//609 644//607 647//610 651//614 
f 653//616 654//617 655//618 656//619 
f 656//619 655//618 657//620 658//621 
f 652//615 653//616 656//619 651//614 
f 651//614 656//619 658//621 646//609 
f 659//622 660//623 574//541 573//540 
f 645//608 659//622 573//540 572//539 
f 658//621 657//620 660//623 659//622 
f 646//609 658//621 659//622 645//608 
f 661//624 587//554 590//557 662//625 
f 663//624 661//624 662//625 664//626 
f 665//183 591//7 587//554 661//624 
f 666//178 665//183 661//624 663//624 
f 667//627 668//555 669//628 670//629 
f 671//178 672//107 668//555 667//627 
f 668//555 663//624 664//626 669//628 
f 672//107 666//178 663//624 668//555 
f 673//630 674//631 675//632 676//633 
f 677//634 673//630 676//633 678//635 
f 672//107 671//178 674//631 673//630 
f 666//178 672//107 673//630 677//634 
f 594//559 679//636 680//637 595//560 
f 591//7 665//183 679//636 594//559 
f 679//636 677//634 678//635 680//637 
f 665//183 666//178 677//634 679//636 
f 610//575 609//574 681//638 682//639 
f 682//639 681//638 683//640 684//641 
f 612//577 610//575 682//639 685//642 
f 685//642 682//639 684//641 686//643 
f 687//644 688//645 689//646 690//647 
f 691//648 687//644 690//647 692//649 
f 684//641 683//640 688//645 687//644 
f 686//643 684//641 687//644 691//648 
f 693//650 694//651 695//652 696//653 
f 696//653 695//652 697//654 698//655 
f 692//649 693//650 696//653 691//648 
f 691//648 696//653 698//655 686//643 
f 699//656 700//657 614//579 613//578 
f 685//642 699//656 613//578 612//577 
f 698//655 697//654 700//657 699//656 
f 686//643 698//655 699//656 685//642 
f 630//595 629//594 701//658 702//659 
f 702//659 701//658 703//660 704//659 
f 632//55 630//595 702//659 705//218 
f 705//218 702//659 704//659 706//213 
f 707//661 708//662 709//663 710//664 
f 711//146 707//661 710//664 712//213 
f 704//659 703//660 708//662 707//661 
f 706//213 704//659 707//661 711//146 
f 713//665 714//666 715//667 716//668 
f 716//668 715//667 717//669 718//596 
f 712//213 713//665 716//668 711//146 
f 711//146 716//668 718//596 706//213 
f 719//596 720//670 634//597 633//596 
f 705//218 719//596 633//596 632//55 
f 718//596 717//669 720//670 719//596 
f 706//213 718//596 719//596 705//218 
f 650//613 649//612 721//671 722//672 
f 722//672 721//671 723//673 724//674 
f 652//615 650//613 722//672 725//675 
f 725//675 722//672 724//674 726//676 
f 727//677 728//678 729//679 730//680 
f 731//681 727//677 730//680 732//682 
f 724//674 723//673 728//678 727//677 
f 726//676 724//674 727//677 731//681 
f 733//683 734//684 735//685 736//686 
f 736//686 735//685 737//687 738//688 
f 732//682 733//683 736//686 731//681 
f 731//681 736//686 738//688 726//676 
f 739//689 740//690 654//617 653//616 
f 725//675 739//689 653//616 652//615 
f 738//688 737//687 740//690 739//689 
f 726//676 738//688 739//689 725//675 
f 741//691 667//627 670//629 742//692 
f 743//693 741//691 742//692 744//694 
f 745//178 671//178 667//627 741//691 
f 746//695 745//178 741//691 743//693 
f 747//696 748//697 749//698 750//699 
f 751//700 752//701 748//697 747//696 
f 748//697 743//693 744//694 749//698 
f 752//701 746//695 743//693 748//697 
f 753//702 754//703 755//704 756//705 
f 757//706 753//702 756//705 758//707 
f 752//701 751//700 754//703 753//702 
f 746//695 752//701 753//702 757//706 
f 674//631 759//708 760//709 675//632 
f 671//178 745//178 759//708 674//631 
f 759//708 757//706 758//707 760//709 
f 745//178 746//695 757//706 759//708 
f 690//647 689//646 761//710 762//711 
f 762//711 761//710 763//712 764//713 
f 692//649 690//647 762//711 765//714 
f 765//714 762//711 764//713 766//715 
f 767//716 768//717 769//718 770//719 
f 771//720 767//716 770//719 772//721 
f 764//713 763//712 768//717 767//716 
f 766//715 764//713 767//716 771//720 
f 773//722 774//723 775//724 776//725 
f 776//725 775//724 777//726 778//727 
f 772//721 773//722 776//725 771//720 
f 771//720 776//725 778//727 766//715 
f 779//728 780//729 694//651 693//650 
f 765//714 779//728 693//650 692//649 
f 778//727 777//726 780//729 779//728 
f 766//715 778//727 779//728 765//714 
f 710//664 709//663 781//730 782//731 
f 782//731 781//730 783//732 784//733 
f 712//213 710//664 782//731 785//734 
f 785//734 782//731 784//733 786//735 
f 787//736 788//737 789//738 790//739 
f 791//740 787//736 790//739 792//741 
f 784//733 783//732 788//737 787//736 
f 786//735 784//733 787//736 791//740 
f 793//742 794//743 795//744 796//745 
f 796//745 795//744 797//746 798//747 
f 792//741 793//742 796//745 791//740 
f 791//740 796//745 798//747 786//735 
f 799//748 800//749 714//666 713//665 
f 785//734 799//748 713//665 712//213 
f 798//747 797//746 800//749 799//748 
f 786//735 798//747 799//748 785//734 
f 730//680 729//679 801//750 802//751 
f 802//751 801//750 803//752 804//753 
f 732//682 730//680 802//751 805//754 
f 805//754 802//751 804//753 806//755 
f 807//756 808//757 809//758 810//759 
f 811//760 807//756 810//759 812//761 
f 804//753 803//752 808//757 807//756 
f 806//755 804//753 807//756 811//760 
f 813//762 814//763 815//764 816//765 
f 816//765 815//764 817//766 818//767 
f 812//761 813//762 816//765 811//760 
f 811//760 816//765 818//767 806//755 
f 819//768 820//769 734//684 733//683 
f 805//754 819//768 733//683 732//682 
f 818//767 817//766 820//769 819//768 
f 806//755 818//767 819//768 805//754 
f 747//696 750//699 821//770 822//771 
f 822//771 821//770 823//772 824//773 
f 751//700 747//696 822//771 825//774 
f 825//774 822//771 824//773 826//101 
f 827//775 828//776 829//777 830//114 
f 831//102 827//775 830//114 832//107 
f 824//773 823//772 828//776 827//775 
f 826//101 824//773 827//775 831//102 
f 833//778 834//779 835//780 836//781 
f 836//781 835//780 837//782 838//783 
f 832//107 833//778 836//781 831//102 
f 831//102 836//781 838//783 826//101 
f 839//784 840//785 755//704 754//703 
f 825//774 839//784 754//703 751//700 
f 838//783 837//782 840//785 839//784 
f 826//101 838//783 839//784 825//774 
f 770//719 769//718 841//786 842//787 
f 842//787 841//786 843//788 844//789 
f 772//721 770//719 842//787 845//790 
f 845//790 842//787 844//789 846//791 
f 847//792 848//793 849//794 850//795 
f 851//796 847//792 850//795 852//797 
f 844//789 843//788 848//793 847//792 
f 846//791 844//789 847//792 851//796 
f 853//798 854//799 855//800 856//801 
f 856//801 855//800 857//802 858//803 
f 852//797 853//798 856//801 851//796 
f 851//796 856//801 858//803 846//791 
f 859//804 860//805 774//723 773//722 
f 845//790 859//804 773//722 772//721 
f 858//803 857//802 860//805 859//804 
f 846//791 858//803 859//804 845//790 
f 861//806 790//739 789//738 862//807 
f 863//808 861//806 862//807 864//809 
f 865//810 792//741 790//739 861//806 
f 866//811 865//810 861//806 863//808 
f 867//812 868//813 869//814 870//815 
f 871//146 872//141 868//813 867//812 
f 868//813 863//808 864//809 869//814 
f 872//141 866//811 863//808 868//813 
f 873//816 874//817 875//818 876//819 
f 877//820 873//816 876//819 878//821 
f 872//141 871//146 874//817 873//816 
f 866//811 872//141 873//816 877//820 
f 793//742 879//822 880//823 794//743 
f 792//741 865//810 879//822 793//742 
f 879//822 877//820 878//821 880//823 
f 865//810 866//811 877//820 879//822 
f 810//759 809//758 881//824 882//825 
f 882//825 881//824 883//826 884//827 
f 812//761 810//759 882//825 885//828 
f 885//828 882//825 884//827 886//829 
f 887//830 888//831 889//832 890//833 
f 891//834 887//830 890//833 892//835 
f 884//827 883//826 888//831 887//830 
f 886//829 884//827 887//830 891//834 
f 893//836 894//837 895//838 896//839 
f 896//839 895//838 897//840 898//841 
f 892//835 893//836 896//839 891//834 
f 891//834 896//839 898//841 886//829 
f 899//842 900//843 814//763 813//762 
f 885//828 899//842 813//762 812//761 
f 898//841 897//840 900//843 899//842 
f 886//829 898//841 899//842 885//828 
f 830//114 829//777 901//844 902//845 
f 902//845 901//844 903//846 904//847 
f 832//107 830//114 902//845 905//107 
f 905//107 902//845 904//847 906//107 
f 907//847 908//848 909//849 910//847 
f 911//7 907//847 910//847 912//183 
f 904//847 903//846 908//848 907//847 
f 906//107 904//847 907//847 911//7 
f 913//850 914//851 915//852 916//853 
f 916//853 915//852 917//854 918//853 
f 912//183 913//850 916//853 911//7 
f 911//7 916//853 918//853 906//107 
f 919//855 920//856 834//779 833//778 
f 905//107 919//855 833//778 832//107 
f 918//853 917//854 920//856 919//855 
f 906//107 918//853 919//855 905//107 
f 850//795 849//794 921//857 922//858 
f 922//858 921//857 923//859 924//860 
f 852//797 850//795 922//858 925//861 
f 925//861 922//858 924//860 926//862 
f 927//863 928//864 929//865 930//866 
f 931//867 927//863 930//866 932//868 
f 924//860 923//859 928//864 927//863 
f 926//862 924//860 927//863 931//867 
f 933//869 934//870 935//871 936//872 
f 936//872 935//871 937//873 938//874 
f 932//868 933//869 936//872 931//867 
f 931//867 936//872 938//874 926//862 
f 939//875 940//876 854//799 853//798 
f 925//861 939//875 853//798 852//797 
f 938//874 937//873 940//876 939//875 
f 926//862 938//874 939//875 925//861 
f 941//877 867//812 870//815 942//878 
f 943//879 941//877 942//878 944//880 
f 945//146 871//146 867//812 941//877 
f 946//146 945//146 941//877 943//879 
f 947//881 948//882 949//883 950//884 
f 951//218 952//55 948//882 947//881 
f 948//882 943//879 944//880 949//883 
f 952//55 946//146 943//879 948//882 
f 953//885 954//886 955//887 956//888 
f 957//886 953//885 956//888 958//889 
f 952//55 951//218 954//886 953//885 
f 946//146 952//55 953//885 957//886 
f 874//817 959//890 960//891 875//818 
f 871//146 945//146 959//890 874//817 
f 959//890 957//886 958//889 960//891 
f 945//146 946//146 957//886 959//890 
f 890//833 889//832 961//892 962//893 
f 962//893 961//892 963//894 964//895 
f 892//835 890//833 962//893 965//896 
f 965//896 962//893 964//895 966//897 
f 967//898 968//899 969//900 970//901 
f 971//902 967//898 970//901 972//903 
f 964//895 963//894 968//899 967//898 
f 966//897 964//895 967//898 971//902 
f 973//904 974//905 975//906 976//907 
f 976//907 975//906 977//908 978//909 
f 972//903 973//904 976//907 971//902 
f 971//902 976//907 978//909 966//897 
f 979//910 980//911 894//837 893//836 
f 965//896 979//910 893//836 892//835 
f 978//909 977//908 980//911 979//910 
f 966//897 978//909 979//910 965//896 
f 910//847 909//849 981//912 982//913 
f 982//913 981//912 983//914 984//915 
f 912//183 910//847 982//913 985//183 
f 985//183 982//913 984//915 986//916 
f 987//917 988//918 989//919 990//920 
f 991//249 987//917 990//920 992//921 
f 984//915 983//914 988//918 987//917 
f 986//916 984//915 987//917 991//249 
f 993//922 994//923 995//924 996//925 
f 996//925 995//924 997//926 998//927 
f 992//921 993//922 996//925 991//249 
f 991//249 996//925 998//927 986//916 
f 999//928 1000//929 914//851 913//850 
f 985//183 999//928 913//850 912//183 
f 998//927 997//926 1000//929 999//928 
f 986//916 998//927 999//928 985//183 
f 930//866 929//865 1001//930 1002//931 
f 1002//931 1001//930 1003//932 1004//933 
f 932//868 930//866 1002//931 1005//934 
f 1005//934 1002//931 1004//933 1006//935 
f 1007//936 1008//937 1009//938 1010//939 
f 1011//940 1007//936 1010//939 1012//941 
f 1004//933 1003//932 1008//937 1007//936 
f 1006//935 1004//933 1007//936 1011//940 
f 1013//942 1014//943 1015//944 1016//945 
f 1016//945 1015//944 1017//946 1018//947 
f 1012//941 1013//942 1016//945 1011//940 
f 1011//940 1016//945 1018//947 1006//935 
f 1019//948 1020//949 934//870 933//869 
f 1005//934 1019//948 933//869 932//868 
f 1018//947 1017//946 1020//949 1019//948 
f 1006//935 1018//947 1019//948 1005//934 
f 1021//950 947//881 950//884 1022//951 
f 1023//952 1021//950 1022//951 1024//953 
f 1025//218 951//218 947//881 1021//950 
f 1026//288 1025//218 1021//950 1023//952 
f 1027//954 1028//955 1029//956 1030//957 
f 1031//958 1032//289 1028//955 1027//954 
f 1028//955 1023//952 1024//953 1029//956 
f 1032//289 1026//288 1023//952 1028//955 
f 1033//959 1034//960 1035//961 1036//962 
f 1037//963 1033//959 1036//962 1038//964 
f 1032//289 1031//958 1034//960 1033//959 
f 1026//288 1032//289 1033//959 1037//963 
f 954//886 1039//890 1040//965 955//887 
f 951//218 1025//218 1039//890 954//886 
f 1039//890 1037//963 1038//964 1040//965 
f 1025//218 1026//288 1037//963 1039//890 
f 970//901 969//900 1041//966 1042//967 
f 1042//967 1041//966 1043//968 1044//969 
f 972//903 970//901 1042//967 1045//970 
f 1045//970 1042//967 1044//969 1046//971 
f 1047//972 1048//973 1049//974 1050//975 
f 1051//976 1047//972 1050//975 1052//977 
f 1044//969 1043//968 1048//973 1047//972 
f 1046//971 1044//969 1047//972 1051//976 
f 1053//978 1054//979 1055//980 1056//981 
f 1056//981 1055//980 1057//982 1058//983 
f 1052//977 1053//978 1056//981 1051//976 
f 1051//976 1056//981 1058//983 1046//971 
f 1059//984 1060//985 974//905 973//904 
f 1045//970 1059//984 973//904 972//903 
f 1058//983 1057//982 1060//985 1059//984 
f 1046//971 1058//983 1059//984 1045//970 
f 1061//986 990//920 989//919 1062//987 
f 1063//988 1061//986 1062//987 1064//989 
f 1065//921 992//921 990//920 1061//986 
f 1066//475 1065//921 1061//986 1063//988 
f 1067//990 1068//991 1069//992 1070//993 
f 1071//183 1072//183 1068//991 1067//990 
f 1068//991 1063//988 1064//989 1069//992 
f 1072//183 1066//475 1063//988 1068//991 
f 1073//994 1074//995 1075//996 1076//997 
f 1077//998 1073//994 1076//997 1078//999 
f 1072//183 1071//183 1074//995 1073//994 
f 1066//475 1072//183 1073//994 1077//998 
f 993//922 1079//1000 1080//1001 994//923 
f 992//921 1065//921 1079//1000 993//922 
f 1079//1000 1077//998 1078//999 1080//1001 
f 1065//921 1066//475 1077//998 1079//1000 
f 1010//939 1009//938 1081//1002 1082//1003 
f 1082//1003 1081//1002 1083//1004 1084//1005 
f 1012//941 1010//939 1082//1003 1085//1006 
f 1085//1006 1082//1003 1084//1005 1086//1007 
f 1087//1008 1088//1009 1089//1010 1090//1011 
f 1091//1012 1087//1008 1090//1011 1092//1013 
f 1084//1005 1083//1004 1088//1009 1087//1008 
f 1086//1007 1084//1005 1087//1008 1091//1012 
f 1093//1014 1094//1015 1095//1016 1096//1017 
f 1096//1017 1095//1016 1097//1018 1098//1019 
f 1092//1013 1093//1014 1096//1017 1091//1012 
f 1091//1012 1096//1017 1098//1019 1086//1007 
f 1099//1020 1100//1021 1014//943 1013//942 
f 1085//1006 1099//1020 1013//942 1012//941 
f 1098//1019 1097//1018 1100//1021 1099//1020 
f 1086//1007 1098//1019 1099//1020 1085//1006 
f 1027//954 1030//957 1101//1022 1102//1023 
f 1102//1023 1101//1022 1103//1024 1104//1025 
f 1031//958 1027//954 1102//1023 1105//1026 
f 1105//1026 1102//1023 1104//1025 1106//958 
f 1107//1027 1108//1028 1109//1029 1110//1030 
f 1111//218 1107//1027 1110//1030 1112//218 
f 1104//1025 1103//1024 1108//1028 1107//1027 
f 1106//958 1104//1025 1107//1027 1111//218 
f 1113//1031 1114//1032 1115//1033 1116//1034 
f 1116//1034 1115//1033 1117//1035 1118//1036 
f 1112//218 1113//1031 1116//1034 1111//218 
f 1111//218 1116//1034 1118//1036 1106//958 
f 1119//1037 1120//1038 1035//961 1034//960 
f 1105//1026 1119//1037 1034//960 1031//958 
f 1118//1036 1117//1035 1120//1038 1119//1037 
f 1106//958 1118//1036 1119//1037 1105//1026 
f 1050//975 1049//974 1121//1039 1122//1040 
f 1122//1040 1121//1039 1123//1041 1124//1042 
f 1052//977 1050//975 1122//1040 1125//1043 
f 1125//1043 1122//1040 1124//1042 1126//1044 
f 1127//1045 1128//1046 1129//1047 1130//1048 
f 1131//1049 1127//1045 1130//1048 1132//1050 
f 1124//1042 1123//1041 1128//1046 1127//1045 
f 1126//1044 1124//1042 1127//1045 1131//1049 
f 1133//1051 1134//1052 1135//1053 1136//1054 
f 1136//1054 1135//1053 1137//1055 1138//1056 
f 1132//1050 1133//1051 1136//1054 1131//1049 
f 1131//1049 1136//1054 1138//1056 1126//1044 
f 1139//1057 1140//1058 1054//979 1053//978 
f 1125//1043 1139//1057 1053//978 1052//977 
f 1138//1056 1137//1055 1140//1058 1139//1057 
f 1126//1044 1138//1056 1139//1057 1125//1043 
f 1141//1059 1067//990 1070//993 1142//1060 
f 1143//1059 1141//1059 1142//1060 1144//1061 
f 1145//183 1071//183 1067//990 1141//1059 
f 1146//107 1145//183 1141//1059 1143//1059 
f 1147//1062 1148//991 1149//1063 1150//1064 
f 1151//107 1152//107 1148//991 1147//1062 
f 1148//991 1143//1059 1144//1061 1149//1063 
f 1152//107 1146//107 1143//1059 1148//991 
f 1153//1065 1154//1066 1155//1067 1156//1068 
f 1157//1069 1153//1065 1156//1068 1158//1070 
f 1152//107 1151//107 1154//1066 1153//1065 
f 1146//107 1152//107 1153//1065 1157//1069 
f 1074//995 1159//1069 1160//1071 1075//996 
f 1071//183 1145//183 1159//1069 1074//995 
f 1159//1069 1157//1069 1158//1070 1160//1071 
f 1145//183 1146//107 1157//1069 1159//1069 
f 1090//1011 1089//1010 1161//1072 1162//1073 
f 1162//1073 1161//1072 1163//1074 1164//1075 
f 1092//1013 1090//1011 1162//1073 1165//1076 
f 1165//1076 1162//1073 1164//1075 1166//1077 
f 1167//1078 1168//1079 1169//1080 1170//1081 
f 1171//1082 1167//1078 1170//1081 1172//1083 
f 1164//1075 1163//1074 1168//1079 1167//1078 
f 1166//1077 1164//1075 1167//1078 1171//1082 
f 1173//1084 1174//1085 1175//1086 1176//1087 
f 1176//1087 1175//1086 1177//1088 1178//1089 
f 1172//1083 1173//1084 1176//1087 1171//1082 
f 1171//1082 1176//1087 1178//1089 1166//1077 
f 1179//1090 1180//1091 1094//1015 1093//1014 
f 1165//1076 1179//1090 1093//1014 1092//1013 
f 1178//1089 1177//1088 1180//1091 1179//1090 
f 1166//1077 1178//1089 1179//1090 1165//1076 
f 1110//1030 1109//1029 1181//1092 1182//1093 
f 1182//1093 1181//1092 1183//1094 1184//1093 
f 1112//218 1110//1030 1182//1093 1185//218 
f 1185//218 1182//1093 1184//1093 1186//146 
f 1187//1095 1188//1096 1189//1097 1190//1098 
f 1191//146 1187//1095 1190//1098 1192//146 
f 1184//1093 1183//1094 1188//1096 1187//1095 
f 1186//146 1184//1093 1187//1095 1191//146 
f 1193//1099 1194//1100 1195//1101 1196//1102 
f 1196//1102 1195//1101 1197//1103 1198//1031 
f 1192//146 1193//1099 1196//1102 1191//146 
f 1191//146 1196//1102 1198//1031 1186//146 
f 1199//1031 1200//1104 1114//1032 1113//1031 
f 1185//218 1199//1031 1113//1031 1112//218 
f 1198//1031 1197//1103 1200//1104 1199//1031 
f 1186//146 1198//1031 1199//1031 1185//218 
f 1130//1048 1129//1047 1201//1105 1202//1106 
f 1202//1106 1201//1105 1203//1107 1204//1108 
f 1132//1050 1130//1048 1202//1106 1205//1109 
f 1205//1109 1202//1106 1204//1108 1206//1110 
f 1207//1111 1208//1112 1209//1113 1210//1114 
f 1211//1115 1207//1111 1210//1114 1212//1116 
f 1204//1108 1203//1107 1208//1112 1207//1111 
f 1206//1110 1204//1108 1207//1111 1211//1115 
f 1213//1117 1214//1118 1215//1119 1216//1120 
f 1216//1120 1215//1119 1217//1121 1218//1122 
f 1212//1116 1213//1117 1216//1120 1211//1115 
f 1211//1115 1216//1120 1218//1122 1206//1110 
f 1219//1123 1220//1124 1134//1052 1133//1051 
f 1205//1109 1219//1123 1133//1051 1132//1050 
f 1218//1122 1217//1121 1220//1124 1219//1123 
f 1206//1110 1218//1122 1219//1123 1205//1109 
f 1221//1125 1147//1062 1150//1064 1222//1126 
f 1223//1127 1221//1125 1222//1126 1224//1128 
f 1225//107 1151//107 1147//1062 1221//1125 
f 1226//1129 1225//107 1221//1125 1223//1127 
f 1227//1130 1228//1131 1229//1132 1230//1133 
f 1231//1134 1232//774 1228//1131 1227//1130 
f 1228//1131 1223//1127 1224//1128 1229//1132 
f 1232//774 1226//1129 1223//1127 1228//1131 
f 1233//1135 1234//1136 1235//1137 1236//1138 
f 1237//1139 1233//1135 1236//1138 1238//1140 
f 1232//774 1231//1134 1234//1136 1233//1135 
f 1226//1129 1232//774 1233//1135 1237//1139 
f 1154//1066 1239//1141 1240//1142 1155//1067 
f 1151//107 1225//107 1239//1141 1154//1066 
f 1239//1141 1237//1139 1238//1140 1240//1142 
f 1225//107 1226//1129 1237//1139 1239//1141 
f 1170//1081 1169//1080 1241//1143 1242//1144 
f 1242//1144 1241//1143 1243//1145 1244//1146 
f 1172//1083 1170//1081 1242//1144 1245//1147 
f 1245//1147 1242//1144 1244//1146 1246//1148 
f 1247//1149 1248//1150 1249//1151 1250//1152 
f 1251//1153 1247//1149 1250//1152 1252//1154 
f 1244//1146 1243//1145 1248//1150 1247//1149 
f 1246//1148 1244//1146 1247//1149 1251//1153 
f 1253//1155 1254//1156 1255//1157 1256//1158 
f 1256//1158 1255//1157 1257//1159 1258//1160 
f 1252//1154 1253//1155 1256//1158 1251//1153 
f 1251//1153 1256//1158 1258//1160 1246//1148 
f 1259//1161 1260//1162 1174//1085 1173//1084 
f 1245//1147 1259//1161 1173//1084 1172//1083 
f 1258//1160 1257//1159 1260//1162 1259//1161 
f 1246//1148 1258//1160 1259//1161 1245//1147 
f 1190//1098 1189//1097 1261//1163 1262//1164 
f 1262//1164 1261//1163 1263//1165 1264//1166 
f 1192//146 1190//1098 1262//1164 1265//373 
f 1265//373 1262//1164 1264//1166 1266//1167 
f 1267//1168 1268//1169 1269//1170 1270//1171 
f 1271//1172 1267//1168 1270//1171 1272//1173 
f 1264//1166 1263//1165 1268//1169 1267//1168 
f 1266//1167 1264//1166 1267//1168 1271//1172 
f 1273//1174 1274//1175 1275//1176 1276//1177 
f 1276//1177 1275//1176 1277//1178 1278//1179 
f 1272//1173 1273//1174 1276//1177 1271//1172 
f 1271//1172 1276//1177 1278//1179 1266//1167 
f 1279//1180 1280//1181 1194//1100 1193//1099 
f 1265//373 1279//1180 1193//1099 1192//146 
f 1278//1179 1277//1178 1280//1181 1279//1180 
f 1266//1167 1278//1179 1279//1180 1265//373 
f 1210//1114 1209//1113 1281//1182 1282//1183 
f 1282//1183 1281//1182 1283//1184 1284//1185 
f 1212//1116 1210//1114 1282//1183 1285//1186 
f 1285//1186 1282//1183 1284//1185 1286//1187 
f 1287//1188 1288//1189 1289//1151 1290//1190 
f 1291//1191 1287//1188 1290//1190 1292//1192 
f 1284//1185 1283//1184 1288//1189 1287//1188 
f 1286//1187 1284//1185 1287//1188 1291//1191 
f 1293//1193 1294//1194 1295//1195 1296//1196 
f 1296//1196 1295//1195 1297//1197 1298//1198 
f 1292//1192 1293//1193 1296//1196 1291//1191 
f 1291//1191 1296//1196 1298//1198 1286//1187 
f 1299//1199 1300//1200 1214//1118 1213//1117 
f 1285//1186 1299//1199 1213//1117 1212//1116 
f 1298//1198 1297//1197 1300//1200 1299//1199 
f 1286//1187 1298//1198 1299//1199 1285//1186 
f 1227//1130 1230//1133 1301//1201 1302//1202 
f 1302//1202 1301//1201 1303//1203 1304//1204 
f 1231//1134 1227//1130 1302//1202 1305//1205 
f 1305//1205 1302//1202 1304//1204 1306//552 
f 1307//1206 1308//1207 1309//1208 1310//1209 
f 1311//7 1307//1206 1310//1209 1312//7 
f 1304//1204 1303//1203 1308//1207 1307//1206 
f 1306//552 1304//1204 1307//1206 1311//7 
f 1313//1210 1314//1211 1315//1212 1316//1213 
f 1316//1213 1315//1212 1317//1214 1318//1215 
f 1312//7 1313//1210 1316//1213 1311//7 
f 1311//7 1316//1213 1318//1215 1306//552 
f 1319//1216 1320//1217 1235//1137 1234//1136 
f 1305//1205 1319//1216 1234//1136 1231//1134 
f 1318//1215 1317//1214 1320//1217 1319//1216 
f 1306//552 1318//1215 1319//1216 1305//1205 
f 1250//1152 1249//1151 1321//1218 1322//1219 
f 1322//1219 1321//1218 1323//1220 1324//1221 
f 1252//1154 1250//1152 1322//1219 1325//1222 
f 1325//1222 1322//1219 1324//1221 1326//1223 
f 1327//1224 1328//1225 1329//1226 1330//1227 
f 1331//1228 1327//1224 1330//1227 1332//1229 
f 1324//1221 1323//1220 1328//1225 1327//1224 
f 1326//1223 1324//1221 1327//1224 1331//1228 
f 1333//1230 1334//1231 1335//1232 1336//1233 
f 1336//1233 1335//1232 1337//1234 1338//1235 
f 1332//1229 1333//1230 1336//1233 1331//1228 
f 1331//1228 1336//1233 1338//1235 1326//1223 
f 1339//1236 1340//1237 1254//1156 1253//1155 
f 1325//1222 1339//1236 1253//1155 1252//1154 
f 1338//1235 1337//1234 1340//1237 1339//1236 
f 1326//1223 1338//1235 1339//1236 1325//1222 
f 1341//1238 1270//1171 1269//1170 1342//1239 
f 1343//1240 1341//1238 1342//1239 1344//1241 
f 1345//1242 1272//1173 1270//1171 1341//1238 
f 1346//590 1345//1242 1341//1238 1343//1240 
f 1347//1243 1348//1244 1349//1245 1350//1246 
f 1351//55 1352//519 1348//1244 1347//1243 
f 1348//1244 1343//1240 1344//1241 1349//1245 
f 1352//519 1346//590 1343//1240 1348//1244 
f 1353//1247 1354//1248 1355//1249 1356//1250 
f 1357//1251 1353//1247 1356//1250 1358//1252 
f 1352//519 1351//55 1354//1248 1353//1247 
f 1346//590 1352//519 1353//1247 1357//1251 
f 1273//1174 1359//1253 1360//1254 1274//1175 
f 1272//1173 1345//1242 1359//1253 1273//1174 
f 1359//1253 1357//1251 1358//1252 1360//1254 
f 1345//1242 1346//590 1357//1251 1359//1253 
f 1290//1190 1289//1151 1361//1255 1362//1256 
f 1362//1256 1361//1255 1363//1257 1364//1258 
f 1292//1192 1290//1190 1362//1256 1365//1259 
f 1365//1259 1362//1256 1364//1258 1366//1260 
f 1367//1261 1368//1262 1369//1263 1370//1264 
f 1371//1265 1367//1261 1370//1264 1372//1266 
f 1364//1258 1363//1257 1368//1262 1367//1261 
f 1366//1260 1364//1258 1367//1261 1371//1265 
f 1373//1267 1374//1268 1375//1269 1376//1270 
f 1376//1270 1375//1269 1377//1271 1378//1272 
f 1372//1266 1373//1267 1376//1270 1371//1265 
f 1371//1265 1376//1270 1378//1272 1366//1260 
f 1379//1273 1380//1274 1294//1194 1293//1193 
f 1365//1259 1379//1273 1293//1193 1292//1192 
f 1378//1272 1377//1271 1380//1274 1379//1273 
f 1366//1260 1378//1272 1379//1273 1365//1259 
f 1310//1209 1309//1208 1381//1275 1382//1276 
f 1382//1276 1381//1275 1383//1277 1384//1278 
f 1312//7 1310//1209 1382//1276 1385//7 
f 1385//7 1382//1276 1384//1278 1386//7 
f 1387//1278 1388//1279 1389//1280 1390//1281 
f 1391//178 1387//1278 1390//1281 1392//178 
f 1384//1278 1383//1277 1388//1279 1387//1278 
f 1386//7 1384//1278 1387//1278 1391//178 
f 1393//1282 1394//1283 1395//1284 1396//1285 
f 1396//1285 1395//1284 1397//1286 1398//1285 
f 1392//178 1393//1282 1396//1285 1391//178 
f 1391//178 1396//1285 1398//1285 1386//7 
f 1399//1282 1400//1287 1314//1211 1313//1210 
f 1385//7 1399//1282 1313//1210 1312//7 
f 1398//1285 1397//1286 1400//1287 1399//1282 
f 1386//7 1398//1285 1399//1282 1385//7 
f 1330//1227 1329//1226 1401//1288 1402//1289 
f 1402//1289 1401//1288 1403//1290 1404//1291 
f 1332//1229 1330//1227 1402//1289 1405//1292 
f 1405//1292 1402//1289 1404//1291 1406//1293 
f 1407//1294 1408//1295 1409//1296 1410//1297 
f 1411//1298 1407//1294 1410//1297 1412//1299 
f 1404//1291 1403//1290 1408//1295 1407//1294 
f 1406//1293 1404//1291 1407//1294 1411//1298 
f 1413//1300 1414//1301 1415//1302 1416//1303 
f 1416//1303 1415//1302 1417//1304 1418//1305 
f 1412//1299 1413//1300 1416//1303 1411//1298 
f 1411//1298 1416//1303 1418//1305 1406//1293 
f 1419//1306 1420//1307 1334//1231 1333//1230 
f 1405//1292 1419//1306 1333//1230 1332//1229 
f 1418//1305 1417//1304 1420//1307 1419//1306 
f 1406//1293 1418//1305 1419//1306 1405//1292 
f 1421//1308 1347//1243 1350//1246 1422//1309 
f 1423//1310 1421//1308 1422//1309 1424//1311 
f 1425//55 1351//55 1347//1243 1421//1308 
f 1426//55 1425//55 1421//1308 1423//1310 
f 1427//1312 1428//1310 1429//1313 1430//1314 
f 1431//213 1432//213 1428//1310 1427//1312 
f 1428//1310 1423//1310 1424//1311 1429//1313 
f 1432//213 1426//55 1423//1310 1428//1310 
f 1433//1315 1434//1315 1435//1316 1436//1317 
f 1437//1315 1433//1315 1436//1317 1438//1318 
f 1432//213 1431//213 1434//1315 1433//1315 
f 1426//55 1432//213 1433//1315 1437//1315 
f 1354//1248 1439//1319 1440//1320 1355//1249 
f 1351//55 1425//55 1439//1319 1354//1248 
f 1439//1319 1437//1315 1438//1318 1440//1320 
f 1425//55 1426//55 1437//1315 1439//1319 
f 1370//1264 1369//1263 1441//1321 1442//1322 
f 1442//1322 1441//1321 1443//1323 1444//1324 
f 1372//1266 1370//1264 1442//1322 1445//1325 
f 1445//1325 1442//1322 1444//1324 1446//1326 
f 1447//1327 1448//1328 1449//1329 1450//1330 
f 1451//1331 1447//1327 1450//1330 1452//1332 
f 1444//1324 1443//1323 1448//1328 1447//1327 
f 1446//1326 1444//1324 1447//1327 1451//1331 
f 1453//1333 1454//1334 1455//1335 1456//1336 
f 1456//1336 1455//1335 1457//1337 1458//1338 
f 1452//1332 1453//1333 1456//1336 1451//1331 
f 1451//1331 1456//1336 1458//1338 1446//1326 
f 1459//1339 1460//1340 1374//1268 1373//1267 
f 1445//1325 1459//1339 1373//1267 1372//1266 
f 1458//1338 1457//1337 1460//1340 1459//1339 
f 1446//1326 1458//1338 1459//1339 1445//1325 
f 1390//1281 1389//1280 1461//1341 1462//1276 
f 1462//1276 1461//1341 1463//1342 1464//1343 
f 1392//178 1390//1281 1462//1276 1465//178 
f 1465//178 1462//1276 1464//1343 1466//1344 
f 1467//1345 1468//1346 1469//1347 1470//1348 
f 1471//695 1467//1345 1470//1348 1472//695 
f 1464//1343 1463//1342 1468//1346 1467//1345 
f 1466//1344 1464//1343 1467//1345 1471//695 
f 1473//1349 1474//1350 1475//1351 1476//1352 
f 1476//1352 1475//1351 1477//1353 1478//1354 
f 1472//695 1473//1349 1476//1352 1471//695 
f 1471//695 1476//1352 1478//1354 1466//1344 
f 1479//1355 1480//1356 1394//1283 1393//1282 
f 1465//178 1479//1355 1393//1282 1392//178 
f 1478//1354 1477//1353 1480//1356 1479//1355 
f 1466//1344 1478//1354 1479//1355 1465//178 
f 1410//1297 1409//1296 1481//1357 1482//1358 
f 1482//1358 1481//1357 1483//1359 1484//1360 
f 1412//1299 1410//1297 1482//1358 1485//1361 
f 1485//1361 1482//1358 1484//1360 1486//1362 
f 1487//1363 1488//1364 1489//1365 1490//1366 
f 1491//1367 1487//1363 1490//1366 1492//1368 
f 1484//1360 1483//1359 1488//1364 1487//1363 
f 1486//1362 1484//1360 1487//1363 1491//1367 
f 1493//1369 1494//1370 1495//1371 1496//1372 
f 1496//1372 1495//1371 1497//1373 1498//1374 
f 1492//1368 1493//1369 1496//1372 1491//1367 
f 1491//1367 1496//1372 1498//1374 1486//1362 
f 1499//1375 1500//1376 1414//1301 1413//1300 
f 1485//1361 1499//1375 1413//1300 1412//1299 
f 1498//1374 1497//1373 1500//1376 1499//1375 
f 1486//1362 1498//1374 1499//1375 1485//1361 
f 1501//1377 1427//1312 1430//1314 1502//1378 
f 1503//1379 1501//1377 1502//1378 1504//1380 
f 1505//213 1431//213 1427//1312 1501//1377 
f 1506//1381 1505//213 1501//1377 1503//1379 
f 1507//1382 1508//1383 1509//1384 1510//1385 
f 1511//1381 1512//735 1508//1383 1507//1382 
f 1508//1383 1503//1379 1504//1380 1509//1384 
f 1512//735 1506//1381 1503//1379 1508//1383 
f 1513//1386 1514//1387 1515//1388 1516//1389 
f 1517//1390 1513//1386 1516//1389 1518//1391 
f 1512//735 1511//1381 1514//1387 1513//1386 
f 1506//1381 1512//735 1513//1386 1517//1390 
f 1434//1315 1519//1392 1520//1393 1435//1316 
f 1431//213 1505//213 1519//1392 1434//1315 
f 1519//1392 1517//1390 1518//1391 1520//1393 
f 1505//213 1506//1381 1517//1390 1519//1392 
f 1450//1330 1449//1329 1521//1394 1522//1395 
f 1522//1395 1521//1394 1523//1396 1524//1397 
f 1452//1332 1450//1330 1522//1395 1525//1398 
f 1525//1398 1522//1395 1524//1397 1526//1399 
f 1527//1400 1528//1401 1529//1402 1530//1403 
f 1531//1404 1527//1400 1530//1403 1532//1405 
f 1524//1397 1523//1396 1528//1401 1527//1400 
f 1526//1399 1524//1397 1527//1400 1531//1404 
f 1533//1406 1534//1407 1535//1408 1536//1409 
f 1536//1409 1535//1408 1537//1410 1538//1411 
f 1532//1405 1533//1406 1536//1409 1531//1404 
f 1531//1404 1536//1409 1538//1411 1526//1399 
f 1539//1412 1540//1413 1454//1334 1453//1333 
f 1525//1398 1539//1412 1453//1333 1452//1332 
f 1538//1411 1537//1410 1540//1413 1539//1412 
f 1526//1399 1538//1411 1539//1412 1525//1398 
f 1541//1414 1470//1348 1469//1347 1542//1415 
f 1543//1416 1541//1414 1542//1415 1544//1417 
f 1545//1418 1472//695 1470//1348 1541//1414 
f 1546//1419 1545//1418 1541//1414 1543//1416 
f 1547//1420 1548//1421 1549//1422 1550//1423 
f 1551//178 1552//178 1548//1421 1547//1420 
f 1548//1421 1543//1416 1544//1417 1549//1422 
f 1552//178 1546//1419 1543//1416 1548//1421 
f 1553//1424 1554//1425 1555//1426 1556//1427 
f 1557//1428 1553//1424 1556//1427 1558//1429 
f 1552//178 1551//178 1554//1425 1553//1424 
f 1546//1419 1552//178 1553//1424 1557//1428 
f 1473//1349 1559//1430 1560//1431 1474//1350 
f 1472//695 1545//1418 1559//1430 1473//1349 
f 1559//1430 1557//1428 1558//1429 1560//1431 
f 1545//1418 1546//1419 1557//1428 1559//1430 
f 1490//1366 1489//1365 1561//1432 1562//1433 
f 1562//1433 1561//1432 1563//1434 1564//1435 
f 1492//1368 1490//1366 1562//1433 1565//1436 
f 1565//1436 1562//1433 1564//1435 1566//1437 
f 1567//1438 1568//1439 1569//1440 1570//1441 
f 1571//1442 1567//1438 1570//1441 1572//1443 
f 1564//1435 1563//1434 1568//1439 1567//1438 
f 1566//1437 1564//1435 1567//1438 1571//1442 
f 1573//1444 1574//1445 1575//1446 1576//1447 
f 1576//1447 1575//1446 1577//1448 1578//1449 
f 1572//1443 1573//1444 1576//1447 1571//1442 
f 1571//1442 1576//1447 1578//1449 1566//1437 
f 1579//1450 1580//1451 1494//1370 1493//1369 
f 1565//1436 1579//1450 1493//1369 1492//1368 
f 1578//1449 1577//1448 1580//1451 1579//1450 
f 1566//1437 1578//1449 1579//1450 1565//1436 
f 1507//1382 1510//1385 1581//1452 1582//1453 
f 1582//1453 1581//1452 1583//1454 1584//1455 
f 1511//1381 1507//1382 1582//1453 1585//1456 
f 1585//1456 1582//1453 1584//1455 1586//1457 
f 1587//1458 1588//1459 1589//1460 1590//1461 
f 1591//213 1587//1458 1590//1461 1592//213 
f 1584//1455 1583//1454 1588//1459 1587//1458 
f 1586//1457 1584//1455 1587//1458 1591//213 
f 1593//1462 1594//1463 1595//1464 1596//1465 
f 1596//1465 1595//1464 1597//1466 1598//1467 
f 1592//213 1593//1462 1596//1465 1591//213 
f 1591//213 1596//1465 1598//1467 1586//1457 
f 1599//1468 1600//1469 1515//1388 1514//1387 
f 1585//1456 1599//1468 1514//1387 1511//1381 
f 1598//1467 1597//1466 1600//1469 1599//1468 
f 1586//1457 1598//1467 1599//1468 1585//1456 
f 1530//1403 1529//1402 1601//1470 1602//1471 
f 1602//1471 1601//1470 1603//1472 1604//1473 
f 1532//1405 1530//1403 1602//1471 1605//1474 
f 1605//1474 1602//1471 1604//1473 1606//1475 
f 1607//1476 1608//1477 1609//1478 1610//1479 
f 1611//1480 1607//1476 1610//1479 1612//1481 
f 1604//1473 1603//1472 1608//1477 1607//1476 
f 1606//1475 1604//1473 1607//1476 1611//1480 
f 1613//1482 1614//1483 1615//1484 1616//1485 
f 1616//1485 1615//1484 1617//1486 1618//1487 
f 1612//1481 1613//1482 1616//1485 1611//1480 
f 1611//1480 1616//1485 1618//1487 1606//1475 
f 1619//1488 1620//1489 1534//1407 1533//1406 
f 1605//1474 1619//1488 1533//1406 1532//1405 
f 1618//1487 1617//1486 1620//1489 1619//1488 
f 1606//1475 1618//1487 1619//1488 1605//1474 
f 1621//1420 1547//1420 1550//1423 1622//1490 
f 1623//1420 1621//1420 1622//1490 1624//1491 
f 1625//107 1551//178 1547//1420 1621//1420 
f 1626//7 1625//107 1621//1420 1623//1420 
f 1627//17 1628//1492 1629//1493 1630//1494 
f 1631//7 1632//7 1628//1492 1627//17 
f 1628//1492 1623//1420 1624//1491 1629//1493 
f 1632//7 1626//7 1623//1420 1628//1492 
f 1633//1495 1634//1496 1635//1497 1636//1498 
f 1637//1499 1633//1495 1636//1498 1638//1500 
f 1632//7 1631//7 1634//1496 1633//1495 
f 1626//7 1632//7 1633//1495 1637//1499 
f 1554//1425 1639//1499 1640//1501 1555//1426 
f 1551//178 1625//107 1639//1499 1554//1425 
f 1639//1499 1637//1499 1638//1500 1640//1501 
f 1625//107 1626//7 1637//1499 1639//1499 
f 1570//1441 1569//1440 1641//1502 1642//1503 
f 1642//1503 1641//1502 1643//1504 1644//1505 
f 1572//1443 1570//1441 1642//1503 1645//1506 
f 1645//1506 1642//1503 1644//1505 1646//1507 
f 1647//1508 1648//1509 1649//1510 1650//1511 
f 1651//1512 1647//1508 1650//1511 1652//1513 
f 1644//1505 1643//1504 1648//1509 1647//1508 
f 1646//1507 1644//1505 1647//1508 1651//1512 
f 1653//1514 1654//1515 1655//1516 1656//1517 
f 1656//1517 1655//1516 1657//1518 1658//1519 
f 1652//1513 1653//1514 1656//1517 1651//1512 
f 1651//1512 1656//1517 1658//1519 1646//1507 
f 1659//1520 1660//1521 1574//1445 1573//1444 
f 1645//1506 1659//1520 1573//1444 1572//1443 
f 1658//1519 1657//1518 1660//1521 1659//1520 
f 1646//1507 1658//1519 1659//1520 1645//1506 
f 1590//1461 1589//1460 1661//1522 1662//1523 
f 1662//1523 1661//1522 1663//1524 1664//1525 
f 1592//213 1590//1461 1662//1523 1665//146 
f 1665//146 1662//1523 1664//1525 1666//55 
f 1667//1526 1668//1527 1669//1528 1670//1529 
f 1671//55 1667//1526 1670//1529 1672//55 
f 1664//1525 1663//1524 1668//1527 1667//1526 
f 1666//55 1664//1525 1667//1526 1671//55 
f 1673//1530 1674//1531 1675//1532 1676//1465 
f 1676//1465 1675//1532 1677//1533 1678//1462 
f 1672//55 1673//1530 1676//1465 1671//55 
f 1671//55 1676//1465 1678//1462 1666//55 
f 1679//1534 1680//1535 1594//1463 1593//1462 
f 1665//146 1679//1534 1593//1462 1592//213 
f 1678//1462 1677//1533 1680//1535 1679//1534 
f 1666//55 1678//1462 1679//1534 1665//146 
f 1610//1479 1609//1478 1681//1536 1682//1537 
f 1682//1537 1681//1536 1683//1538 1684//1539 
f 1612//1481 1610//1479 1682//1537 1685//1540 
f 1685//1540 1682//1537 1684//1539 1686//1541 
f 1687//1542 1688//1543 1689//1544 1690//1545 
f 1691//1546 1687//1542 1690//1545 1692//1547 
f 1684//1539 1683//1538 1688//1543 1687//1542 
f 1686//1541 1684//1539 1687//1542 1691//1546 
f 1693//1548 1694//1549 1695//1550 1696//1551 
f 1696//1551 1695//1550 1697//1552 1698//1553 
f 1692//1547 1693//1548 1696//1551 1691//1546 
f 1691//1546 1696//1551 1698//1553 1686//1541 
f 1699//1554 1700//1555 1614//1483 1613//1482 
f 1685//1540 1699//1554 1613//1482 1612//1481 
f 1698//1553 1697//1552 1700//1555 1699//1554 
f 1686//1541 1698//1553 1699//1554 1685//1540 
f 1701//1556 1627//17 1630//1494 1702//1557 
f 1703//1558 1701//1556 1702//1557 1704//1559 
f 1705//8 1631//7 1627//17 1701//1556 
f 1706//13 1705//8 1701//1556 1703//1558 
f 1707//1560 1708//1561 1709//1562 1710//1563 
f 1711//1564 1712//1205 1708//1561 1707//1560 
f 1708//1561 1703//1558 1704//1559 1709//1562 
f 1712//1205 1706//13 1703//1558 1708//1561 
f 1713//1565 1714//1566 1715//1567 1716//1568 
f 1717//1569 1713//1565 1716//1568 1718//1570 
f 1712//1205 1711//1564 1714//1566 1713//1565 
f 1706//13 1712//1205 1713//1565 1717//1569 
f 1634//1496 1719//1571 1720//1572 1635//1497 
f 1631//7 1705//8 1719//1571 1634//1496 
f 1719//1571 1717//1569 1718//1570 1720//1572 
f 1705//8 1706//13 1717//1569 1719//1571 
f 1650//1511 1649//1510 1721//1573 1722//1574 
f 1722//1574 1721//1573 1723//1575 1724//1576 
f 1652//1513 1650//1511 1722//1574 1725//1577 
f 1725//1577 1722//1574 1724//1576 1726//1578 
f 1727//1579 1728//1580 1729//1581 1730//1582 
f 1731//1583 1727//1579 1730//1582 1732//1584 
f 1724//1576 1723//1575 1728//1580 1727//1579 
f 1726//1578 1724//1576 1727//1579 1731//1583 
f 1733//1585 1734//1586 1735//1587 1736//1588 
f 1736//1588 1735//1587 1737//1589 1738//1590 
f 1732//1584 1733//1585 1736//1588 1731//1583 
f 1731//1583 1736//1588 1738//1590 1726//1578 
f 1739//1591 1740//1592 1654//1515 1653//1514 
f 1725//1577 1739//1591 1653//1514 1652//1513 
f 1738//1590 1737//1589 1740//1592 1739//1591 
f 1726//1578 1738//1590 1739//1591 1725//1577 
f 1670//1529 1669//1528 1741//1593 1742//1594 
f 1742//1594 1741//1593 1743//1595 1744//1596 
f 1672//55 1670//1529 1742//1594 1745//56 
f 1745//56 1742//1594 1744//1596 1746//1597 
f 1747//1598 1748//1599 1749//1600 1750//1601 
f 1751//1602 1747//1598 1750//1601 1752//1603 
f 1744//1596 1743//1595 1748//1599 1747//1598 
f 1746//1597 1744//1596 1747//1598 1751//1602 
f 1753//1604 1754//1605 1755//1606 1756//1607 
f 1756//1607 1755//1606 1757//1608 1758//1609 
f 1752//1603 1753//1604 1756//1607 1751//1602 
f 1751//1602 1756//1607 1758//1609 1746//1597 
f 1759//1610 1760//1611 1674//1531 1673//1530 
f 1745//56 1759//1610 1673//1530 1672//55 
f 1758//1609 1757//1608 1760//1611 1759//1610 
f 1746//1597 1758//1609 1759//1610 1745//56 
f 1690//1545 1689//1544 1761//1612 1762//1613 
f 1762//1613 1761//1612 1763//1614 1764//1615 
f 1692//1547 1690//1545 1762//1613 1765//1616 
f 1765//1616 1762//1613 1764//1615 1766//1617 
f 1767//1618 1768//1619 1769//1620 1770//1621 
f 1771//1622 1767//1618 1770//1621 1772//1623 
f 1764//1615 1763//1614 1768//1619 1767//1618 
f 1766//1617 1764//1615 1767//1618 1771//1622 
f 1773//1624 1774//1625 1775//1626 1776//1627 
f 1776//1627 1775//1626 1777//1628 1778//1629 
f 1772//1623 1773//1624 1776//1627 1771//1622 
f 1771//1622 1776//1627 1778//1629 1766//1617 
f 1779//1630 1780//1631 1694//1549 1693//1548 
f 1765//1616 1779//1630 1693//1548 1692//1547 
f 1778//1629 1777//1628 1780//1631 1779//1630 
f 1766//1617 1778//1629 1779//1630 1765//1616 
f 1707//1560 1710//1563 1781//1632 1782//1633 
f 1782//1633 1781//1632 1783//1634 1784//1635 
f 1711//1564 1707//1560 1782//1633 1785//1636 
f 1785//1636 1782//1633 1784//1635 1786//921 
f 1787//1637 1788//1638 1789//1639 1790//1640 
f 1791//183 1787//1637 1790//1640 1792//183 
f 1784//1635 1783//1634 1788//1638 1787//1637 
f 1786//921 1784//1635 1787//1637 1791//183 
f 1793//1641 1794//1642 1795//1643 1796//1644 
f 1796//1644 1795//1643 1797//1645 1798//1646 
f 1792//183 1793//1641 1796//1644 1791//183 
f 1791//183 1796//1644 1798//1646 1786//921 
f 1799//1647 1800//1648 1715//1567 1714//1566 
f 1785//1636 1799//1647 1714//1566 1711//1564 
f 1798//1646 1797//1645 1800//1648 1799//1647 
f 1786//921 1798//1646 1799//1647 1785//1636 
f 1730//1582 1729//1581 1801//1649 1802//1650 
f 1802//1650 1801//1649 1803//1651 1804//1652 
f 1732//1584 1730//1582 1802//1650 1805//1653 
f 1805//1653 1802//1650 1804//1652 1806//1654 
f 1807//1655 1808//1656 1809//1657 1810//1658 
f 1811//1659 1807//1655 1810//1658 1812//1660 
f 1804//1652 1803//1651 1808//1656 1807//1655 
f 1806//1654 1804//1652 1807//1655 1811//1659 
f 1813//1661 1814//1662 1815//1663 1816//1664 
f 1816//1664 1815//1663 1817//1665 1818//1666 
f 1812//1660 1813//1661 1816//1664 1811//1659 
f 1811//1659 1816//1664 1818//1666 1806//1654 
f 1819//1667 1820//1668 1734//1586 1733//1585 
f 1805//1653 1819//1667 1733//1585 1732//1584 
f 1818//1666 1817//1665 1820//1668 1819//1667 
f 1806//1654 1818//1666 1819//1667 1805//1653 
f 1821//1669 1750//1601 1749//1600 1822//1670 
f 1823//1671 1821//1669 1822//1670 1824//1672 
f 1825//1673 1752//1603 1750//1601 1821//1669 
f 1826//1026 1825//1673 1821//1669 1823//1671 
f 1827//1674 1828//1675 1829//1676 1830//1677 
f 1831//218 1832//514 1828//1675 1827//1674 
f 1828//1675 1823//1671 1824//1672 1829//1676 
f 1832//514 1826//1026 1823//1671 1828//1675 
f 1833//1678 1834//1679 1835//1680 1836//1681 
f 1837//1682 1833//1678 1836//1681 1838//1683 
f 1832//514 1831//218 1834//1679 1833//1678 
f 1826//1026 1832//514 1833//1678 1837//1682 
f 1753//1604 1839//1684 1840//1685 1754//1605 
f 1752//1603 1825//1673 1839//1684 1753//1604 
f 1839//1684 1837//1682 1838//1683 1840//1685 
f 1825//1673 1826//1026 1837//1682 1839//1684 
f 1770//1621 1769//1620 1841//1686 1842//1687 
f 1842//1687 1841//1686 1843//1688 1844//1689 
f 1772//1623 1770//1621 1842//1687 1845//1690 
f 1845//1690 1842//1687 1844//1689 1846//1691 
f 1847//1692 1848//1693 1849//1694 1850//1695 
f 1851//1696 1847//1692 1850//1695 1852//1697 
f 1844//1689 1843//1688 1848//1693 1847//1692 
f 1846//1691 1844//1689 1847//1692 1851//1696 
f 1853//1698 1854//1699 1855//1700 1856//1701 
f 1856//1701 1855//1700 1857//1702 1858//1703 
f 1852//1697 1853//1698 1856//1701 1851//1696 
f 1851//1696 1856//1701 1858//1703 1846//1691 
f 1859//1704 1860//1705 1774//1625 1773//1624 
f 1845//1690 1859//1704 1773//1624 1772//1623 
f 1858//1703 1857//1702 1860//1705 1859//1704 
f 1846//1691 1858//1703 1859//1704 1845//1690 
f 1790//1640 1789//1639 1861//1706 1862//1707 
f 1862//1707 1861//1706 1863//1708 1864//1709 
f 1792//183 1790//1640 1862//1707 1865//7 
f 1865//7 1862//1707 1864//1709 1866//7 
f 1867//1709 1868//1710 1869//1711 1870//1712 
f 1871//178 1867//1709 1870//1712 1872//107 
f 1864//1709 1863//1708 1868//1710 1867//1709 
f 1866//7 1864//1709 1867//1709 1871//178 
f 1873//1713 1874//1714 1875//1715 1876//1716 
f 1876//1716 1875//1715 1877//1717 1878//1718 
f 1872//107 1873//1713 1876//1716 1871//178 
f 1871//178 1876//1716 1878//1718 1866//7 
f 1879//1719 1880//1720 1794//1642 1793//1641 
f 1865//7 1879//1719 1793//1641 1792//183 
f 1878//1718 1877//1717 1880//1720 1879//1719 
f 1866//7 1878//1718 1879//1719 1865//7 
f 1810//1658 1809//1657 1881//1721 1882//1722 
f 1882//1722 1881//1721 1883//1723 1884//1724 
f 1812//1660 1810//1658 1882//1722 1885//1725 
f 1885//1725 1882//1722 1884//1724 1886//1726 
f 1887//1727 1888//1728 1889//1729 1890//1730 
f 1891//1731 1887//1727 1890//1730 1892//1732 
f 1884//1724 1883//1723 1888//1728 1887//1727 
f 1886//1726 1884//1724 1887//1727 1891//1731 
f 1893//1733 1894//1734 1895//1735 1896//1736 
f 1896//1736 1895//1735 1897//1737 1898//1738 
f 1892//1732 1893//1733 1896//1736 1891//1731 
f 1891//1731 1896//1736 1898//1738 1886//1726 
f 1899//1739 1900//1740 1814//1662 1813//1661 
f 1885//1725 1899//1739 1813//1661 1812//1660 
f 1898//1738 1897//1737 1900//1740 1899//1739 
f 1886//1726 1898//1738 1899//1739 1885//1725 
f 1901//1741 1827//1674 1830//1677 1902//1742 
f 1903//1743 1901//1741 1902//1742 1904//1744 
f 1905//55 1831//218 1827//1674 1901//1741 
f 1906//55 1905//55 1901//1741 1903//1743 
f 1907//1745 1908//1743 1909//1746 1910//1747 
f 1911//146 1912//213 1908//1743 1907//1745 
f 1908//1743 1903//1743 1904//1744 1909//1746 
f 1912//213 1906//55 1903//1743 1908//1743 
f 1913//1748 1914//1748 1915//1749 1916//1750 
f 1917//1748 1913//1748 1916//1750 1918//1751 
f 1912//213 1911//146 1914//1748 1913//1748 
f 1906//55 1912//213 1913//1748 1917//1748 
f 1834//1679 1919//1752 1920//1753 1835//1680 
f 1831//218 1905//55 1919//1752 1834//1679 
f 1919//1752 1917//1748 1918//1751 1920//1753 
f 1905//55 1906//55 1917//1748 1919//1752 
f 1850//1695 1849//1694 1921//1754 1922//1755 
f 1922//1755 1921//1754 1923//1756 1924//1757 
f 1852//1697 1850//1695 1922//1755 1925//1758 
f 1925//1758 1922//1755 1924//1757 1926//1759 
f 1927//1760 1928//1761 1929//1762 1930//1763 
f 1931//1764 1927//1760 1930//1763 1932//1765 
f 1924//1757 1923//1756 1928//1761 1927//1760 
f 1926//1759 1924//1757 1927//1760 1931//1764 
f 1933//1766 1934//1767 1935//1768 1936//1769 
f 1936//1769 1935//1768 1937//1770 1938//1771 
f 1932//1765 1933//1766 1936//1769 1931//1764 
f 1931//1764 1936//1769 1938//1771 1926//1759 
f 1939//1772 1940//1773 1854//1699 1853//1698 
f 1925//1758 1939//1772 1853//1698 1852//1697 
f 1938//1771 1937//1770 1940//1773 1939//1772 
f 1926//1759 1938//1771 1939//1772 1925//1758 
f 1870//1712 1869//1711 1941//1774 1942//1707 
f 1942//1707 1941//1774 1943//1775 1944//1776 
f 1872//107 1870//1712 1942//1707 1945//107 
f 1945//107 1942//1707 1944//1776 1946//1777 
f 1947//1778 1948//1779 1949//1780 1950//1781 
f 1951//1129 1947//1778 1950//1781 1952//334 
f 1944//1776 1943//1775 1948//1779 1947//1778 
f 1946//1777 1944//1776 1947//1778 1951//1129 
f 1953//1782 1954//1783 1955//1784 1956//1785 
f 1956//1785 1955//1784 1957//1786 1958//1787 
f 1952//334 1953//1782 1956//1785 1951//1129 
f 1951//1129 1956//1785 1958//1787 1946//1777 
f 1959//1788 1960//1789 1874//1714 1873//1713 
f 1945//107 1959//1788 1873//1713 1872//107 
f 1958//1787 1957//1786 1960//1789 1959//1788 
f 1946//1777 1958//1787 1959//1788 1945//107 
f 1890//1730 1889//1729 1961//1790 1962//1791 
f 1962//1791 1961//1790 1963//1792 1964//1793 
f 1892//1732 1890//1730 1962//1791 1965//1794 
f 1965//1794 1962//1791 1964//1793 1966//1795 
f 1967//1796 1968//1797 1969//1798 1970//1799 
f 1971//1800 1967//1796 1970//1799 1972//1801 
f 1964//1793 1963//1792 1968//1797 1967//1796 
f 1966//1795 1964//1793 1967//1796 1971//1800 
f 1973//1802 1974//1803 1975//1804 1976//1805 
f 1976//1805 1975//1804 1977//1806 1978//1807 
f 1972//1801 1973//1802 1976//1805 1971//1800 
f 1971//1800 1976//1805 1978//1807 1966//1795 
f 1979//1808 1980//1809 1894//1734 1893//1733 
f 1965//1794 1979//1808 1893//1733 1892//1732 
f 1978//1807 1977//1806 1980//1809 1979//1808 
f 1966//1795 1978//1807 1979//1808 1965//1794 
f 1981//1810 1907//1745 1910//1747 1982//1811 
f 1983//1812 1981//1810 1982//1811 1984//1813 
f 1985//146 1911//146 1907//1745 1981//1810 
f 1986//1814 1985//146 1981//1810 1983//1812 
f 1987//1815 1988//1816 1989//1817 1990//1818 
f 1991//373 1992//1167 1988//1816 1987//1815 
f 1988//1816 1983//1812 1984//1813 1989//1817 
f 1992//1167 1986//1814 1983//1812 1988//1816 
f 1993//1819 1994//1820 1995//1821 1996//1822 
f 1997//1823 1993//1819 1996//1822 1998//1824 
f 1992//1167 1991//373 1994//1820 1993//1819 
f 1986//1814 1992//1167 1993//1819 1997//1823 
f 1914//1748 1999//1825 2000//1826 1915//1749 
f 1911//146 1985//146 1999//1825 1914//1748 
f 1999//1825 1997//1823 1998//1824 2000//1826 
f 1985//146 1986//1814 1997//1823 1999//1825 
f 1930//1763 1929//1762 2001//1827 2002//1828 
f 2002//1828 2001//1827 2003//1829 2004//1830 
f 1932//1765 1930//1763 2002//1828 2005//1831 
f 2005//1831 2002//1828 2004//1830 2006//1832 
f 2007//1833 2008//1834 2009//1835 2010//1836 
f 2011//1837 2007//1833 2010//1836 2012//1838 
f 2004//1830 2003//1829 2008//1834 2007//1833 
f 2006//1832 2004//1830 2007//1833 2011//1837 
f 2013//1839 2014//1840 2015//1841 2016//1842 
f 2016//1842 2015//1841 2017//1843 2018//1844 
f 2012//1838 2013//1839 2016//1842 2011//1837 
f 2011//1837 2016//1842 2018//1844 2006//1832 
f 2019//1845 2020//1846 1934//1767 1933//1766 
f 2005//1831 2019//1845 1933//1766 1932//1765 
f 2018//1844 2017//1843 2020//1846 2019//1845 
f 2006//1832 2018//1844 2019//1845 2005//1831 
f 2021//1847 1950//1781 1949//1780 2022//1848 
f 2023//1849 2021//1847 2022//1848 2024//1850 
f 2025//329 1952//334 1950//1781 2021//1847 
f 2026//1344 2025//329 2021//1847 2023//1849 
f 2027//1851 2028//1852 2029//1853 2030//1854 
f 2031//107 2032//178 2028//1852 2027//1851 
f 2028//1852 2023//1849 2024//1850 2029//1853 
f 2032//178 2026//1344 2023//1849 2028//1852 
f 2033//1855 2034//1856 2035//1857 2036//1858 
f 2037//1859 2033//1855 2036//1858 2038//1860 
f 2032//178 2031//107 2034//1856 2033//1855 
f 2026//1344 2032//178 2033//1855 2037//1859 
f 1953//1782 2039//1861 2040//1862 1954//1783 
f 1952//334 2025//329 2039//1861 1953//1782 
f 2039//1861 2037//1859 2038//1860 2040//1862 
f 2025//329 2026//1344 2037//1859 2039//1861 
f 1970//1799 1969//1798 2041//1863 2042//1864 
f 2042//1864 2041//1863 2043//1865 2044//1866 
f 1972//1801 1970//1799 2042//1864 2045//1867 
f 2045//1867 2042//1864 2044//1866 2046//1868 
f 2047//1869 2048//1870 2049//1871 2050//1872 
f 2051//1873 2047//1869 2050//1872 2052//1874 
f 2044//1866 2043//1865 2048//1870 2047//1869 
f 2046//1868 2044//1866 2047//1869 2051//1873 
f 2053//1875 2054//1876 2055//1877 2056//1878 
f 2056//1878 2055//1877 2057//1879 2058//1880 
f 2052//1874 2053//1875 2056//1878 2051//1873 
f 2051//1873 2056//1878 2058//1880 2046//1868 
f 2059//1881 2060//1882 1974//1803 1973//1802 
f 2045//1867 2059//1881 1973//1802 1972//1801 
f 2058//1880 2057//1879 2060//1882 2059//1881 
f 2046//1868 2058//1880 2059//1881 2045//1867 
f 1987//1815 1990//1818 2061//1883 2062//1884 
f 2062//1884 2061//1883 2063//1885 2064//1886 
f 1991//373 1987//1815 2062//1884 2065//368 
f 2065//368 2062//1884 2064//1886 2066//734 
f 2067//1887 2068//1888 2069//1889 2070//1890 
f 2071//213 2067//1887 2070//1890 2072//146 
f 2064//1886 2063//1885 2068//1888 2067//1887 
f 2066//734 2064//1886 2067//1887 2071//213 
f 2073//1891 2074//1892 2075//1893 2076//1894 
f 2076//1894 2075//1893 2077//1895 2078//1896 
f 2072//146 2073//1891 2076//1894 2071//213 
f 2071//213 2076//1894 2078//1896 2066//734 
f 2079//1897 2080//1898 1995//1821 1994//1820 
f 2065//368 2079//1897 1994//1820 1991//373 
f 2078//1896 2077//1895 2080//1898 2079//1897 
f 2066//734 2078//1896 2079//1897 2065//368 
f 2010//1836 2009//1835 2081//1899 2082//1900 
f 2082//1900 2081//1899 2083//1901 2084//1902 
f 2012//1838 2010//1836 2082//1900 2085//1903 
f 2085//1903 2082//1900 2084//1902 2086//1904 
f 2087//1905 2088//1906 2089//1907 2090//1908 
f 2091//1909 2087//1905 2090//1908 2092//1910 
f 2084//1902 2083//1901 2088//1906 2087//1905 
f 2086//1904 2084//1902 2087//1905 2091//1909 
f 2093//1911 2094//1912 2095//1913 2096//1914 
f 2096//1914 2095//1913 2097//1915 2098//1916 
f 2092//1910 2093//1911 2096//1914 2091//1909 
f 2091//1909 2096//1914 2098//1916 2086//1904 
f 2099//1917 2100//1918 2014//1840 2013//1839 
f 2085//1903 2099//1917 2013//1839 2012//1838 
f 2098//1916 2097//1915 2100//1918 2099//1917 
f 2086//1904 2098//1916 2099//1917 2085//1903 
f 2101//1919 2027//1851 2030//1854 2102//1920 
f 2103//1851 2101//1919 2102//1920 2104//1921 
f 2105//107 2031//107 2027//1851 2101//1919 
f 2106//183 2105//107 2101//1919 2103//1851 
f 2107//1922 2108//1923 2109//1924 2110//1925 
f 2111//183 2112//183 2108//1923 2107//1922 
f 2108//1923 2103//1851 2104//1921 2109//1924 
f 2112//183 2106//183 2103//1851 2108//1923 
f 2113//1926 2114//1927 2115//1928 2116//1929 
f 2117//1930 2113//1926 2116//1929 2118//1931 
f 2112//183 2111//183 2114//1927 2113//1926 
f 2106//183 2112//183 2113//1926 2117//1930 
f 2034//1856 2119//1930 2120//1932 2035//1857 
f 2031//107 2105//107 2119//1930 2034//1856 
f 2119//1930 2117//1930 2118//1931 2120//1932 
f 2105//107 2106//183 2117//1930 2119//1930 
f 2050//1872 2049//1871 2121//1933 2122//1934 
f 2122//1934 2121//1933 2123//1935 2124//1936 
f 2052//1874 2050//1872 2122//1934 2125//1937 
f 2125//1937 2122//1934 2124//1936 2126//1938 
f 2127//1939 2128//1940 2129//1941 2130//1942 
f 2131//1943 2127//1939 2130//1942 2132//1944 
f 2124//1936 2123//1935 2128//1940 2127//1939 
f 2126//1938 2124//1936 2127//1939 2131//1943 
f 2133//1945 2134//1946 2135//1947 2136//1948 
f 2136//1948 2135//1947 2137//1949 2138//1950 
f 2132//1944 2133//1945 2136//1948 2131//1943 
f 2131//1943 2136//1948 2138//1950 2126//1938 
f 2139//1951 2140//1952 2054//1876 2053//1875 
f 2125//1937 2139//1951 2053//1875 2052//1874 
f 2138//1950 2137//1949 2140//1952 2139//1951 
f 2126//1938 2138//1950 2139//1951 2125//1937 
f 2070//1890 2069//1889 2141//1953 2142//1954 
f 2142//1954 2141//1953 2143//1955 2144//1956 
f 2072//146 2070//1890 2142//1954 2145//146 
f 2145//146 2142//1954 2144//1956 2146//218 
f 2147//1890 2148//1957 2149//1958 2150//1959 
f 2151//218 2147//1890 2150//1959 2152//218 
f 2144//1956 2143//1955 2148//1957 2147//1890 
f 2146//218 2144//1956 2147//1890 2151//218 
f 2153//1960 2154//1961 2155//1962 2156//1894 
f 2156//1894 2155//1962 2157//1963 2158//1964 
f 2152//218 2153//1960 2156//1894 2151//218 
f 2151//218 2156//1894 2158//1964 2146//218 
f 2159//1965 2160//1966 2074//1892 2073//1891 
f 2145//146 2159//1965 2073//1891 2072//146 
f 2158//1964 2157//1963 2160//1966 2159//1965 
f 2146//218 2158//1964 2159//1965 2145//146 
f 2090//1908 2089//1907 2161//1967 2162//1968 
f 2162//1968 2161//1967 2163//1969 2164//1970 
f 2092//1910 2090//1908 2162//1968 2165//1971 
f 2165//1971 2162//1968 2164//1970 2166//1972 
f 2167//1973 2168//1974 2169//1975 2170//1976 
f 2171//1977 2167//1973 2170//1976 2172//1978 
f 2164//1970 2163//1969 2168//1974 2167//1973 
f 2166//1972 2164//1970 2167//1973 2171//1977 
f 2173//1979 2174//1980 2175//1981 2176//1982 
f 2176//1982 2175//1981 2177//1983 2178//1984 
f 2172//1978 2173//1979 2176//1982 2171//1977 
f 2171//1977 2176//1982 2178//1984 2166//1972 
f 2179//1985 2180//1986 2094//1912 2093//1911 
f 2165//1971 2179//1985 2093//1911 2092//1910 
f 2178//1984 2177//1983 2180//1986 2179//1985 
f 2166//1972 2178//1984 2179//1985 2165//1971 
f 2181//1987 2107//1922 2110//1925 2182//1988 
f 2183//1989 2181//1987 2182//1988 2184//1990 
f 2185//481 2111//183 2107//1922 2181//1987 
f 2186//480 2185//481 2181//1987 2183//1989 
f 2187//1991 2188//1992 2189//1993 2190//1994 
f 2191//1995 2192//1636 2188//1992 2187//1991 
f 2188//1992 2183//1989 2184//1990 2189//1993 
f 2192//1636 2186//480 2183//1989 2188//1992 
f 2193//1996 2194//1997 2195//1998 2196//1999 
f 2197//2000 2193//1996 2196//1999 2198//2001 
f 2192//1636 2191//1995 2194//1997 2193//1996 
f 2186//480 2192//1636 2193//1996 2197//2000 
f 2114//1927 2199//2002 2200//2003 2115//1928 
f 2111//183 2185//481 2199//2002 2114//1927 
f 2199//2002 2197//2000 2198//2001 2200//2003 
f 2185//481 2186//480 2197//2000 2199//2002 
f 2130//1942 2129//1941 2201//2004 2202//2005 
f 2202//2005 2201//2004 2203//2006 2204//2007 
f 2132//1944 2130//1942 2202//2005 2205//2008 
f 2205//2008 2202//2005 2204//2007 2206//2009 
f 2207//2010 2208//2011 2209//2012 2210//2013 
f 2211//2014 2207//2010 2210//2013 2212//2015 
f 2204//2007 2203//2006 2208//2011 2207//2010 
f 2206//2009 2204//2007 2207//2010 2211//2014 
f 2213//2016 2214//2017 2215//2018 2216//2019 
f 2216//2019 2215//2018 2217//2020 2218//2021 
f 2212//2015 2213//2016 2216//2019 2211//2014 
f 2211//2014 2216//2019 2218//2021 2206//2009 
f 2219//2022 2220//2023 2134//1946 2133//1945 
f 2205//2008 2219//2022 2133//1945 2132//1944 
f 2218//2021 2217//2020 2220//2023 2219//2022 
f 2206//2009 2218//2021 2219//2022 2205//2008 
f 2150//1959 2149//1958 2221//2024 2222//2025 
f 2222//2025 2221//2024 2223//2026 2224//2027 
f 2152//218 2150//1959 2222//2025 2225//519 
f 2225//519 2222//2025 2224//2027 2226//520 
f 2227//2028 2228//2029 2229//2030 2230//2031 
f 2231//2032 2227//2028 2230//2031 2232//2033 
f 2224//2027 2223//2026 2228//2029 2227//2028 
f 2226//520 2224//2027 2227//2028 2231//2032 
f 2233//2034 2234//2035 2235//2036 2236//2037 
f 2236//2037 2235//2036 2237//2038 2238//2039 
f 2232//2033 2233//2034 2236//2037 2231//2032 
f 2231//2032 2236//2037 2238//2039 2226//520 
f 2239//2040 2240//2041 2154//1961 2153//1960 
f 2225//519 2239//2040 2153//1960 2152//218 
f 2238//2039 2237//2038 2240//2041 2239//2040 
f 2226//520 2238//2039 2239//2040 2225//519 
f 2170//1976 2169//1975 2241//2042 2242//2043 
f 2242//2043 2241//2042 2243//2044 2244//2045 
f 2172//1978 2170//1976 2242//2043 2245//2046 
f 2245//2046 2242//2043 2244//2045 2246//2047 
f 2247//2048 2248//2049 2249//2050 2250//2051 
f 2251//2052 2247//2048 2250//2051 2252//2053 
f 2244//2045 2243//2044 2248//2049 2247//2048 
f 2246//2047 2244//2045 2247//2048 2251//2052 
f 2253//2054 2254//2055 2255//2056 2256//2057 
f 2256//2057 2255//2056 2257//2058 2258//2059 
f 2252//2053 2253//2054 2256//2057 2251//2052 
f 2251//2052 2256//2057 2258//2059 2246//2047 
f 2259//2060 2260//2061 2174//1980 2173//1979 
f 2245//2046 2259//2060 2173//1979 2172//1978 
f 2258//2059 2257//2058 2260//2061 2259//2060 
f 2246//2047 2258//2059 2259//2060 2245//2046 
f 2187//1991 2190//1994 2261//2062 2262//2063 
f 2262//2063 2261//2062 2263//2064 2264//2065 
f 2191//1995 2187//1991 2262//2063 2265//2066 
f 2265//2066 2262//2063 2264//2065 2266//1418 
f 2267//2067 2268//2068 2269//2069 2270//2070 
f 2271//178 2267//2067 2270//2070 2272//178 
f 2264//2065 2263//2064 2268//2068 2267//2067 
f 2266//1418 2264//2065 2267//2067 2271//178 
f 2273//2071 2274//2072 2275//2073 2276//2074 
f 2276//2074 2275//2073 2277//2075 2278//2076 
f 2272//178 2273//2071 2276//2074 2271//178 
f 2271//178 2276//2074 2278//2076 2266//1418 
f 2279//2077 2280//2078 2195//1998 2194//1997 
f 2265//2066 2279//2077 2194//1997 2191//1995 
f 2278//2076 2277//2075 2280//2078 2279//2077 
f 2266//1418 2278//2076 2279//2077 2265//2066 
f 2210//2013 2209//2012 2281//2079 2282//2080 
f 2282//2080 2281//2079 2283//2081 2284//2082 
f 2212//2015 2210//2013 2282//2080 2285//2083 
f 2285//2083 2282//2080 2284//2082 2286//2084 
f 2287//2085 2288//2086 2289//2087 2290//2088 
f 2291//2089 2287//2085 2290//2088 2292//2090 
f 2284//2082 2283//2081 2288//2086 2287//2085 
f 2286//2084 2284//2082 2287//2085 2291//2089 
f 2293//2091 2294//2092 2295//2093 2296//2094 
f 2296//2094 2295//2093 2297//2095 2298//2096 
f 2292//2090 2293//2091 2296//2094 2291//2089 
f 2291//2089 2296//2094 2298//2096 2286//2084 
f 2299//2097 2300//2098 2214//2017 2213//2016 
f 2285//2083 2299//2097 2213//2016 2212//2015 
f 2298//2096 2297//2095 2300//2098 2299//2097 
f 2286//2084 2298//2096 2299//2097 2285//2083 
f 2301//2099 2230//2031 2229//2030 2302//2100 
f 2303//2101 2301//2099 2302//2100 2304//2102 
f 2305//2103 2232//2033 2230//2031 2301//2099 
f 2306//1456 2305//2103 2301//2099 2303//2101 
f 2307//2104 2308//2105 2309//2106 2310//2107 
f 2311//213 2312//1457 2308//2105 2307//2104 
f 2308//2105 2303//2101 2304//2102 2309//2106 
f 2312//1457 2306//1456 2303//2101 2308//2105 
f 2313//2108 2314//2109 2315//2110 2316//2111 
f 2317//2112 2313//2108 2316//2111 2318//2113 
f 2312//1457 2311//213 2314//2109 2313//2108 
f 2306//1456 2312//1457 2313//2108 2317//2112 
f 2233//2034 2319//2114 2320//2115 2234//2035 
f 2232//2033 2305//2103 2319//2114 2233//2034 
f 2319//2114 2317//2112 2318//2113 2320//2115 
f 2305//2103 2306//1456 2317//2112 2319//2114 
f 2250//2051 2249//2050 2321//2116 2322//2117 
f 2322//2117 2321//2116 2323//2118 2324//2119 
f 2252//2053 2250//2051 2322//2117 2325//2120 
f 2325//2120 2322//2117 2324//2119 2326//2121 
f 2327//2122 2328//2123 2329//2124 2330//2125 
f 2331//2126 2327//2122 2330//2125 2332//2127 
f 2324//2119 2323//2118 2328//2123 2327//2122 
f 2326//2121 2324//2119 2327//2122 2331//2126 
f 2333//2128 2334//2129 2335//2130 2336//2131 
f 2336//2131 2335//2130 2337//2132 2338//2133 
f 2332//2127 2333//2128 2336//2131 2331//2126 
f 2331//2126 2336//2131 2338//2133 2326//2121 
f 2339//2134 2340//2135 2254//2055 2253//2054 
f 2325//2120 2339//2134 2253//2054 2252//2053 
f 2338//2133 2337//2132 2340//2135 2339//2134 
f 2326//2121 2338//2133 2339//2134 2325//2120 
f 2270//2070 2269//2069 2341//2136 2342//2137 
f 2342//2137 2341//2136 2343//2138 2344//1 
f 2272//178 2270//2070 2342//2137 2345//183 
f 2345//183 2342//2137 2344//1 2346//183 
f 2347//2139 2348//2140 2//2 1//1 
f 2349//107 2347//2139 1//1 7//7 
f 2344//1 2343//2138 2348//2140 2347//2139 
f 2346//183 2344//1 2347//2139 2349//107 
f 25//23 24//22 2350//2141 2351//23 
f 2351//23 2350//2141 2352//2142 2353//23 
f 7//7 25//23 2351//23 2349//107 
f 2349//107 2351//23 2353//23 2346//183 
f 2354//2143 2355//2144 2274//2072 2273//2071 
f 2345//183 2354//2143 2273//2071 2272//178 
f 2353//23 2352//2142 2355//2144 2354//2143 
f 2346//183 2353//23 2354//2143 2345//183 
f 2290//2088 2289//2087 2356//2145 2357//2146 
f 2357//2146 2356//2145 2358//2147 2359//2148 
f 2292//2090 2290//2088 2357//2146 2360//2149 
f 2360//2149 2357//2146 2359//2148 2361//2150 
f 2362//2151 2363//2152 27//25 26//24 
f 2364//2153 2362//2151 26//24 32//30 
f 2359//2148 2358//2147 2363//2152 2362//2151 
f 2361//2150 2359//2148 2362//2151 2364//2153 
f 50//48 49//47 2365//2154 2366//2155 
f 2366//2155 2365//2154 2367//2156 2368//2157 
f 32//30 50//48 2366//2155 2364//2153 
f 2364//2153 2366//2155 2368//2157 2361//2150 
f 2369//2158 2370//2159 2294//2092 2293//2091 
f 2360//2149 2369//2158 2293//2091 2292//2090 
f 2368//2157 2367//2156 2370//2159 2369//2158 
f 2361//2150 2368//2157 2369//2158 2360//2149 
f 2371//2160 2307//2104 2310//2107 2372//2161 
f 2373//2162 2371//2160 2372//2161 2374//2163 
f 2375//218 2311//213 2307//2104 2371//2160 
f 2376//218 2375//218 2371//2160 2373//2162 
f 52//50 2377//2162 2378//2164 53//51 
f 58//55 2379//146 2377//2162 52//50 
f 2377//2162 2373//2162 2374//2163 2378//2164 
f 2379//146 2376//218 2373//2162 2377//2162 
f 2380//68 72//68 75//71 2381//2165 
f 2382//68 2380//68 2381//2165 2383//2166 
f 2379//146 58//55 72//68 2380//68 
f 2376//218 2379//146 2380//68 2382//68 
f 2314//2109 2384//2167 2385//2168 2315//2110 
f 2311//213 2375//218 2384//2167 2314//2109 
f 2384//2167 2382//68 2383//2166 2385//2168 
f 2375//218 2376//218 2382//68 2384//2167 
f 2330//2125 2329//2124 2386//2169 2387//2170 
f 2387//2170 2386//2169 2388//2171 2389//2172 
f 2332//2127 2330//2125 2387//2170 2390//2173 
f 2390//2173 2387//2170 2389//2172 2391//2174 
f 2392//2175 2393//2176 77//73 76//72 
f 2394//2177 2392//2175 76//72 82//78 
f 2389//2172 2388//2171 2393//2176 2392//2175 
f 2391//2174 2389//2172 2392//2175 2394//2177 
f 100//96 99//95 2395//2178 2396//2179 
f 2396//2179 2395//2178 2397//2180 2398//2181 
f 82//78 100//96 2396//2179 2394//2177 
f 2394//2177 2396//2179 2398//2181 2391//2174 
f 2399//2182 2400//2183 2334//2129 2333//2128 
f 2390//2173 2399//2182 2333//2128 2332//2127 
f 2398//2181 2397//2180 2400//2183 2399//2182 
f 2391//2174 2398//2181 2399//2182 2390//2173 
f 2401//2184 3//3 2//2 2402//2185 
f 2403//2186 2401//2184 2402//2185 2404//2187 
f 2405//2188 5//5 3//3 2401//2184 
f 2406//2189 2405//2188 2401//2184 2403//2186 
f 2407//2190 2408//2191 99//95 98//94 
f 2409//2192 2407//2190 98//94 95//91 
f 2407//2190 2403//2186 2404//2187 2408//2191 
f 2409//2192 2406//2189 2403//2186 2407//2190 
f 93//89 92//88 2410//2193 2411//2194 
f 2411//2194 2410//2193 2412//2195 2413//2196 
f 95//91 93//89 2411//2194 2409//2192 
f 2406//2189 2409//2192 2411//2194 2413//2196 
f 11//10 2414//2197 2415//2198 12//11 
f 5//5 2405//2188 2414//2197 11//10 
f 2414//2197 2413//2196 2412//2195 2415//2198 
f 2405//2188 2406//2189 2413//2196 2414//2197 
f 2416//2199 18//16 17//15 2417//2200 
f 2418//2201 2416//2199 2417//2200 2419//2202 
f 2420//2203 20//18 18//16 2416//2199 
f 2421//2204 2420//2203 2416//2199 2418//2201 
f 2422//2205 2423//2206 37//35 36//34 
f 2424//2207 2422//2205 36//34 30//28 
f 2418//2201 2419//2202 2423//2206 2422//2205 
f 2424//2207 2421//2204 2418//2201 2422//2205 
f 28//26 27//25 2425//2208 2426//2209 
f 2427//2210 2426//2209 2425//2208 2428//2211 
f 30//28 28//26 2426//2209 2424//2207 
f 2421//2204 2424//2207 2426//2209 2427//2210 
f 23//21 2429//2212 2430//2213 24//22 
f 20//18 2420//2203 2429//2212 23//21 
f 2429//2212 2427//2210 2428//2211 2430//2213 
f 2420//2203 2421//2204 2427//2210 2429//2212 
f 43//41 42//40 2431//2214 2432//2215 
f 2432//2215 2431//2214 2433//2216 2434//2217 
f 45//43 43//41 2432//2215 2435//2218 
f 2435//2218 2432//2215 2434//2217 2436//2219 
f 2437//2220 2438//2221 63//60 62//59 
f 2439//2222 2437//2220 62//59 56//54 
f 2434//2217 2433//2216 2438//2221 2437//2220 
f 2436//2219 2434//2217 2437//2220 2439//2222 
f 54//52 53//51 2440//2223 2441//2224 
f 2441//2224 2440//2223 2442//2225 2443//2226 
f 56//54 54//52 2441//2224 2439//2222 
f 2439//2222 2441//2224 2443//2226 2436//2219 
f 2444//2227 2445//2228 49//47 48//46 
f 2435//2218 2444//2227 48//46 45//43 
f 2443//2226 2442//2225 2445//2228 2444//2227 
f 2436//2219 2443//2226 2444//2227 2435//2218 
f 69//65 68//64 2446//2229 2447//2230 
f 2447//2230 2446//2229 2448//2231 2449//2232 
f 71//67 69//65 2447//2230 2450//2233 
f 2450//2233 2447//2230 2449//2232 2451//2234 
f 2452//2235 2453//2236 87//83 86//82 
f 2454//2237 2452//2235 86//82 80//76 
f 2449//2232 2448//2231 2453//2236 2452//2235 
f 2451//2234 2449//2232 2452//2235 2454//2237 
f 78//74 77//73 2455//2238 2456//2239 
f 2456//2239 2455//2238 2457//2240 2458//2241 
f 80//76 78//74 2456//2239 2454//2237 
f 2454//2237 2456//2239 2458//2241 2451//2234 
f 2459//2242 2460//2243 75//71 74//70 
f 2450//2233 2459//2242 74//70 71//67 
f 2458//2241 2457//2240 2460//2243 2459//2242 
f 2451//2234 2458//2241 2459//2242 2450//2233 
f 102//98 12//11 2415//2198 2461//2244 
f 2461//2244 2415//2198 2412//2195 2462//2245 
f 104//100 102//98 2461//2244 2463//2246 
f 2463//2246 2461//2244 2462//2245 2464//2247 
f 2465//2248 2410//2193 92//88 180//174 
f 2466//2249 2465//2248 180//174 177//171 
f 2462//2245 2412//2195 2410//2193 2465//2248 
f 2464//2247 2462//2245 2465//2248 2466//2249 
f 175//169 174//168 2467//2250 2468//2251 
f 2468//2251 2467//2250 2469//2252 2470//2253 
f 177//171 175//169 2468//2251 2466//2249 
f 2466//2249 2468//2251 2470//2253 2464//2247 
f 2471//2254 2472//2255 110//106 109//105 
f 2463//2246 2471//2254 109//105 104//100 
f 2470//2253 2469//2252 2472//2255 2471//2254 
f 2464//2247 2470//2253 2471//2254 2463//2246 
f 116//111 115//110 2473//2256 2474//2257 
f 2474//2257 2473//2256 2475//2258 2476//2259 
f 118//113 116//111 2474//2257 2477//2260 
f 2477//2260 2474//2257 2476//2259 2478//2261 
f 2479//2262 2480//2263 129//124 128//123 
f 2481//2264 2479//2262 128//123 123//118 
f 2476//2259 2475//2258 2480//2263 2479//2262 
f 2478//2261 2476//2259 2479//2262 2481//2264 
f 121//116 37//35 2423//2206 2482//2265 
f 2482//2265 2423//2206 2419//2202 2483//2266 
f 123//118 121//116 2482//2265 2481//2264 
f 2481//2264 2482//2265 2483//2266 2478//2261 
f 2484//2267 2417//2200 17//15 120//115 
f 2477//2260 2484//2267 120//115 118//113 
f 2483//2266 2419//2202 2417//2200 2484//2267 
f 2478//2261 2483//2266 2484//2267 2477//2260 
f 135//130 134//129 2485//2268 2486//2269 
f 2487//2270 2486//2269 2485//2268 2488//2271 
f 137//132 135//130 2486//2269 2489//2272 
f 2490//2273 2489//2272 2486//2269 2487//2270 
f 148//143 2491//2274 2492//2275 149//144 
f 143//138 2493//2276 2491//2274 148//143 
f 2491//2274 2487//2270 2488//2271 2492//2275 
f 2493//2276 2490//2273 2487//2270 2491//2274 
f 2494//2277 141//136 63//60 2438//2221 
f 2495//2278 2494//2277 2438//2221 2433//2216 
f 2493//2276 143//138 141//136 2494//2277 
f 2490//2273 2493//2276 2494//2277 2495//2278 
f 2496//2279 2431//2214 42//40 140//135 
f 2489//2272 2496//2279 140//135 137//132 
f 2495//2278 2433//2216 2431//2214 2496//2279 
f 2489//2272 2490//2273 2495//2278 2496//2279 
f 2497//2280 155//149 154//148 2498//2281 
f 2499//2282 2497//2280 2498//2281 2500//2283 
f 2501//2284 157//151 155//149 2497//2280 
f 2502//2285 2501//2284 2497//2280 2499//2282 
f 2503//2286 2504//2287 169//163 168//162 
f 2505//2288 2503//2286 168//162 163//157 
f 2503//2286 2499//2282 2500//2283 2504//2287 
f 2505//2288 2502//2285 2499//2282 2503//2286 
f 161//155 87//83 2453//2236 2506//2289 
f 2506//2289 2453//2236 2448//2231 2507//2290 
f 163//157 161//155 2506//2289 2505//2288 
f 2502//2285 2505//2288 2506//2289 2507//2290 
f 160//154 2508//2291 2446//2229 68//64 
f 157//151 2501//2284 2508//2291 160//154 
f 2508//2291 2507//2290 2448//2231 2446//2229 
f 2501//2284 2502//2285 2507//2290 2508//2291 
f 182//176 110//106 2472//2255 2509//2292 
f 2509//2292 2472//2255 2469//2252 2510//2293 
f 184//177 182//176 2509//2292 2511//2294 
f 2511//2294 2509//2292 2510//2293 2512//2295 
f 2513//2296 2467//2250 174//168 260//244 
f 2514//2297 2513//2296 260//244 257//241 
f 2510//2293 2469//2252 2467//2250 2513//2296 
f 2512//2295 2510//2293 2513//2296 2514//2297 
f 255//239 254//238 2515//2298 2516//2299 
f 2516//2299 2515//2298 2517//2300 2518//2301 
f 257//241 255//239 2516//2299 2514//2297 
f 2514//2297 2516//2299 2518//2301 2512//2295 
f 2519//2302 2520//2303 190//182 189//181 
f 2511//2294 2519//2302 189//181 184//177 
f 2518//2301 2517//2300 2520//2303 2519//2302 
f 2512//2295 2518//2301 2519//2302 2511//2294 
f 196//187 195//186 2521//2304 2522//2305 
f 2522//2305 2521//2304 2523//2306 2524//2307 
f 198//188 196//187 2522//2305 2525//2308 
f 2525//2308 2522//2305 2524//2307 2526//2309 
f 2527//2310 2528//2311 209//198 208//197 
f 2529//2312 2527//2310 208//197 203//192 
f 2524//2307 2523//2306 2528//2311 2527//2310 
f 2526//2309 2524//2307 2527//2310 2529//2312 
f 201//190 129//124 2480//2263 2530//2313 
f 2530//2313 2480//2263 2475//2258 2531//2314 
f 203//192 201//190 2530//2313 2529//2312 
f 2529//2312 2530//2313 2531//2314 2526//2309 
f 2532//2315 2473//2256 115//110 200//189 
f 2525//2308 2532//2315 200//189 198//188 
f 2531//2314 2475//2258 2473//2256 2532//2315 
f 2526//2309 2531//2314 2532//2315 2525//2308 
f 215//204 214//203 2533//2316 2534//2317 
f 2535//2318 2534//2317 2533//2316 2536//2319 
f 217//206 215//204 2534//2317 2537//2320 
f 2538//2321 2537//2320 2534//2317 2535//2318 
f 228//215 2539//2322 2540//2323 229//216 
f 223//212 2541//2324 2539//2322 228//215 
f 2539//2322 2535//2318 2536//2319 2540//2323 
f 2541//2324 2538//2321 2535//2318 2539//2322 
f 2542//2325 221//210 149//144 2492//2275 
f 2543//2326 2542//2325 2492//2275 2488//2271 
f 2541//2324 223//212 221//210 2542//2325 
f 2538//2321 2541//2324 2542//2325 2543//2326 
f 2544//2327 2485//2268 134//129 220//209 
f 2537//2320 2544//2327 220//209 217//206 
f 2544//2327 2543//2326 2488//2271 2485//2268 
f 2537//2320 2538//2321 2543//2326 2544//2327 
f 2545//2328 235//221 234//220 2546//2329 
f 2547//2330 2545//2328 2546//2329 2548//2331 
f 2549//2332 237//223 235//221 2545//2328 
f 2550//2333 2549//2332 2545//2328 2547//2330 
f 2551//2334 2552//2335 249//233 248//232 
f 2553//2336 2551//2334 248//232 243//227 
f 2551//2334 2547//2330 2548//2331 2552//2335 
f 2553//2336 2550//2333 2547//2330 2551//2334 
f 241//225 169//163 2504//2287 2554//2337 
f 2555//2338 2554//2337 2504//2287 2500//2283 
f 243//227 241//225 2554//2337 2553//2336 
f 2550//2333 2553//2336 2554//2337 2555//2338 
f 240//224 2556//2339 2498//2281 154//148 
f 237//223 2549//2332 2556//2339 240//224 
f 2556//2339 2555//2338 2500//2283 2498//2281 
f 2549//2332 2550//2333 2555//2338 2556//2339 
f 262//246 190//182 2520//2303 2557//2340 
f 2557//2340 2520//2303 2517//2300 2558//2341 
f 264//248 262//246 2557//2340 2559//2342 
f 2559//2342 2557//2340 2558//2341 2560//2343 
f 2561//2344 2515//2298 254//238 340//323 
f 2562//2345 2561//2344 340//323 337//320 
f 2558//2341 2517//2300 2515//2298 2561//2344 
f 2560//2343 2558//2341 2561//2344 2562//2345 
f 335//318 334//317 2563//2346 2564//2347 
f 2564//2347 2563//2346 2565//2348 2566//2349 
f 337//320 335//318 2564//2347 2562//2345 
f 2562//2345 2564//2347 2566//2349 2560//2343 
f 2567//2350 2568//2351 270//253 269//252 
f 2559//2342 2567//2350 269//252 264//248 
f 2566//2349 2565//2348 2568//2351 2567//2350 
f 2560//2343 2566//2349 2567//2350 2559//2342 
f 276//259 275//258 2569//2352 2570//2353 
f 2569//2352 2571//2354 2572//2355 2570//2353 
f 278//261 276//259 2570//2353 2573//2356 
f 2573//2356 2570//2353 2572//2355 2574//2357 
f 2575//2358 2576//2359 289//272 288//271 
f 2577//2360 2575//2358 288//271 283//266 
f 2575//2358 2572//2355 2571//2354 
f 2574//2357 2572//2355 2575//2358 2577//2360 
f 281//264 209//198 2528//2311 2578//2361 
f 2578//2361 2528//2311 2523//2306 2579//2362 
f 283//266 281//264 2578//2361 2577//2360 
f 2577//2360 2578//2361 2579//2362 2574//2357 
f 2580//2363 2521//2304 195//186 280//263 
f 2573//2356 2580//2363 280//263 278//261 
f 2579//2362 2523//2306 2521//2304 2580//2363 
f 2574//2357 2579//2362 2580//2363 2573//2356 
f 295//278 294//277 2581//2364 2582//2365 
f 2583//2366 2582//2365 2581//2364 
f 2584//2367 297//280 295//278 2582//2365 
f 2585//2368 2584//2367 2582//2365 2583//2366 
f 308//291 2586//2369 2587//2370 309//292 
f 303//286 2588//2371 2586//2369 308//291 
f 2586//2369 2583//2366 2589//2372 2587//2370 
f 2588//2371 2585//2368 2583//2366 2586//2369 
f 2590//2373 301//284 229//216 2540//2323 
f 2591//2374 2590//2373 2540//2323 2536//2319 
f 2588//2371 303//286 301//284 2590//2373 
f 2585//2368 2588//2371 2590//2373 2591//2374 
f 2592//2375 2533//2316 214//203 300//283 
f 297//280 2584//2367 2592//2375 300//283 
f 2592//2375 2591//2374 2536//2319 2533//2316 
f 2584//2367 2585//2368 2591//2374 2592//2375 
f 2593//2376 315//298 314//297 2594//2377 
f 2595//2378 2593//2376 2594//2377 2596//2379 
f 2597//2380 317//300 315//298 2593//2376 
f 2598//2381 2597//2380 2593//2376 2595//2378 
f 2599//2382 2600//2383 329//312 328//311 
f 2601//2384 2599//2382 328//311 323//306 
f 2599//2382 2595//2378 2596//2379 2600//2383 
f 2601//2384 2598//2381 2595//2378 2599//2382 
f 321//304 249//233 2552//2335 2602//2385 
f 2603//2386 2602//2385 2552//2335 2548//2331 
f 323//306 321//304 2602//2385 2601//2384 
f 2598//2381 2601//2384 2602//2385 2603//2386 
f 320//303 2604//2387 2546//2329 234//220 
f 317//300 2597//2380 2604//2387 320//303 
f 2604//2387 2603//2386 2548//2331 2546//2329 
f 2597//2380 2598//2381 2603//2386 2604//2387 
f 2605//2388 341//324 270//253 2568//2351 
f 2606//2389 2605//2388 2568//2351 2565//2348 
f 2607//2390 343//326 341//324 2605//2388 
f 2608//2391 2607//2390 2605//2388 2606//2389 
f 2609//2392 2563//2346 334//317 420//401 
f 2610//2393 2609//2392 420//401 417//398 
f 2609//2392 2606//2389 2565//2348 2563//2346 
f 2610//2393 2608//2391 2606//2389 2609//2392 
f 415//396 414//395 2611//2394 2612//2395 
f 2613//2396 2612//2395 2611//2394 2614//2397 
f 417//398 415//396 2612//2395 2610//2393 
f 2608//2391 2610//2393 2612//2395 2613//2396 
f 348//331 2615//2398 2616//2399 349//332 
f 343//326 2607//2390 2615//2398 348//331 
f 2615//2398 2613//2396 2614//2397 2616//2399 
f 2607//2390 2608//2391 2613//2396 2615//2398 
f 2617//2400 355//337 354//336 2618//2401 
f 2619//2402 2617//2400 2618//2401 2620//2403 
f 2621//2404 357//339 355//337 2617//2400 
f 2622//2405 2621//2404 2617//2400 2619//2402 
f 2623//2406 2624//2407 369//351 368//350 
f 363//345 2625//2408 2623//2406 368//350 
f 2623//2406 2619//2402 2620//2403 2624//2407 
f 2625//2408 2622//2405 2619//2402 2623//2406 
f 361//343 289//272 2576//2359 2626//2409 
f 2627//2410 2626//2409 2576//2359 
f 2625//2408 363//345 361//343 2626//2409 
f 2622//2405 2625//2408 2626//2409 2627//2410 
f 360//342 2628//2411 2569//2352 275//258 
f 357//339 2621//2404 2628//2411 360//342 
f 2628//2411 2627//2410 2571//2354 2569//2352 
f 2621//2404 2622//2405 2627//2410 2628//2411 
f 375//357 374//356 2629//2412 2630//2413 
f 2630//2413 2629//2412 2631//2414 2632//2415 
f 377//359 375//357 2630//2413 2633//2416 
f 2633//2416 2630//2413 2632//2415 2634//2417 
f 2635//2418 2636//2419 390//372 389//371 
f 2637//2420 2635//2418 389//371 384//366 
f 2632//2415 2631//2414 2636//2419 2635//2418 
f 2634//2417 2632//2415 2635//2418 2637//2420 
f 382//364 309//292 2587//2370 2638//2421 
f 2587//2370 2589//2372 2639//2422 2638//2421 
f 384//366 382//364 2638//2421 2637//2420 
f 2637//2420 2638//2421 2639//2422 2634//2417 
f 2640//2423 2581//2364 294//277 380//362 
f 2633//2416 2640//2423 380//362 377//359 
f 2640//2423 2639//2422 2589//2372 
f 2634//2417 2639//2422 2640//2423 2633//2416 
f 396//377 395//376 2641//2424 2642//2425 
f 2642//2425 2641//2424 2643//2426 2644//2427 
f 398//379 396//377 2642//2425 2645//2428 
f 2645//2428 2642//2425 2644//2427 2646//2429 
f 2647//2430 2648//2431 409//390 408//389 
f 2649//2432 2647//2430 408//389 403//384 
f 2644//2427 2643//2426 2648//2431 2647//2430 
f 2646//2429 2644//2427 2647//2430 2649//2432 
f 401//382 329//312 2600//2383 2650//2433 
f 2650//2433 2600//2383 2596//2379 2651//2434 
f 403//384 401//382 2650//2433 2649//2432 
f 2649//2432 2650//2433 2651//2434 2646//2429 
f 2652//2435 2594//2377 314//297 400//381 
f 2645//2428 2652//2435 400//381 398//379 
f 2651//2434 2596//2379 2594//2377 2652//2435 
f 2646//2429 2651//2434 2652//2435 2645//2428 
f 2653//2436 421//402 349//332 2616//2399 
f 2654//2437 2653//2436 2616//2399 2614//2397 
f 2655//2438 423//404 421//402 2653//2436 
f 2656//2439 2655//2438 2653//2436 2654//2437 
f 2657//2440 2611//2394 414//395 500//470 
f 2658//2441 2657//2440 500//470 497//467 
f 2657//2440 2654//2437 2614//2397 2611//2394 
f 2658//2441 2656//2439 2654//2437 2657//2440 
f 495//465 494//464 2659//2442 2660//2443 
f 2661//2444 2660//2443 2659//2442 2662//2445 
f 497//467 495//465 2660//2443 2658//2441 
f 2656//2439 2658//2441 2660//2443 2661//2444 
f 428//407 2663//2446 2664//2447 429//408 
f 423//404 2655//2438 2663//2446 428//407 
f 2663//2446 2661//2444 2662//2445 2664//2447 
f 2655//2438 2656//2439 2661//2444 2663//2446 
f 2665//2448 435//411 434//410 2666//2449 
f 2667//2450 2665//2448 2666//2449 2668//2451 
f 2669//2452 437//413 435//411 2665//2448 
f 2670//2453 2669//2452 2665//2448 2667//2450 
f 2671//2454 2672//2455 449//424 448//423 
f 2673//2456 2671//2454 448//423 443//418 
f 2671//2454 2667//2450 2668//2451 2672//2455 
f 2673//2456 2670//2453 2667//2450 2671//2454 
f 441//416 369//351 2624//2407 2674//2457 
f 2675//2458 2674//2457 2624//2407 2620//2403 
f 443//418 441//416 2674//2457 2673//2456 
f 2670//2453 2673//2456 2674//2457 2675//2458 
f 440//415 2676//2459 2618//2401 354//336 
f 437//413 2669//2452 2676//2459 440//415 
f 2676//2459 2675//2458 2620//2403 2618//2401 
f 2669//2452 2670//2453 2675//2458 2676//2459 
f 455//430 454//429 2677//2460 2678//2461 
f 2678//2461 2677//2460 2679//2462 2680//2463 
f 457//432 455//430 2678//2461 2681//2464 
f 2681//2464 2678//2461 2680//2463 2682//2465 
f 2683//2466 2684//2467 470//442 469//441 
f 2685//2468 2683//2466 469//441 464//439 
f 2680//2463 2679//2462 2684//2467 2683//2466 
f 2682//2465 2680//2463 2683//2466 2685//2468 
f 462//437 390//372 2636//2419 2686//2469 
f 2686//2469 2636//2419 2631//2414 2687//2470 
f 464//439 462//437 2686//2469 2685//2468 
f 2685//2468 2686//2469 2687//2470 2682//2465 
f 2688//2471 2629//2412 374//356 460//435 
f 2681//2464 2688//2471 460//435 457//432 
f 2687//2470 2631//2414 2629//2412 2688//2471 
f 2682//2465 2687//2470 2688//2471 2681//2464 
f 476//446 475//445 2689//2472 2690//2473 
f 2690//2473 2689//2472 2691//2474 2692//2475 
f 478//448 476//446 2690//2473 2693//2476 
f 2693//2476 2690//2473 2692//2475 2694//2477 
f 2695//2478 2696//2479 489//459 488//458 
f 2697//2480 2695//2478 488//458 483//453 
f 2692//2475 2691//2474 2696//2479 2695//2478 
f 2694//2477 2692//2475 2695//2478 2697//2480 
f 481//451 409//390 2648//2431 2698//2481 
f 2698//2481 2648//2431 2643//2426 2699//2482 
f 483//453 481//451 2698//2481 2697//2480 
f 2697//2480 2698//2481 2699//2482 2694//2477 
f 2700//2483 2641//2424 395//376 480//450 
f 2693//2476 2700//2483 480//450 478//448 
f 2699//2482 2643//2426 2641//2424 2700//2483 
f 2694//2477 2699//2482 2700//2483 2693//2476 
f 2701//2484 501//471 429//408 2664//2447 
f 2702//2485 2701//2484 2664//2447 2662//2445 
f 2703//2486 503//473 501//471 2701//2484 
f 2704//2487 2703//2486 2701//2484 2702//2485 
f 2705//2488 2659//2442 494//464 580//547 
f 2706//2489 2705//2488 580//547 577//544 
f 2705//2488 2702//2485 2662//2445 2659//2442 
f 2706//2489 2704//2487 2702//2485 2705//2488 
f 575//542 574//541 2707//2490 2708//2491 
f 2708//2491 2707//2490 2709//2492 2710//2493 
f 577//544 575//542 2708//2491 2706//2489 
f 2704//2487 2706//2489 2708//2491 2710//2493 
f 508//477 2711//2494 2712//2495 509//478 
f 503//473 2703//2486 2711//2494 508//477 
f 2711//2494 2710//2493 2709//2492 2712//2495 
f 2703//2486 2704//2487 2710//2493 2711//2494 
f 2713//2496 515//484 514//483 2714//2497 
f 2715//2498 2713//2496 2714//2497 2716//2499 
f 2717//2500 517//486 515//484 2713//2496 
f 2718//2501 2717//2500 2713//2496 2715//2498 
f 2719//2502 2720//2503 529//498 528//497 
f 2721//2504 2719//2502 528//497 523//492 
f 2715//2498 2716//2499 2720//2503 2719//2502 
f 2721//2504 2718//2501 2715//2498 2719//2502 
f 521//490 449//424 2672//2455 2722//2505 
f 2723//2506 2722//2505 2672//2455 2668//2451 
f 523//492 521//490 2722//2505 2721//2504 
f 2718//2501 2721//2504 2722//2505 2723//2506 
f 520//489 2724//2507 2666//2449 434//410 
f 517//486 2717//2500 2724//2507 520//489 
f 2724//2507 2723//2506 2668//2451 2666//2449 
f 2717//2500 2718//2501 2723//2506 2724//2507 
f 535//504 534//503 2725//2508 2726//2509 
f 2726//2509 2725//2508 2727//2510 2728//2511 
f 537//506 535//504 2726//2509 2729//2512 
f 2729//2512 2726//2509 2728//2511 2730//2513 
f 2731//2514 2732//2515 550//518 549//517 
f 2733//2516 2731//2514 549//517 544//513 
f 2728//2511 2727//2510 2732//2515 2731//2514 
f 2730//2513 2728//2511 2731//2514 2733//2516 
f 542//511 470//442 2684//2467 2734//2517 
f 2734//2517 2684//2467 2679//2462 2735//2518 
f 544//513 542//511 2734//2517 2733//2516 
f 2733//2516 2734//2517 2735//2518 2730//2513 
f 2736//2519 2677//2460 454//429 540//509 
f 2729//2512 2736//2519 540//509 537//506 
f 2735//2518 2679//2462 2677//2460 2736//2519 
f 2730//2513 2735//2518 2736//2519 2729//2512 
f 556//524 555//523 2737//2520 2738//2521 
f 2738//2521 2737//2520 2739//2522 2740//2523 
f 558//526 556//524 2738//2521 2741//2524 
f 2741//2524 2738//2521 2740//2523 2742//2525 
f 2743//2526 2744//2527 569//536 568//535 
f 2745//2528 2743//2526 568//535 563//530 
f 2740//2523 2739//2522 2744//2527 2743//2526 
f 2742//2525 2740//2523 2743//2526 2745//2528 
f 561//528 489//459 2696//2479 2746//2529 
f 2746//2529 2696//2479 2691//2474 2747//2530 
f 563//530 561//528 2746//2529 2745//2528 
f 2745//2528 2746//2529 2747//2530 2742//2525 
f 2748//2531 2689//2472 475//445 560//527 
f 2741//2524 2748//2531 560//527 558//526 
f 2747//2530 2691//2474 2689//2472 2748//2531 
f 2742//2525 2747//2530 2748//2531 2741//2524 
f 582//549 509//478 2712//2495 2749//2532 
f 2749//2532 2712//2495 2709//2492 2750//2533 
f 584//551 582//549 2749//2532 2751//2534 
f 2751//2534 2749//2532 2750//2533 2752//2535 
f 2753//2536 2707//2490 574//541 660//623 
f 2754//2537 2753//2536 660//623 657//620 
f 2750//2533 2709//2492 2707//2490 2753//2536 
f 2752//2535 2750//2533 2753//2536 2754//2537 
f 655//618 654//617 2755//2538 2756//2539 
f 2756//2539 2755//2538 2757//2540 2758//2541 
f 657//620 655//618 2756//2539 2754//2537 
f 2754//2537 2756//2539 2758//2541 2752//2535 
f 2759//2542 2760//2543 590//557 589//556 
f 2751//2534 2759//2542 589//556 584//551 
f 2758//2541 2757//2540 2760//2543 2759//2542 
f 2752//2535 2758//2541 2759//2542 2751//2534 
f 596//561 595//560 2761//2544 2762//2545 
f 2762//2545 2761//2544 2763//2546 2764//2547 
f 598//563 596//561 2762//2545 2765//2548 
f 2765//2548 2762//2545 2764//2547 2766//2549 
f 2767//2550 2768//2551 609//574 608//573 
f 2769//2552 2767//2550 608//573 603//568 
f 2764//2547 2763//2546 2768//2551 2767//2550 
f 2766//2549 2764//2547 2767//2550 2769//2552 
f 601//566 529//498 2720//2503 2770//2553 
f 2770//2553 2720//2503 2716//2499 2771//2554 
f 603//568 601//566 2770//2553 2769//2552 
f 2769//2552 2770//2553 2771//2554 2766//2549 
f 2772//2555 2714//2497 514//483 600//565 
f 2765//2548 2772//2555 600//565 598//563 
f 2771//2554 2716//2499 2714//2497 2772//2555 
f 2766//2549 2771//2554 2772//2555 2765//2548 
f 615//580 614//579 2773//2556 2774//2557 
f 2775//2558 2774//2557 2773//2556 2776//2559 
f 617//582 615//580 2774//2557 2777//2560 
f 2778//2561 2777//2560 2774//2557 2775//2558 
f 628//593 2779//2562 2780//2563 629//594 
f 623//588 2781//2564 2779//2562 628//593 
f 2779//2562 2775//2558 2776//2559 2780//2563 
f 2781//2564 2778//2561 2775//2558 2779//2562 
f 2782//2565 621//586 550//518 2732//2515 
f 2783//2566 2782//2565 2732//2515 2727//2510 
f 2781//2564 623//588 621//586 2782//2565 
f 2778//2561 2781//2564 2782//2565 2783//2566 
f 2784//2567 2725//2508 534//503 620//585 
f 2777//2560 2784//2567 620//585 617//582 
f 2783//2566 2727//2510 2725//2508 2784//2567 
f 2777//2560 2778//2561 2783//2566 2784//2567 
f 2785//2568 635//598 634//597 2786//2569 
f 2787//2570 2785//2568 2786//2569 2788//2571 
f 2789//2572 637//600 635//598 2785//2568 
f 2790//2573 2789//2572 2785//2568 2787//2570 
f 2791//2574 2792//2575 649//612 648//611 
f 2793//2576 2791//2574 648//611 643//606 
f 2791//2574 2787//2570 2788//2571 2792//2575 
f 2793//2576 2790//2573 2787//2570 2791//2574 
f 641//604 569//536 2744//2527 2794//2577 
f 2794//2577 2744//2527 2739//2522 2795//2578 
f 643//606 641//604 2794//2577 2793//2576 
f 2790//2573 2793//2576 2794//2577 2795//2578 
f 640//603 2796//2579 2737//2520 555//523 
f 637//600 2789//2572 2796//2579 640//603 
f 2796//2579 2795//2578 2739//2522 2737//2520 
f 2789//2572 2790//2573 2795//2578 2796//2579 
f 662//625 590//557 2760//2543 2797//2580 
f 2797//2580 2760//2543 2757//2540 2798//2581 
f 664//626 662//625 2797//2580 2799//2582 
f 2799//2582 2797//2580 2798//2581 2800//2583 
f 2801//2584 2755//2538 654//617 740//690 
f 2802//2585 2801//2584 740//690 737//687 
f 2798//2581 2757//2540 2755//2538 2801//2584 
f 2800//2583 2798//2581 2801//2584 2802//2585 
f 735//685 734//684 2803//2586 2804//2587 
f 2804//2587 2803//2586 2805//2588 2806//2589 
f 737//687 735//685 2804//2587 2802//2585 
f 2802//2585 2804//2587 2806//2589 2800//2583 
f 2807//2590 2808//2591 670//629 669//628 
f 2799//2582 2807//2590 669//628 664//626 
f 2806//2589 2805//2588 2808//2591 2807//2590 
f 2800//2583 2806//2589 2807//2590 2799//2582 
f 676//633 675//632 2809//2592 2810//2593 
f 2810//2593 2809//2592 2811//2594 2812//2595 
f 678//635 676//633 2810//2593 2813//2596 
f 2813//2596 2810//2593 2812//2595 2814//2597 
f 2815//2598 2816//2599 689//646 688//645 
f 2817//2600 2815//2598 688//645 683//640 
f 2812//2595 2811//2594 2816//2599 2815//2598 
f 2814//2597 2812//2595 2815//2598 2817//2600 
f 681//638 609//574 2768//2551 2818//2601 
f 2818//2601 2768//2551 2763//2546 2819//2602 
f 683//640 681//638 2818//2601 2817//2600 
f 2817//2600 2818//2601 2819//2602 2814//2597 
f 2820//2603 2761//2544 595//560 680//637 
f 2813//2596 2820//2603 680//637 678//635 
f 2819//2602 2763//2546 2761//2544 2820//2603 
f 2814//2597 2819//2602 2820//2603 2813//2596 
f 695//652 694//651 2821//2604 2822//2605 
f 2823//2606 2822//2605 2821//2604 2824//2607 
f 697//654 695//652 2822//2605 2825//2608 
f 2826//2609 2825//2608 2822//2605 2823//2606 
f 708//662 2827//2610 2828//2611 709//663 
f 703//660 2829//2612 2827//2610 708//662 
f 2827//2610 2823//2606 2824//2607 2828//2611 
f 2829//2612 2826//2609 2823//2606 2827//2610 
f 2830//2613 701//658 629//594 2780//2563 
f 2831//2614 2830//2613 2780//2563 2776//2559 
f 2829//2612 703//660 701//658 2830//2613 
f 2826//2609 2829//2612 2830//2613 2831//2614 
f 2832//2615 2773//2556 614//579 700//657 
f 2825//2608 2832//2615 700//657 697//654 
f 2832//2615 2831//2614 2776//2559 2773//2556 
f 2825//2608 2826//2609 2831//2614 2832//2615 
f 2833//2616 715//667 714//666 2834//2617 
f 2835//2618 2833//2616 2834//2617 2836//2619 
f 2837//2620 717//669 715//667 2833//2616 
f 2838//2621 2837//2620 2833//2616 2835//2618 
f 2839//2622 2840//2623 729//679 728//678 
f 2841//2624 2839//2622 728//678 723//673 
f 2839//2622 2835//2618 2836//2619 2840//2623 
f 2841//2624 2838//2621 2835//2618 2839//2622 
f 721//671 649//612 2792//2575 2842//2625 
f 2843//2626 2842//2625 2792//2575 2788//2571 
f 723//673 721//671 2842//2625 2841//2624 
f 2838//2621 2841//2624 2842//2625 2843//2626 
f 720//670 2844//2627 2786//2569 634//597 
f 717//669 2837//2620 2844//2627 720//670 
f 2844//2627 2843//2626 2788//2571 2786//2569 
f 2837//2620 2838//2621 2843//2626 2844//2627 
f 742//692 670//629 2808//2591 2845//2628 
f 2845//2628 2808//2591 2805//2588 2846//2629 
f 744//694 742//692 2845//2628 2847//2630 
f 2847//2630 2845//2628 2846//2629 2848//2631 
f 2849//2632 2803//2586 734//684 820//769 
f 2850//2633 2849//2632 820//769 817//766 
f 2846//2629 2805//2588 2803//2586 2849//2632 
f 2848//2631 2846//2629 2849//2632 2850//2633 
f 815//764 814//763 2851//2634 2852//2635 
f 2852//2635 2851//2634 2853//2636 2854//2637 
f 817//766 815//764 2852//2635 2850//2633 
f 2850//2633 2852//2635 2854//2637 2848//2631 
f 2855//2638 2856//2639 750//699 749//698 
f 2847//2630 2855//2638 749//698 744//694 
f 2854//2637 2853//2636 2856//2639 2855//2638 
f 2848//2631 2854//2637 2855//2638 2847//2630 
f 756//705 755//704 2857//2640 2858//2641 
f 2857//2640 2859//2642 2860//2643 2858//2641 
f 758//707 756//705 2858//2641 2861//2644 
f 2861//2644 2858//2641 2860//2643 2862//2645 
f 2863//2646 2864//2647 769//718 768//717 
f 2865//2648 2863//2646 768//717 763//712 
f 2863//2646 2860//2643 2859//2642 
f 2862//2645 2860//2643 2863//2646 2865//2648 
f 761//710 689//646 2816//2599 2866//2649 
f 2866//2649 2816//2599 2811//2594 2867//2650 
f 763//712 761//710 2866//2649 2865//2648 
f 2865//2648 2866//2649 2867//2650 2862//2645 
f 2868//2651 2809//2592 675//632 760//709 
f 2861//2644 2868//2651 760//709 758//707 
f 2867//2650 2811//2594 2809//2592 2868//2651 
f 2862//2645 2867//2650 2868//2651 2861//2644 
f 775//724 774//723 2869//2652 2870//2653 
f 2871//2654 2870//2653 2869//2652 
f 2872//2655 777//726 775//724 2870//2653 
f 2873//2656 2872//2655 2870//2653 2871//2654 
f 788//737 2874//2657 2875//2658 789//738 
f 783//732 2876//2659 2874//2657 788//737 
f 2874//2657 2871//2654 2877//2660 2875//2658 
f 2876//2659 2873//2656 2871//2654 2874//2657 
f 2878//2661 781//730 709//663 2828//2611 
f 2879//2662 2878//2661 2828//2611 2824//2607 
f 2876//2659 783//732 781//730 2878//2661 
f 2873//2656 2876//2659 2878//2661 2879//2662 
f 2880//2663 2821//2604 694//651 780//729 
f 777//726 2872//2655 2880//2663 780//729 
f 2880//2663 2879//2662 2824//2607 2821//2604 
f 2872//2655 2873//2656 2879//2662 2880//2663 
f 2881//2664 795//744 794//743 2882//2665 
f 2883//2666 2881//2664 2882//2665 2884//2667 
f 2885//2668 797//746 795//744 2881//2664 
f 2886//2669 2885//2668 2881//2664 2883//2666 
f 2887//2670 2888//2671 809//758 808//757 
f 2889//2672 2887//2670 808//757 803//752 
f 2887//2670 2883//2666 2884//2667 2888//2671 
f 2889//2672 2886//2669 2883//2666 2887//2670 
f 801//750 729//679 2840//2623 2890//2673 
f 2891//2674 2890//2673 2840//2623 2836//2619 
f 803//752 801//750 2890//2673 2889//2672 
f 2886//2669 2889//2672 2890//2673 2891//2674 
f 800//749 2892//2675 2834//2617 714//666 
f 797//746 2885//2668 2892//2675 800//749 
f 2892//2675 2891//2674 2836//2619 2834//2617 
f 2885//2668 2886//2669 2891//2674 2892//2675 
f 2893//2676 821//770 750//699 2856//2639 
f 2894//2677 2893//2676 2856//2639 2853//2636 
f 2895//2678 823//772 821//770 2893//2676 
f 2896//2679 2895//2678 2893//2676 2894//2677 
f 2897//2680 2851//2634 814//763 900//843 
f 2898//2681 2897//2680 900//843 897//840 
f 2897//2680 2894//2677 2853//2636 2851//2634 
f 2898//2681 2896//2679 2894//2677 2897//2680 
f 895//838 894//837 2899//2682 2900//2683 
f 2901//2684 2900//2683 2899//2682 2902//2685 
f 897//840 895//838 2900//2683 2898//2681 
f 2896//2679 2898//2681 2900//2683 2901//2684 
f 828//776 2903//2686 2904//2687 829//777 
f 823//772 2895//2678 2903//2686 828//776 
f 2903//2686 2901//2684 2902//2685 2904//2687 
f 2895//2678 2896//2679 2901//2684 2903//2686 
f 2905//2688 835//780 834//779 2906//2689 
f 2907//2690 2905//2688 2906//2689 2908//2691 
f 2909//2692 837//782 835//780 2905//2688 
f 2910//2693 2909//2692 2905//2688 2907//2690 
f 2911//2694 2912//2695 849//794 848//793 
f 843//788 2913//2696 2911//2694 848//793 
f 2911//2694 2907//2690 2908//2691 2912//2695 
f 2913//2696 2910//2693 2907//2690 2911//2694 
f 841//786 769//718 2864//2647 2914//2697 
f 2915//2698 2914//2697 2864//2647 
f 2913//2696 843//788 841//786 2914//2697 
f 2910//2693 2913//2696 2914//2697 2915//2698 
f 840//785 2916//2699 2857//2640 755//704 
f 837//782 2909//2692 2916//2699 840//785 
f 2916//2699 2915//2698 2859//2642 2857//2640 
f 2909//2692 2910//2693 2915//2698 2916//2699 
f 855//800 854//799 2917//2700 2918//2701 
f 2918//2701 2917//2700 2919//2702 2920//2703 
f 857//802 855//800 2918//2701 2921//2704 
f 2921//2704 2918//2701 2920//2703 2922//2705 
f 2923//2706 2924//2707 870//815 869//814 
f 2925//2708 2923//2706 869//814 864//809 
f 2920//2703 2919//2702 2924//2707 2923//2706 
f 2922//2705 2920//2703 2923//2706 2925//2708 
f 862//807 789//738 2875//2658 2926//2709 
f 2875//2658 2877//2660 2927//2710 2926//2709 
f 864//809 862//807 2926//2709 2925//2708 
f 2925//2708 2926//2709 2927//2710 2922//2705 
f 2928//2711 2869//2652 774//723 860//805 
f 2921//2704 2928//2711 860//805 857//802 
f 2928//2711 2927//2710 2877//2660 
f 2922//2705 2927//2710 2928//2711 2921//2704 
f 876//819 875//818 2929//2712 2930//2713 
f 2930//2713 2929//2712 2931//2714 2932//2715 
f 878//821 876//819 2930//2713 2933//2716 
f 2933//2716 2930//2713 2932//2715 2934//2717 
f 2935//2718 2936//2719 889//832 888//831 
f 2937//2720 2935//2718 888//831 883//826 
f 2932//2715 2931//2714 2936//2719 2935//2718 
f 2934//2717 2932//2715 2935//2718 2937//2720 
f 881//824 809//758 2888//2671 2938//2721 
f 2938//2721 2888//2671 2884//2667 2939//2722 
f 883//826 881//824 2938//2721 2937//2720 
f 2937//2720 2938//2721 2939//2722 2934//2717 
f 2940//2723 2882//2665 794//743 880//823 
f 2933//2716 2940//2723 880//823 878//821 
f 2939//2722 2884//2667 2882//2665 2940//2723 
f 2934//2717 2939//2722 2940//2723 2933//2716 
f 2941//2724 901//844 829//777 2904//2687 
f 2942//2725 2941//2724 2904//2687 2902//2685 
f 2943//2726 903//846 901//844 2941//2724 
f 2944//2727 2943//2726 2941//2724 2942//2725 
f 2945//2728 2899//2682 894//837 980//911 
f 2946//2729 2945//2728 980//911 977//908 
f 2945//2728 2942//2725 2902//2685 2899//2682 
f 2946//2729 2944//2727 2942//2725 2945//2728 
f 975//906 974//905 2947//2730 2948//2731 
f 2949//2732 2948//2731 2947//2730 2950//2733 
f 977//908 975//906 2948//2731 2946//2729 
f 2944//2727 2946//2729 2948//2731 2949//2732 
f 908//848 2951//2734 2952//2735 909//849 
f 903//846 2943//2726 2951//2734 908//848 
f 2951//2734 2949//2732 2950//2733 2952//2735 
f 2943//2726 2944//2727 2949//2732 2951//2734 
f 2953//2736 915//852 914//851 2954//2737 
f 2955//2738 2953//2736 2954//2737 2956//2739 
f 2957//2740 917//854 915//852 2953//2736 
f 2958//2741 2957//2740 2953//2736 2955//2738 
f 2959//2742 2960//2743 929//865 928//864 
f 2961//2744 2959//2742 928//864 923//859 
f 2959//2742 2955//2738 2956//2739 2960//2743 
f 2961//2744 2958//2741 2955//2738 2959//2742 
f 921//857 849//794 2912//2695 2962//2745 
f 2963//2746 2962//2745 2912//2695 2908//2691 
f 923//859 921//857 2962//2745 2961//2744 
f 2958//2741 2961//2744 2962//2745 2963//2746 
f 920//856 2964//2747 2906//2689 834//779 
f 917//854 2957//2740 2964//2747 920//856 
f 2964//2747 2963//2746 2908//2691 2906//2689 
f 2957//2740 2958//2741 2963//2746 2964//2747 
f 935//871 934//870 2965//2748 2966//2749 
f 2966//2749 2965//2748 2967//2750 2968//2751 
f 937//873 935//871 2966//2749 2969//2752 
f 2969//2752 2966//2749 2968//2751 2970//2753 
f 2971//2754 2972//2755 950//884 949//883 
f 2973//2756 2971//2754 949//883 944//880 
f 2968//2751 2967//2750 2972//2755 2971//2754 
f 2970//2753 2968//2751 2971//2754 2973//2756 
f 942//878 870//815 2924//2707 2974//2757 
f 2974//2757 2924//2707 2919//2702 2975//2758 
f 944//880 942//878 2974//2757 2973//2756 
f 2973//2756 2974//2757 2975//2758 2970//2753 
f 2976//2759 2917//2700 854//799 940//876 
f 2969//2752 2976//2759 940//876 937//873 
f 2975//2758 2919//2702 2917//2700 2976//2759 
f 2970//2753 2975//2758 2976//2759 2969//2752 
f 956//888 955//887 2977//2760 2978//2761 
f 2978//2761 2977//2760 2979//2762 2980//2763 
f 958//889 956//888 2978//2761 2981//2764 
f 2981//2764 2978//2761 2980//2763 2982//2765 
f 2983//2766 2984//2767 969//900 968//899 
f 2985//2768 2983//2766 968//899 963//894 
f 2980//2763 2979//2762 2984//2767 2983//2766 
f 2982//2765 2980//2763 2983//2766 2985//2768 
f 961//892 889//832 2936//2719 2986//2769 
f 2986//2769 2936//2719 2931//2714 2987//2770 
f 963//894 961//892 2986//2769 2985//2768 
f 2985//2768 2986//2769 2987//2770 2982//2765 
f 2988//2771 2929//2712 875//818 960//891 
f 2981//2764 2988//2771 960//891 958//889 
f 2987//2770 2931//2714 2929//2712 2988//2771 
f 2982//2765 2987//2770 2988//2771 2981//2764 
f 2989//2772 981//912 909//849 2952//2735 
f 2990//2773 2989//2772 2952//2735 2950//2733 
f 2991//2774 983//914 981//912 2989//2772 
f 2992//2775 2991//2774 2989//2772 2990//2773 
f 2993//2776 2947//2730 974//905 1060//985 
f 2994//2777 2993//2776 1060//985 1057//982 
f 2993//2776 2990//2773 2950//2733 2947//2730 
f 2994//2777 2992//2775 2990//2773 2993//2776 
f 1055//980 1054//979 2995//2778 2996//2779 
f 2996//2779 2995//2778 2997//2780 2998//2781 
f 1057//982 1055//980 2996//2779 2994//2777 
f 2992//2775 2994//2777 2996//2779 2998//2781 
f 988//918 2999//2782 3000//2783 989//919 
f 983//914 2991//2774 2999//2782 988//918 
f 2999//2782 2998//2781 2997//2780 3000//2783 
f 2991//2774 2992//2775 2998//2781 2999//2782 
f 3001//2784 995//924 994//923 3002//2785 
f 3003//2786 3001//2784 3002//2785 3004//2787 
f 3005//2788 997//926 995//924 3001//2784 
f 3006//2789 3005//2788 3001//2784 3003//2786 
f 3007//2790 3008//2791 1009//938 1008//937 
f 3009//2792 3007//2790 1008//937 1003//932 
f 3003//2786 3004//2787 3008//2791 3007//2790 
f 3009//2792 3006//2789 3003//2786 3007//2790 
f 1001//930 929//865 2960//2743 3010//2793 
f 3011//2794 3010//2793 2960//2743 2956//2739 
f 1003//932 1001//930 3010//2793 3009//2792 
f 3006//2789 3009//2792 3010//2793 3011//2794 
f 1000//929 3012//2795 2954//2737 914//851 
f 997//926 3005//2788 3012//2795 1000//929 
f 3012//2795 3011//2794 2956//2739 2954//2737 
f 3005//2788 3006//2789 3011//2794 3012//2795 
f 1015//944 1014//943 3013//2796 3014//2797 
f 3014//2797 3013//2796 3015//2798 3016//2799 
f 1017//946 1015//944 3014//2797 3017//2800 
f 3017//2800 3014//2797 3016//2799 3018//2801 
f 3019//2802 3020//2803 1030//957 1029//956 
f 3021//2804 3019//2802 1029//956 1024//953 
f 3016//2799 3015//2798 3020//2803 3019//2802 
f 3018//2801 3016//2799 3019//2802 3021//2804 
f 1022//951 950//884 2972//2755 3022//2805 
f 3022//2805 2972//2755 2967//2750 3023//2806 
f 1024//953 1022//951 3022//2805 3021//2804 
f 3021//2804 3022//2805 3023//2806 3018//2801 
f 3024//2807 2965//2748 934//870 1020//949 
f 3017//2800 3024//2807 1020//949 1017//946 
f 3023//2806 2967//2750 2965//2748 3024//2807 
f 3018//2801 3023//2806 3024//2807 3017//2800 
f 1036//962 1035//961 3025//2808 3026//2809 
f 3026//2809 3025//2808 3027//2810 3028//2811 
f 1038//964 1036//962 3026//2809 3029//2812 
f 3029//2812 3026//2809 3028//2811 3030//2813 
f 3031//2814 3032//2815 1049//974 1048//973 
f 3033//2816 3031//2814 1048//973 1043//968 
f 3028//2811 3027//2810 3032//2815 3031//2814 
f 3030//2813 3028//2811 3031//2814 3033//2816 
f 1041//966 969//900 2984//2767 3034//2817 
f 3034//2817 2984//2767 2979//2762 3035//2818 
f 1043//968 1041//966 3034//2817 3033//2816 
f 3033//2816 3034//2817 3035//2818 3030//2813 
f 3036//2819 2977//2760 955//887 1040//965 
f 3029//2812 3036//2819 1040//965 1038//964 
f 3035//2818 2979//2762 2977//2760 3036//2819 
f 3030//2813 3035//2818 3036//2819 3029//2812 
f 1062//987 989//919 3000//2783 3037//2820 
f 3037//2820 3000//2783 2997//2780 3038//2821 
f 1064//989 1062//987 3037//2820 3039//2822 
f 3039//2822 3037//2820 3038//2821 3040//2823 
f 3041//2824 2995//2778 1054//979 1140//1058 
f 3042//2825 3041//2824 1140//1058 1137//1055 
f 3038//2821 2997//2780 2995//2778 3041//2824 
f 3040//2823 3038//2821 3041//2824 3042//2825 
f 1135//1053 1134//1052 3043//2826 3044//2827 
f 3044//2827 3043//2826 3045//2828 3046//2829 
f 1137//1055 1135//1053 3044//2827 3042//2825 
f 3042//2825 3044//2827 3046//2829 3040//2823 
f 3047//2830 3048//2831 1070//993 1069//992 
f 3039//2822 3047//2830 1069//992 1064//989 
f 3046//2829 3045//2828 3048//2831 3047//2830 
f 3040//2823 3046//2829 3047//2830 3039//2822 
f 1076//997 1075//996 3049//2832 3050//2833 
f 3050//2833 3049//2832 3051//2834 3052//2835 
f 1078//999 1076//997 3050//2833 3053//2836 
f 3053//2836 3050//2833 3052//2835 3054//2837 
f 3055//2838 3056//2839 1089//1010 1088//1009 
f 3057//2840 3055//2838 1088//1009 1083//1004 
f 3052//2835 3051//2834 3056//2839 3055//2838 
f 3054//2837 3052//2835 3055//2838 3057//2840 
f 1081//1002 1009//938 3008//2791 3058//2841 
f 3058//2841 3008//2791 3004//2787 3059//2842 
f 1083//1004 1081//1002 3058//2841 3057//2840 
f 3057//2840 3058//2841 3059//2842 3054//2837 
f 3060//2843 3002//2785 994//923 1080//1001 
f 3053//2836 3060//2843 1080//1001 1078//999 
f 3059//2842 3004//2787 3002//2785 3060//2843 
f 3054//2837 3059//2842 3060//2843 3053//2836 
f 1095//1016 1094//1015 3061//2844 3062//2845 
f 3063//2846 3062//2845 3061//2844 3064//2847 
f 1097//1018 1095//1016 3062//2845 3065//2848 
f 3066//2849 3065//2848 3062//2845 3063//2846 
f 1108//1028 3067//2850 3068//2851 1109//1029 
f 1103//1024 3069//2852 3067//2850 1108//1028 
f 3067//2850 3063//2846 3064//2847 3068//2851 
f 3069//2852 3066//2849 3063//2846 3067//2850 
f 3070//2853 1101//1022 1030//957 3020//2803 
f 3071//2854 3070//2853 3020//2803 3015//2798 
f 3069//2852 1103//1024 1101//1022 3070//2853 
f 3066//2849 3069//2852 3070//2853 3071//2854 
f 3072//2855 3013//2796 1014//943 1100//1021 
f 3065//2848 3072//2855 1100//1021 1097//1018 
f 3071//2854 3015//2798 3013//2796 3072//2855 
f 3065//2848 3066//2849 3071//2854 3072//2855 
f 3073//2856 1115//1033 1114//1032 3074//2857 
f 3075//2858 3073//2856 3074//2857 3076//2859 
f 3077//2860 1117//1035 1115//1033 3073//2856 
f 3078//2861 3077//2860 3073//2856 3075//2858 
f 3079//2862 3080//2863 1129//1047 1128//1046 
f 3081//2864 3079//2862 1128//1046 1123//1041 
f 3079//2862 3075//2858 3076//2859 3080//2863 
f 3081//2864 3078//2861 3075//2858 3079//2862 
f 1121//1039 1049//974 3032//2815 3082//2865 
f 3082//2865 3032//2815 3027//2810 3083//2866 
f 1123//1041 1121//1039 3082//2865 3081//2864 
f 3078//2861 3081//2864 3082//2865 3083//2866 
f 1120//1038 3084//2867 3025//2808 1035//961 
f 1117//1035 3077//2860 3084//2867 1120//1038 
f 3084//2867 3083//2866 3027//2810 3025//2808 
f 3077//2860 3078//2861 3083//2866 3084//2867 
f 1142//1060 1070//993 3048//2831 3085//2868 
f 3085//2868 3048//2831 3045//2828 3086//2869 
f 1144//1061 1142//1060 3085//2868 3087//2870 
f 3087//2870 3085//2868 3086//2869 3088//2871 
f 3089//2872 3043//2826 1134//1052 1220//1124 
f 3090//2873 3089//2872 1220//1124 1217//1121 
f 3086//2869 3045//2828 3043//2826 3089//2872 
f 3088//2871 3086//2869 3089//2872 3090//2873 
f 1215//1119 1214//1118 3091//2874 3092//2875 
f 3092//2875 3091//2874 3093//2876 3094//2877 
f 1217//1121 1215//1119 3092//2875 3090//2873 
f 3090//2873 3092//2875 3094//2877 3088//2871 
f 3095//2878 3096//2879 1150//1064 1149//1063 
f 3087//2870 3095//2878 1149//1063 1144//1061 
f 3094//2877 3093//2876 3096//2879 3095//2878 
f 3088//2871 3094//2877 3095//2878 3087//2870 
f 1156//1068 1155//1067 3097//2880 3098//2881 
f 3098//2881 3097//2880 3099//2882 3100//2883 
f 1158//1070 1156//1068 3098//2881 3101//2884 
f 3101//2884 3098//2881 3100//2883 3102//2885 
f 3103//2886 3104//2887 1169//1080 1168//1079 
f 3105//2888 3103//2886 1168//1079 1163//1074 
f 3100//2883 3099//2882 3104//2887 3103//2886 
f 3102//2885 3100//2883 3103//2886 3105//2888 
f 1161//1072 1089//1010 3056//2839 3106//2889 
f 3106//2889 3056//2839 3051//2834 3107//2890 
f 1163//1074 1161//1072 3106//2889 3105//2888 
f 3105//2888 3106//2889 3107//2890 3102//2885 
f 3108//2891 3049//2832 1075//996 1160//1071 
f 3101//2884 3108//2891 1160//1071 1158//1070 
f 3107//2890 3051//2834 3049//2832 3108//2891 
f 3102//2885 3107//2890 3108//2891 3101//2884 
f 1175//1086 1174//1085 3109//2892 3110//2893 
f 3111//2894 3110//2893 3109//2892 3112//2895 
f 1177//1088 1175//1086 3110//2893 3113//2896 
f 3114//2897 3113//2896 3110//2893 3111//2894 
f 1188//1096 3115//2898 3116//2899 1189//1097 
f 1183//1094 3117//2900 3115//2898 1188//1096 
f 3115//2898 3111//2894 3112//2895 3116//2899 
f 3117//2900 3114//2897 3111//2894 3115//2898 
f 3118//2901 1181//1092 1109//1029 3068//2851 
f 3119//2902 3118//2901 3068//2851 3064//2847 
f 3117//2900 1183//1094 1181//1092 3118//2901 
f 3114//2897 3117//2900 3118//2901 3119//2902 
f 3120//2903 3061//2844 1094//1015 1180//1091 
f 3113//2896 3120//2903 1180//1091 1177//1088 
f 3120//2903 3119//2902 3064//2847 3061//2844 
f 3113//2896 3114//2897 3119//2902 3120//2903 
f 3121//2904 1195//1101 1194//1100 3122//2905 
f 3123//2906 3121//2904 3122//2905 3124//2907 
f 3125//2908 1197//1103 1195//1101 3121//2904 
f 3126//2909 3125//2908 3121//2904 3123//2906 
f 3127//2910 3128//2911 1209//1113 1208//1112 
f 3129//2912 3127//2910 1208//1112 1203//1107 
f 3127//2910 3123//2906 3124//2907 3128//2911 
f 3129//2912 3126//2909 3123//2906 3127//2910 
f 1201//1105 1129//1047 3080//2863 3130//2913 
f 3131//2914 3130//2913 3080//2863 3076//2859 
f 1203//1107 1201//1105 3130//2913 3129//2912 
f 3126//2909 3129//2912 3130//2913 3131//2914 
f 1200//1104 3132//2915 3074//2857 1114//1032 
f 1197//1103 3125//2908 3132//2915 1200//1104 
f 3132//2915 3131//2914 3076//2859 3074//2857 
f 3125//2908 3126//2909 3131//2914 3132//2915 
f 1222//1126 1150//1064 3096//2879 3133//2916 
f 3133//2916 3096//2879 3093//2876 3134//2917 
f 1224//1128 1222//1126 3133//2916 3135//2918 
f 3135//2918 3133//2916 3134//2917 3136//2919 
f 3137//2920 3091//2874 1214//1118 1300//1200 
f 3138//2921 3137//2920 1300//1200 1297//1197 
f 3134//2917 3093//2876 3091//2874 3137//2920 
f 3136//2919 3134//2917 3137//2920 3138//2921 
f 1295//1195 1294//1194 3139//2922 3140//2923 
f 3140//2923 3139//2922 3141//2924 3142//2925 
f 1297//1197 1295//1195 3140//2923 3138//2921 
f 3138//2921 3140//2923 3142//2925 3136//2919 
f 3143//2926 3144//2927 1230//1133 1229//1132 
f 3135//2918 3143//2926 1229//1132 1224//1128 
f 3142//2925 3141//2924 3144//2927 3143//2926 
f 3136//2919 3142//2925 3143//2926 3135//2918 
f 1236//1138 1235//1137 3145//2928 3146//2929 
f 3145//2928 3147//2930 3148//2931 3146//2929 
f 1238//1140 1236//1138 3146//2929 3149//2932 
f 3149//2932 3146//2929 3148//2931 3150//2933 
f 3151//2934 3152//2935 1249//1151 1248//1150 
f 3153//2936 3151//2934 1248//1150 1243//1145 
f 3151//2934 3148//2931 3147//2930 
f 3150//2933 3148//2931 3151//2934 3153//2936 
f 1241//1143 1169//1080 3104//2887 3154//2937 
f 3154//2937 3104//2887 3099//2882 3155//2938 
f 1243//1145 1241//1143 3154//2937 3153//2936 
f 3153//2936 3154//2937 3155//2938 3150//2933 
f 3156//2939 3097//2880 1155//1067 1240//1142 
f 3149//2932 3156//2939 1240//1142 1238//1140 
f 3155//2938 3099//2882 3097//2880 3156//2939 
f 3150//2933 3155//2938 3156//2939 3149//2932 
f 1255//1157 1254//1156 3157//2940 3158//2941 
f 3159//2942 3158//2941 3157//2940 
f 3160//2943 1257//1159 1255//1157 3158//2941 
f 3161//2944 3160//2943 3158//2941 3159//2942 
f 1268//1169 3162//2945 3163//2946 1269//1170 
f 1263//1165 3164//2947 3162//2945 1268//1169 
f 3162//2945 3159//2942 3165//2948 3163//2946 
f 3164//2947 3161//2944 3159//2942 3162//2945 
f 3166//2949 1261//1163 1189//1097 3116//2899 
f 3167//2950 3166//2949 3116//2899 3112//2895 
f 3164//2947 1263//1165 1261//1163 3166//2949 
f 3161//2944 3164//2947 3166//2949 3167//2950 
f 3168//2951 3109//2892 1174//1085 1260//1162 
f 1257//1159 3160//2943 3168//2951 1260//1162 
f 3168//2951 3167//2950 3112//2895 3109//2892 
f 3160//2943 3161//2944 3167//2950 3168//2951 
f 3169//2952 1275//1176 1274//1175 3170//2953 
f 3171//2954 3169//2952 3170//2953 3172//2955 
f 3173//2956 1277//1178 1275//1176 3169//2952 
f 3174//2957 3173//2956 3169//2952 3171//2954 
f 3175//2958 3176//2959 1289//1151 1288//1189 
f 3177//2960 3175//2958 1288//1189 1283//1184 
f 3175//2958 3171//2954 3172//2955 3176//2959 
f 3177//2960 3174//2957 3171//2954 3175//2958 
f 1281//1182 1209//1113 3128//2911 3178//2961 
f 3179//2962 3178//2961 3128//2911 3124//2907 
f 1283//1184 1281//1182 3178//2961 3177//2960 
f 3174//2957 3177//2960 3178//2961 3179//2962 
f 1280//1181 3180//2963 3122//2905 1194//1100 
f 1277//1178 3173//2956 3180//2963 1280//1181 
f 3180//2963 3179//2962 3124//2907 3122//2905 
f 3173//2956 3174//2957 3179//2962 3180//2963 
f 3181//2964 1301//1201 1230//1133 3144//2927 
f 3182//2965 3181//2964 3144//2927 3141//2924 
f 3183//2966 1303//1203 1301//1201 3181//2964 
f 3184//2967 3183//2966 3181//2964 3182//2965 
f 3185//2968 3139//2922 1294//1194 1380//1274 
f 3186//2969 3185//2968 1380//1274 1377//1271 
f 3185//2968 3182//2965 3141//2924 3139//2922 
f 3186//2969 3184//2967 3182//2965 3185//2968 
f 1375//1269 1374//1268 3187//2970 3188//2971 
f 3189//2972 3188//2971 3187//2970 3190//2973 
f 1377//1271 1375//1269 3188//2971 3186//2969 
f 3184//2967 3186//2969 3188//2971 3189//2972 
f 1308//1207 3191//2974 3192//2975 1309//1208 
f 1303//1203 3183//2966 3191//2974 1308//1207 
f 3191//2974 3189//2972 3190//2973 3192//2975 
f 3183//2966 3184//2967 3189//2972 3191//2974 
f 3193//2976 1315//1212 1314//1211 3194//2977 
f 3195//2978 3193//2976 3194//2977 3196//2979 
f 3197//2980 1317//1214 1315//1212 3193//2976 
f 3198//2981 3197//2980 3193//2976 3195//2978 
f 3199//2982 3200//2983 1329//1226 1328//1225 
f 1323//1220 3201//2984 3199//2982 1328//1225 
f 3199//2982 3195//2978 3196//2979 3200//2983 
f 3201//2984 3198//2981 3195//2978 3199//2982 
f 1321//1218 1249//1151 3152//2935 3202//2985 
f 3203//2986 3202//2985 3152//2935 
f 3201//2984 1323//1220 1321//1218 3202//2985 
f 3198//2981 3201//2984 3202//2985 3203//2986 
f 1320//1217 3204//2987 3145//2928 1235//1137 
f 1317//1214 3197//2980 3204//2987 1320//1217 
f 3204//2987 3203//2986 3147//2930 3145//2928 
f 3197//2980 3198//2981 3203//2986 3204//2987 
f 1335//1232 1334//1231 3205//2988 3206//2989 
f 3206//2989 3205//2988 3207//2990 3208//2991 
f 1337//1234 1335//1232 3206//2989 3209//2992 
f 3209//2992 3206//2989 3208//2991 3210//2993 
f 3211//2994 3212//2995 1350//1246 1349//1245 
f 3213//2996 3211//2994 1349//1245 1344//1241 
f 3208//2991 3207//2990 3212//2995 3211//2994 
f 3210//2993 3208//2991 3211//2994 3213//2996 
f 1342//1239 1269//1170 3163//2946 3214//2997 
f 3163//2946 3165//2948 3215//2998 3214//2997 
f 1344//1241 1342//1239 3214//2997 3213//2996 
f 3213//2996 3214//2997 3215//2998 3210//2993 
f 3216//2999 3157//2940 1254//1156 1340//1237 
f 3209//2992 3216//2999 1340//1237 1337//1234 
f 3216//2999 3215//2998 3165//2948 
f 3210//2993 3215//2998 3216//2999 3209//2992 
f 1356//1250 1355//1249 3217//3000 3218//3001 
f 3218//3001 3217//3000 3219//3002 3220//3003 
f 1358//1252 1356//1250 3218//3001 3221//3004 
f 3221//3004 3218//3001 3220//3003 3222//3005 
f 3223//3006 3224//3007 1369//1263 1368//1262 
f 3225//3008 3223//3006 1368//1262 1363//1257 
f 3220//3003 3219//3002 3224//3007 3223//3006 
f 3222//3005 3220//3003 3223//3006 3225//3008 
f 1361//1255 1289//1151 3176//2959 3226//3009 
f 3226//3009 3176//2959 3172//2955 3227//3010 
f 1363//1257 1361//1255 3226//3009 3225//3008 
f 3225//3008 3226//3009 3227//3010 3222//3005 
f 3228//3011 3170//2953 1274//1175 1360//1254 
f 3221//3004 3228//3011 1360//1254 1358//1252 
f 3227//3010 3172//2955 3170//2953 3228//3011 
f 3222//3005 3227//3010 3228//3011 3221//3004 
f 3229//3012 1381//1275 1309//1208 3192//2975 
f 3230//3013 3229//3012 3192//2975 3190//2973 
f 3231//3014 1383//1277 1381//1275 3229//3012 
f 3232//3015 3231//3014 3229//3012 3230//3013 
f 3233//3016 3187//2970 1374//1268 1460//1340 
f 3234//3017 3233//3016 1460//1340 1457//1337 
f 3233//3016 3230//3013 3190//2973 3187//2970 
f 3234//3017 3232//3015 3230//3013 3233//3016 
f 1455//1335 1454//1334 3235//3018 3236//3019 
f 3237//3020 3236//3019 3235//3018 3238//3021 
f 1457//1337 1455//1335 3236//3019 3234//3017 
f 3232//3015 3234//3017 3236//3019 3237//3020 
f 1388//1279 3239//3022 3240//3023 1389//1280 
f 1383//1277 3231//3014 3239//3022 1388//1279 
f 3239//3022 3237//3020 3238//3021 3240//3023 
f 3231//3014 3232//3015 3237//3020 3239//3022 
f 3241//3024 1395//1284 1394//1283 3242//3025 
f 3243//3026 3241//3024 3242//3025 3244//3027 
f 3245//3028 1397//1286 1395//1284 3241//3024 
f 3246//3029 3245//3028 3241//3024 3243//3026 
f 3247//3030 3248//3031 1409//1296 1408//1295 
f 3249//3032 3247//3030 1408//1295 1403//1290 
f 3247//3030 3243//3026 3244//3027 3248//3031 
f 3249//3032 3246//3029 3243//3026 3247//3030 
f 1401//1288 1329//1226 3200//2983 3250//3033 
f 3251//3034 3250//3033 3200//2983 3196//2979 
f 1403//1290 1401//1288 3250//3033 3249//3032 
f 3246//3029 3249//3032 3250//3033 3251//3034 
f 1400//1287 3252//3035 3194//2977 1314//1211 
f 1397//1286 3245//3028 3252//3035 1400//1287 
f 3252//3035 3251//3034 3196//2979 3194//2977 
f 3245//3028 3246//3029 3251//3034 3252//3035 
f 1415//1302 1414//1301 3253//3036 3254//3037 
f 3254//3037 3253//3036 3255//3038 3256//3039 
f 1417//1304 1415//1302 3254//3037 3257//3040 
f 3257//3040 3254//3037 3256//3039 3258//3041 
f 3259//3042 3260//3043 1430//1314 1429//1313 
f 3261//3044 3259//3042 1429//1313 1424//1311 
f 3256//3039 3255//3038 3260//3043 3259//3042 
f 3258//3041 3256//3039 3259//3042 3261//3044 
f 1422//1309 1350//1246 3212//2995 3262//3045 
f 3262//3045 3212//2995 3207//2990 3263//3046 
f 1424//1311 1422//1309 3262//3045 3261//3044 
f 3261//3044 3262//3045 3263//3046 3258//3041 
f 3264//3047 3205//2988 1334//1231 1420//1307 
f 3257//3040 3264//3047 1420//1307 1417//1304 
f 3263//3046 3207//2990 3205//2988 3264//3047 
f 3258//3041 3263//3046 3264//3047 3257//3040 
f 1436//1317 1435//1316 3265//3048 3266//3049 
f 3266//3049 3265//3048 3267//3050 3268//3051 
f 1438//1318 1436//1317 3266//3049 3269//3052 
f 3269//3052 3266//3049 3268//3051 3270//3053 
f 3271//3054 3272//3055 1449//1329 1448//1328 
f 3273//3056 3271//3054 1448//1328 1443//1323 
f 3268//3051 3267//3050 3272//3055 3271//3054 
f 3270//3053 3268//3051 3271//3054 3273//3056 
f 1441//1321 1369//1263 3224//3007 3274//3057 
f 3274//3057 3224//3007 3219//3002 3275//3058 
f 1443//1323 1441//1321 3274//3057 3273//3056 
f 3273//3056 3274//3057 3275//3058 3270//3053 
f 3276//3059 3217//3000 1355//1249 1440//1320 
f 3269//3052 3276//3059 1440//1320 1438//1318 
f 3275//3058 3219//3002 3217//3000 3276//3059 
f 3270//3053 3275//3058 3276//3059 3269//3052 
f 3277//3060 1461//1341 1389//1280 3240//3023 
f 3278//3061 3277//3060 3240//3023 3238//3021 
f 3279//3062 1463//1342 1461//1341 3277//3060 
f 3280//3063 3279//3062 3277//3060 3278//3061 
f 3281//3064 3235//3018 1454//1334 1540//1413 
f 3282//3065 3281//3064 1540//1413 1537//1410 
f 3281//3064 3278//3061 3238//3021 3235//3018 
f 3282//3065 3280//3063 3278//3061 3281//3064 
f 1535//1408 1534//1407 3283//3066 3284//3067 
f 3284//3067 3283//3066 3285//3068 3286//3069 
f 1537//1410 1535//1408 3284//3067 3282//3065 
f 3280//3063 3282//3065 3284//3067 3286//3069 
f 1468//1346 3287//3070 3288//3071 1469//1347 
f 1463//1342 3279//3062 3287//3070 1468//1346 
f 3287//3070 3286//3069 3285//3068 3288//3071 
f 3279//3062 3280//3063 3286//3069 3287//3070 
f 3289//3072 1475//1351 1474//1350 3290//3073 
f 3291//3074 3289//3072 3290//3073 3292//3075 
f 3293//3076 1477//1353 1475//1351 3289//3072 
f 3294//3077 3293//3076 3289//3072 3291//3074 
f 3295//3078 3296//3079 1489//1365 1488//1364 
f 3297//3080 3295//3078 1488//1364 1483//1359 
f 3291//3074 3292//3075 3296//3079 3295//3078 
f 3297//3080 3294//3077 3291//3074 3295//3078 
f 1481//1357 1409//1296 3248//3031 3298//3081 
f 3299//3082 3298//3081 3248//3031 3244//3027 
f 1483//1359 1481//1357 3298//3081 3297//3080 
f 3294//3077 3297//3080 3298//3081 3299//3082 
f 1480//1356 3300//3083 3242//3025 1394//1283 
f 1477//1353 3293//3076 3300//3083 1480//1356 
f 3300//3083 3299//3082 3244//3027 3242//3025 
f 3293//3076 3294//3077 3299//3082 3300//3083 
f 1495//1371 1494//1370 3301//3084 3302//3085 
f 3302//3085 3301//3084 3303//3086 3304//3087 
f 1497//1373 1495//1371 3302//3085 3305//3088 
f 3305//3088 3302//3085 3304//3087 3306//3089 
f 3307//3090 3308//3091 1510//1385 1509//1384 
f 3309//3092 3307//3090 1509//1384 1504//1380 
f 3304//3087 3303//3086 3308//3091 3307//3090 
f 3306//3089 3304//3087 3307//3090 3309//3092 
f 1502//1378 1430//1314 3260//3043 3310//3093 
f 3310//3093 3260//3043 3255//3038 3311//3094 
f 1504//1380 1502//1378 3310//3093 3309//3092 
f 3309//3092 3310//3093 3311//3094 3306//3089 
f 3312//3095 3253//3036 1414//1301 1500//1376 
f 3305//3088 3312//3095 1500//1376 1497//1373 
f 3311//3094 3255//3038 3253//3036 3312//3095 
f 3306//3089 3311//3094 3312//3095 3305//3088 
f 1516//1389 1515//1388 3313//3096 3314//3097 
f 3314//3097 3313//3096 3315//3098 3316//3099 
f 1518//1391 1516//1389 3314//3097 3317//3100 
f 3317//3100 3314//3097 3316//3099 3318//3101 
f 3319//3102 3320//3103 1529//1402 1528//1401 
f 3321//3104 3319//3102 1528//1401 1523//1396 
f 3316//3099 3315//3098 3320//3103 3319//3102 
f 3318//3101 3316//3099 3319//3102 3321//3104 
f 1521//1394 1449//1329 3272//3055 3322//3105 
f 3322//3105 3272//3055 3267//3050 3323//3106 
f 1523//1396 1521//1394 3322//3105 3321//3104 
f 3321//3104 3322//3105 3323//3106 3318//3101 
f 3324//3107 3265//3048 1435//1316 1520//1393 
f 3317//3100 3324//3107 1520//1393 1518//1391 
f 3323//3106 3267//3050 3265//3048 3324//3107 
f 3318//3101 3323//3106 3324//3107 3317//3100 
f 1542//1415 1469//1347 3288//3071 3325//3108 
f 3325//3108 3288//3071 3285//3068 3326//3109 
f 1544//1417 1542//1415 3325//3108 3327//3110 
f 3327//3110 3325//3108 3326//3109 3328//3111 
f 3329//3112 3283//3066 1534//1407 1620//1489 
f 3330//3113 3329//3112 1620//1489 1617//1486 
f 3326//3109 3285//3068 3283//3066 3329//3112 
f 3328//3111 3326//3109 3329//3112 3330//3113 
f 1615//1484 1614//1483 3331//3114 3332//3115 
f 3332//3115 3331//3114 3333//3116 3334//3117 
f 1617//1486 1615//1484 3332//3115 3330//3113 
f 3330//3113 3332//3115 3334//3117 3328//3111 
f 3335//3118 3336//3119 1550//1423 1549//1422 
f 3327//3110 3335//3118 1549//1422 1544//1417 
f 3334//3117 3333//3116 3336//3119 3335//3118 
f 3328//3111 3334//3117 3335//3118 3327//3110 
f 1556//1427 1555//1426 3337//3120 3338//3121 
f 3338//3121 3337//3120 3339//3122 3340//3123 
f 1558//1429 1556//1427 3338//3121 3341//3124 
f 3341//3124 3338//3121 3340//3123 3342//3125 
f 3343//3126 3344//3127 1569//1440 1568//1439 
f 3345//3128 3343//3126 1568//1439 1563//1434 
f 3340//3123 3339//3122 3344//3127 3343//3126 
f 3342//3125 3340//3123 3343//3126 3345//3128 
f 1561//1432 1489//1365 3296//3079 3346//3129 
f 3346//3129 3296//3079 3292//3075 3347//3130 
f 1563//1434 1561//1432 3346//3129 3345//3128 
f 3345//3128 3346//3129 3347//3130 3342//3125 
f 3348//3131 3290//3073 1474//1350 1560//1431 
f 3341//3124 3348//3131 1560//1431 1558//1429 
f 3347//3130 3292//3075 3290//3073 3348//3131 
f 3342//3125 3347//3130 3348//3131 3341//3124 
f 1575//1446 1574//1445 3349//3132 3350//3133 
f 3351//3134 3350//3133 3349//3132 3352//3135 
f 1577//1448 1575//1446 3350//3133 3353//3136 
f 3354//3137 3353//3136 3350//3133 3351//3134 
f 1588//1459 3355//3138 3356//3139 1589//1460 
f 1583//1454 3357//3140 3355//3138 1588//1459 
f 3355//3138 3351//3134 3352//3135 3356//3139 
f 3357//3140 3354//3137 3351//3134 3355//3138 
f 3358//3141 1581//1452 1510//1385 3308//3091 
f 3359//3142 3358//3141 3308//3091 3303//3086 
f 3357//3140 1583//1454 1581//1452 3358//3141 
f 3354//3137 3357//3140 3358//3141 3359//3142 
f 3360//3143 3301//3084 1494//1370 1580//1451 
f 3353//3136 3360//3143 1580//1451 1577//1448 
f 3359//3142 3303//3086 3301//3084 3360//3143 
f 3353//3136 3354//3137 3359//3142 3360//3143 
f 3361//3144 1595//1464 1594//1463 3362//3145 
f 3363//3146 3361//3144 3362//3145 3364//3147 
f 3365//3148 1597//1466 1595//1464 3361//3144 
f 3366//3149 3365//3148 3361//3144 3363//3146 
f 3367//3150 3368//3151 1609//1478 1608//1477 
f 3369//3152 3367//3150 1608//1477 1603//1472 
f 3367//3150 3363//3146 3364//3147 3368//3151 
f 3369//3152 3366//3149 3363//3146 3367//3150 
f 1601//1470 1529//1402 3320//3103 3370//3153 
f 3370//3153 3320//3103 3315//3098 3371//3154 
f 1603//1472 1601//1470 3370//3153 3369//3152 
f 3366//3149 3369//3152 3370//3153 3371//3154 
f 1600//1469 3372//3155 3313//3096 1515//1388 
f 1597//1466 3365//3148 3372//3155 1600//1469 
f 3372//3155 3371//3154 3315//3098 3313//3096 
f 3365//3148 3366//3149 3371//3154 3372//3155 
f 1622//1490 1550//1423 3336//3119 3373//3156 
f 3373//3156 3336//3119 3333//3116 3374//3157 
f 1624//1491 1622//1490 3373//3156 3375//3158 
f 3375//3158 3373//3156 3374//3157 3376//3159 
f 3377//3160 3331//3114 1614//1483 1700//1555 
f 3378//3161 3377//3160 1700//1555 1697//1552 
f 3374//3157 3333//3116 3331//3114 3377//3160 
f 3376//3159 3374//3157 3377//3160 3378//3161 
f 1695//1550 1694//1549 3379//3162 3380//3163 
f 3380//3163 3379//3162 3381//3164 3382//3165 
f 1697//1552 1695//1550 3380//3163 3378//3161 
f 3378//3161 3380//3163 3382//3165 3376//3159 
f 3383//3166 3384//3167 1630//1494 1629//1493 
f 3375//3158 3383//3166 1629//1493 1624//1491 
f 3382//3165 3381//3164 3384//3167 3383//3166 
f 3376//3159 3382//3165 3383//3166 3375//3158 
f 1636//1498 1635//1497 3385//3168 3386//3169 
f 3386//3169 3385//3168 3387//3170 3388//3171 
f 1638//1500 1636//1498 3386//3169 3389//3172 
f 3389//3172 3386//3169 3388//3171 3390//3173 
f 3391//3174 3392//3175 1649//1510 1648//1509 
f 3393//3176 3391//3174 1648//1509 1643//1504 
f 3388//3171 3387//3170 3392//3175 3391//3174 
f 3390//3173 3388//3171 3391//3174 3393//3176 
f 1641//1502 1569//1440 3344//3127 3394//3177 
f 3394//3177 3344//3127 3339//3122 3395//3178 
f 1643//1504 1641//1502 3394//3177 3393//3176 
f 3393//3176 3394//3177 3395//3178 3390//3173 
f 3396//3179 3337//3120 1555//1426 1640//1501 
f 3389//3172 3396//3179 1640//1501 1638//1500 
f 3395//3178 3339//3122 3337//3120 3396//3179 
f 3390//3173 3395//3178 3396//3179 3389//3172 
f 1655//1516 1654//1515 3397//3180 3398//3181 
f 3399//3182 3398//3181 3397//3180 3400//3183 
f 1657//1518 1655//1516 3398//3181 3401//3184 
f 3402//3185 3401//3184 3398//3181 3399//3182 
f 1668//1527 3403//3186 3404//3187 1669//1528 
f 1663//1524 3405//3188 3403//3186 1668//1527 
f 3403//3186 3399//3182 3400//3183 3404//3187 
f 3405//3188 3402//3185 3399//3182 3403//3186 
f 3406//3189 1661//1522 1589//1460 3356//3139 
f 3407//3190 3406//3189 3356//3139 3352//3135 
f 3405//3188 1663//1524 1661//1522 3406//3189 
f 3402//3185 3405//3188 3406//3189 3407//3190 
f 3408//3191 3349//3132 1574//1445 1660//1521 
f 3401//3184 3408//3191 1660//1521 1657//1518 
f 3408//3191 3407//3190 3352//3135 3349//3132 
f 3401//3184 3402//3185 3407//3190 3408//3191 
f 3409//3192 1675//1532 1674//1531 3410//3193 
f 3411//3194 3409//3192 3410//3193 3412//3195 
f 3413//3196 1677//1533 1675//1532 3409//3192 
f 3414//3197 3413//3196 3409//3192 3411//3194 
f 3415//3198 3416//3199 1689//1544 1688//1543 
f 3417//3200 3415//3198 1688//1543 1683//1538 
f 3415//3198 3411//3194 3412//3195 3416//3199 
f 3417//3200 3414//3197 3411//3194 3415//3198 
f 1681//1536 1609//1478 3368//3151 3418//3201 
f 3419//3202 3418//3201 3368//3151 3364//3147 
f 1683//1538 1681//1536 3418//3201 3417//3200 
f 3414//3197 3417//3200 3418//3201 3419//3202 
f 1680//1535 3420//3203 3362//3145 1594//1463 
f 1677//1533 3413//3196 3420//3203 1680//1535 
f 3420//3203 3419//3202 3364//3147 3362//3145 
f 3413//3196 3414//3197 3419//3202 3420//3203 
f 1702//1557 1630//1494 3384//3167 3421//3204 
f 3421//3204 3384//3167 3381//3164 3422//3205 
f 1704//1559 1702//1557 3421//3204 3423//3206 
f 3423//3206 3421//3204 3422//3205 3424//3207 
f 3425//3208 3379//3162 1694//1549 1780//1631 
f 3426//3209 3425//3208 1780//1631 1777//1628 
f 3422//3205 3381//3164 3379//3162 3425//3208 
f 3424//3207 3422//3205 3425//3208 3426//3209 
f 1775//1626 1774//1625 3427//3210 3428//3211 
f 3428//3211 3427//3210 3429//3212 3430//3213 
f 1777//1628 1775//1626 3428//3211 3426//3209 
f 3426//3209 3428//3211 3430//3213 3424//3207 
f 3431//3214 3432//3215 1710//1563 1709//1562 
f 3423//3206 3431//3214 1709//1562 1704//1559 
f 3430//3213 3429//3212 3432//3215 3431//3214 
f 3424//3207 3430//3213 3431//3214 3423//3206 
f 1716//1568 1715//1567 3433//3216 3434//3217 
f 3433//3216 3435//3218 3436//3219 3434//3217 
f 1718//1570 1716//1568 3434//3217 3437//3220 
f 3437//3220 3434//3217 3436//3219 3438//3221 
f 3439//3222 3440//3223 1729//1581 1728//1580 
f 3441//3224 3439//3222 1728//1580 1723//1575 
f 3439//3222 3436//3219 3435//3218 
f 3438//3221 3436//3219 3439//3222 3441//3224 
f 1721//1573 1649//1510 3392//3175 3442//3225 
f 3442//3225 3392//3175 3387//3170 3443//3226 
f 1723//1575 1721//1573 3442//3225 3441//3224 
f 3441//3224 3442//3225 3443//3226 3438//3221 
f 3444//3227 3385//3168 1635//1497 1720//1572 
f 3437//3220 3444//3227 1720//1572 1718//1570 
f 3443//3226 3387//3170 3385//3168 3444//3227 
f 3438//3221 3443//3226 3444//3227 3437//3220 
f 1735//1587 1734//1586 3445//3228 3446//3229 
f 3447//3230 3446//3229 3445//3228 
f 3448//3231 1737//1589 1735//1587 3446//3229 
f 3449//3232 3448//3231 3446//3229 3447//3230 
f 1748//1599 3450//3233 3451//3234 1749//1600 
f 1743//1595 3452//3235 3450//3233 1748//1599 
f 3450//3233 3447//3230 3453//3236 3451//3234 
f 3452//3235 3449//3232 3447//3230 3450//3233 
f 3454//3237 1741//1593 1669//1528 3404//3187 
f 3455//3238 3454//3237 3404//3187 3400//3183 
f 3452//3235 1743//1595 1741//1593 3454//3237 
f 3449//3232 3452//3235 3454//3237 3455//3238 
f 3456//3239 3397//3180 1654//1515 1740//1592 
f 1737//1589 3448//3231 3456//3239 1740//1592 
f 3456//3239 3455//3238 3400//3183 3397//3180 
f 3448//3231 3449//3232 3455//3238 3456//3239 
f 3457//3240 1755//1606 1754//1605 3458//3241 
f 3459//3242 3457//3240 3458//3241 3460//3243 
f 3461//3244 1757//1608 1755//1606 3457//3240 
f 3462//3245 3461//3244 3457//3240 3459//3242 
f 3463//3246 3464//3247 1769//1620 1768//1619 
f 3465//3248 3463//3246 1768//1619 1763//1614 
f 3463//3246 3459//3242 3460//3243 3464//3247 
f 3465//3248 3462//3245 3459//3242 3463//3246 
f 1761//1612 1689//1544 3416//3199 3466//3249 
f 3467//3250 3466//3249 3416//3199 3412//3195 
f 1763//1614 1761//1612 3466//3249 3465//3248 
f 3462//3245 3465//3248 3466//3249 3467//3250 
f 1760//1611 3468//3251 3410//3193 1674//1531 
f 1757//1608 3461//3244 3468//3251 1760//1611 
f 3468//3251 3467//3250 3412//3195 3410//3193 
f 3461//3244 3462//3245 3467//3250 3468//3251 
f 3469//3252 1781//1632 1710//1563 3432//3215 
f 3470//3253 3469//3252 3432//3215 3429//3212 
f 3471//3254 1783//1634 1781//1632 3469//3252 
f 3472//3255 3471//3254 3469//3252 3470//3253 
f 3473//3256 3427//3210 1774//1625 1860//1705 
f 3474//3257 3473//3256 1860//1705 1857//1702 
f 3473//3256 3470//3253 3429//3212 3427//3210 
f 3474//3257 3472//3255 3470//3253 3473//3256 
f 1855//1700 1854//1699 3475//3258 3476//3259 
f 3477//3260 3476//3259 3475//3258 3478//3261 
f 1857//1702 1855//1700 3476//3259 3474//3257 
f 3472//3255 3474//3257 3476//3259 3477//3260 
f 1788//1638 3479//3262 3480//3263 1789//1639 
f 1783//1634 3471//3254 3479//3262 1788//1638 
f 3479//3262 3477//3260 3478//3261 3480//3263 
f 3471//3254 3472//3255 3477//3260 3479//3262 
f 3481//3264 1795//1643 1794//1642 3482//3265 
f 3483//3266 3481//3264 3482//3265 3484//3267 
f 3485//3268 1797//1645 1795//1643 3481//3264 
f 3486//3269 3485//3268 3481//3264 3483//3266 
f 3487//3270 3488//3271 1809//1657 1808//1656 
f 1803//1651 3489//3272 3487//3270 1808//1656 
f 3487//3270 3483//3266 3484//3267 3488//3271 
f 3489//3272 3486//3269 3483//3266 3487//3270 
f 1801//1649 1729//1581 3440//3223 3490//3273 
f 3491//3274 3490//3273 3440//3223 
f 3489//3272 1803//1651 1801//1649 3490//3273 
f 3486//3269 3489//3272 3490//3273 3491//3274 
f 1800//1648 3492//3275 3433//3216 1715//1567 
f 1797//1645 3485//3268 3492//3275 1800//1648 
f 3492//3275 3491//3274 3435//3218 3433//3216 
f 3485//3268 3486//3269 3491//3274 3492//3275 
f 1815//1663 1814//1662 3493//3276 3494//3277 
f 3494//3277 3493//3276 3495//3278 3496//3279 
f 1817//1665 1815//1663 3494//3277 3497//3280 
f 3497//3280 3494//3277 3496//3279 3498//3281 
f 3499//3282 3500//3283 1830//1677 1829//1676 
f 3501//3284 3499//3282 1829//1676 1824//1672 
f 3496//3279 3495//3278 3500//3283 3499//3282 
f 3498//3281 3496//3279 3499//3282 3501//3284 
f 1822//1670 1749//1600 3451//3234 3502//3285 
f 3451//3234 3453//3236 3503//3286 3502//3285 
f 1824//1672 1822//1670 3502//3285 3501//3284 
f 3501//3284 3502//3285 3503//3286 3498//3281 
f 3504//3287 3445//3228 1734//1586 1820//1668 
f 3497//3280 3504//3287 1820//1668 1817//1665 
f 3504//3287 3503//3286 3453//3236 
f 3498//3281 3503//3286 3504//3287 3497//3280 
f 1836//1681 1835//1680 3505//3288 3506//3289 
f 3506//3289 3505//3288 3507//3290 3508//3291 
f 1838//1683 1836//1681 3506//3289 3509//3292 
f 3509//3292 3506//3289 3508//3291 3510//3293 
f 3511//3294 3512//3295 1849//1694 1848//1693 
f 3513//3296 3511//3294 1848//1693 1843//1688 
f 3508//3291 3507//3290 3512//3295 3511//3294 
f 3510//3293 3508//3291 3511//3294 3513//3296 
f 1841//1686 1769//1620 3464//3247 3514//3297 
f 3514//3297 3464//3247 3460//3243 3515//3298 
f 1843//1688 1841//1686 3514//3297 3513//3296 
f 3513//3296 3514//3297 3515//3298 3510//3293 
f 3516//3299 3458//3241 1754//1605 1840//1685 
f 3509//3292 3516//3299 1840//1685 1838//1683 
f 3515//3298 3460//3243 3458//3241 3516//3299 
f 3510//3293 3515//3298 3516//3299 3509//3292 
f 3517//3300 1861//1706 1789//1639 3480//3263 
f 3518//3301 3517//3300 3480//3263 3478//3261 
f 3519//3302 1863//1708 1861//1706 3517//3300 
f 3520//3303 3519//3302 3517//3300 3518//3301 
f 3521//3304 3475//3258 1854//1699 1940//1773 
f 3522//3305 3521//3304 1940//1773 1937//1770 
f 3521//3304 3518//3301 3478//3261 3475//3258 
f 3522//3305 3520//3303 3518//3301 3521//3304 
f 1935//1768 1934//1767 3523//3306 3524//3307 
f 3525//3308 3524//3307 3523//3306 3526//3309 
f 1937//1770 1935//1768 3524//3307 3522//3305 
f 3520//3303 3522//3305 3524//3307 3525//3308 
f 1868//1710 3527//3310 3528//3311 1869//1711 
f 1863//1708 3519//3302 3527//3310 1868//1710 
f 3527//3310 3525//3308 3526//3309 3528//3311 
f 3519//3302 3520//3303 3525//3308 3527//3310 
f 3529//3312 1875//1715 1874//1714 3530//3313 
f 3531//3314 3529//3312 3530//3313 3532//3315 
f 3533//3316 1877//1717 1875//1715 3529//3312 
f 3534//3317 3533//3316 3529//3312 3531//3314 
f 3535//3318 3536//3319 1889//1729 1888//1728 
f 3537//3320 3535//3318 1888//1728 1883//1723 
f 3535//3318 3531//3314 3532//3315 3536//3319 
f 3537//3320 3534//3317 3531//3314 3535//3318 
f 1881//1721 1809//1657 3488//3271 3538//3321 
f 3539//3322 3538//3321 3488//3271 3484//3267 
f 1883//1723 1881//1721 3538//3321 3537//3320 
f 3534//3317 3537//3320 3538//3321 3539//3322 
f 1880//1720 3540//3323 3482//3265 1794//1642 
f 1877//1717 3533//3316 3540//3323 1880//1720 
f 3540//3323 3539//3322 3484//3267 3482//3265 
f 3533//3316 3534//3317 3539//3322 3540//3323 
f 1895//1735 1894//1734 3541//3324 3542//3325 
f 3542//3325 3541//3324 3543//3326 3544//3327 
f 1897//1737 1895//1735 3542//3325 3545//3328 
f 3545//3328 3542//3325 3544//3327 3546//3329 
f 3547//3330 3548//3331 1910//1747 1909//1746 
f 3549//3332 3547//3330 1909//1746 1904//1744 
f 3544//3327 3543//3326 3548//3331 3547//3330 
f 3546//3329 3544//3327 3547//3330 3549//3332 
f 1902//1742 1830//1677 3500//3283 3550//3333 
f 3550//3333 3500//3283 3495//3278 3551//3334 
f 1904//1744 1902//1742 3550//3333 3549//3332 
f 3549//3332 3550//3333 3551//3334 3546//3329 
f 3552//3335 3493//3276 1814//1662 1900//1740 
f 3545//3328 3552//3335 1900//1740 1897//1737 
f 3551//3334 3495//3278 3493//3276 3552//3335 
f 3546//3329 3551//3334 3552//3335 3545//3328 
f 1916//1750 1915//1749 3553//3336 3554//3337 
f 3554//3337 3553//3336 3555//3338 3556//3339 
f 1918//1751 1916//1750 3554//3337 3557//3340 
f 3557//3340 3554//3337 3556//3339 3558//3341 
f 3559//3342 3560//3343 1929//1762 1928//1761 
f 3561//3344 3559//3342 1928//1761 1923//1756 
f 3556//3339 3555//3338 3560//3343 3559//3342 
f 3558//3341 3556//3339 3559//3342 3561//3344 
f 1921//1754 1849//1694 3512//3295 3562//3345 
f 3562//3345 3512//3295 3507//3290 3563//3346 
f 1923//1756 1921//1754 3562//3345 3561//3344 
f 3561//3344 3562//3345 3563//3346 3558//3341 
f 3564//3347 3505//3288 1835//1680 1920//1753 
f 3557//3340 3564//3347 1920//1753 1918//1751 
f 3563//3346 3507//3290 3505//3288 3564//3347 
f 3558//3341 3563//3346 3564//3347 3557//3340 
f 3565//3348 1941//1774 1869//1711 3528//3311 
f 3566//3349 3565//3348 3528//3311 3526//3309 
f 3567//3350 1943//1775 1941//1774 3565//3348 
f 3568//3351 3567//3350 3565//3348 3566//3349 
f 3569//3352 3523//3306 1934//1767 2020//1846 
f 3570//3353 3569//3352 2020//1846 2017//1843 
f 3569//3352 3566//3349 3526//3309 3523//3306 
f 3570//3353 3568//3351 3566//3349 3569//3352 
f 2015//1841 2014//1840 3571//3354 3572//3355 
f 3572//3355 3571//3354 3573//3356 3574//3357 
f 2017//1843 2015//1841 3572//3355 3570//3353 
f 3568//3351 3570//3353 3572//3355 3574//3357 
f 1948//1779 3575//3358 3576//3359 1949//1780 
f 1943//1775 3567//3350 3575//3358 1948//1779 
f 3575//3358 3574//3357 3573//3356 3576//3359 
f 3567//3350 3568//3351 3574//3357 3575//3358 
f 3577//3360 1955//1784 1954//1783 3578//3361 
f 3579//3362 3577//3360 3578//3361 3580//3363 
f 3581//3364 1957//1786 1955//1784 3577//3360 
f 3582//3365 3581//3364 3577//3360 3579//3362 
f 3583//3366 3584//3367 1969//1798 1968//1797 
f 3585//3368 3583//3366 1968//1797 1963//1792 
f 3579//3362 3580//3363 3584//3367 3583//3366 
f 3585//3368 3582//3365 3579//3362 3583//3366 
f 1961//1790 1889//1729 3536//3319 3586//3369 
f 3587//3370 3586//3369 3536//3319 3532//3315 
f 1963//1792 1961//1790 3586//3369 3585//3368 
f 3582//3365 3585//3368 3586//3369 3587//3370 
f 1960//1789 3588//3371 3530//3313 1874//1714 
f 1957//1786 3581//3364 3588//3371 1960//1789 
f 3588//3371 3587//3370 3532//3315 3530//3313 
f 3581//3364 3582//3365 3587//3370 3588//3371 
f 1975//1804 1974//1803 3589//3372 3590//3373 
f 3590//3373 3589//3372 3591//3374 3592//3375 
f 1977//1806 1975//1804 3590//3373 3593//3376 
f 3593//3376 3590//3373 3592//3375 3594//3377 
f 3595//3378 3596//3379 1990//1818 1989//1817 
f 3597//3380 3595//3378 1989//1817 1984//1813 
f 3592//3375 3591//3374 3596//3379 3595//3378 
f 3594//3377 3592//3375 3595//3378 3597//3380 
f 1982//1811 1910//1747 3548//3331 3598//3381 
f 3598//3381 3548//3331 3543//3326 3599//3382 
f 1984//1813 1982//1811 3598//3381 3597//3380 
f 3597//3380 3598//3381 3599//3382 3594//3377 
f 3600//3383 3541//3324 1894//1734 1980//1809 
f 3593//3376 3600//3383 1980//1809 1977//1806 
f 3599//3382 3543//3326 3541//3324 3600//3383 
f 3594//3377 3599//3382 3600//3383 3593//3376 
f 1996//1822 1995//1821 3601//3384 3602//3385 
f 3602//3385 3601//3384 3603//3386 3604//3387 
f 1998//1824 1996//1822 3602//3385 3605//3388 
f 3605//3388 3602//3385 3604//3387 3606//3389 
f 3607//3390 3608//3391 2009//1835 2008//1834 
f 3609//3392 3607//3390 2008//1834 2003//1829 
f 3604//3387 3603//3386 3608//3391 3607//3390 
f 3606//3389 3604//3387 3607//3390 3609//3392 
f 2001//1827 1929//1762 3560//3343 3610//3393 
f 3610//3393 3560//3343 3555//3338 3611//3394 
f 2003//1829 2001//1827 3610//3393 3609//3392 
f 3609//3392 3610//3393 3611//3394 3606//3389 
f 3612//3395 3553//3336 1915//1749 2000//1826 
f 3605//3388 3612//3395 2000//1826 1998//1824 
f 3611//3394 3555//3338 3553//3336 3612//3395 
f 3606//3389 3611//3394 3612//3395 3605//3388 
f 2022//1848 1949//1780 3576//3359 3613//3396 
f 3613//3396 3576//3359 3573//3356 3614//3397 
f 2024//1850 2022//1848 3613//3396 3615//3398 
f 3615//3398 3613//3396 3614//3397 3616//3399 
f 3617//3400 3571//3354 2014//1840 2100//1918 
f 3618//3401 3617//3400 2100//1918 2097//1915 
f 3614//3397 3573//3356 3571//3354 3617//3400 
f 3616//3399 3614//3397 3617//3400 3618//3401 
f 2095//1913 2094//1912 3619//3402 3620//3403 
f 3620//3403 3619//3402 3621//3404 3622//3405 
f 2097//1915 2095//1913 3620//3403 3618//3401 
f 3618//3401 3620//3403 3622//3405 3616//3399 
f 3623//3406 3624//3407 2030//1854 2029//1853 
f 3615//3398 3623//3406 2029//1853 2024//1850 
f 3622//3405 3621//3404 3624//3407 3623//3406 
f 3616//3399 3622//3405 3623//3406 3615//3398 
f 2036//1858 2035//1857 3625//3408 3626//3409 
f 3626//3409 3625//3408 3627//3410 3628//3411 
f 2038//1860 2036//1858 3626//3409 3629//3412 
f 3629//3412 3626//3409 3628//3411 3630//3413 
f 3631//3414 3632//3415 2049//1871 2048//1870 
f 3633//3416 3631//3414 2048//1870 2043//1865 
f 3628//3411 3627//3410 3632//3415 3631//3414 
f 3630//3413 3628//3411 3631//3414 3633//3416 
f 2041//1863 1969//1798 3584//3367 3634//3417 
f 3634//3417 3584//3367 3580//3363 3635//3418 
f 2043//1865 2041//1863 3634//3417 3633//3416 
f 3633//3416 3634//3417 3635//3418 3630//3413 
f 3636//3419 3578//3361 1954//1783 2040//1862 
f 3629//3412 3636//3419 2040//1862 2038//1860 
f 3635//3418 3580//3363 3578//3361 3636//3419 
f 3630//3413 3635//3418 3636//3419 3629//3412 
f 2055//1877 2054//1876 3637//3420 3638//3421 
f 3639//3422 3638//3421 3637//3420 3640//3423 
f 2057//1879 2055//1877 3638//3421 3641//3424 
f 3642//3425 3641//3424 3638//3421 3639//3422 
f 2068//1888 3643//3426 3644//3427 2069//1889 
f 2063//1885 3645//3428 3643//3426 2068//1888 
f 3643//3426 3639//3422 3640//3423 3644//3427 
f 3645//3428 3642//3425 3639//3422 3643//3426 
f 3646//3429 2061//1883 1990//1818 3596//3379 
f 3647//3430 3646//3429 3596//3379 3591//3374 
f 3645//3428 2063//1885 2061//1883 3646//3429 
f 3642//3425 3645//3428 3646//3429 3647//3430 
f 3648//3431 3589//3372 1974//1803 2060//1882 
f 3641//3424 3648//3431 2060//1882 2057//1879 
f 3647//3430 3591//3374 3589//3372 3648//3431 
f 3641//3424 3642//3425 3647//3430 3648//3431 
f 3649//3432 2075//1893 2074//1892 3650//3433 
f 3651//3434 3649//3432 3650//3433 3652//3435 
f 3653//3436 2077//1895 2075//1893 3649//3432 
f 3654//3437 3653//3436 3649//3432 3651//3434 
f 3655//3438 3656//3439 2089//1907 2088//1906 
f 3657//3440 3655//3438 2088//1906 2083//1901 
f 3655//3438 3651//3434 3652//3435 3656//3439 
f 3657//3440 3654//3437 3651//3434 3655//3438 
f 2081//1899 2009//1835 3608//3391 3658//3441 
f 3658//3441 3608//3391 3603//3386 3659//3442 
f 2083//1901 2081//1899 3658//3441 3657//3440 
f 3654//3437 3657//3440 3658//3441 3659//3442 
f 2080//1898 3660//3443 3601//3384 1995//1821 
f 2077//1895 3653//3436 3660//3443 2080//1898 
f 3660//3443 3659//3442 3603//3386 3601//3384 
f 3653//3436 3654//3437 3659//3442 3660//3443 
f 2102//1920 2030//1854 3624//3407 3661//3444 
f 3661//3444 3624//3407 3621//3404 3662//3445 
f 2104//1921 2102//1920 3661//3444 3663//3446 
f 3663//3446 3661//3444 3662//3445 3664//3447 
f 3665//3448 3619//3402 2094//1912 2180//1986 
f 3666//3449 3665//3448 2180//1986 2177//1983 
f 3662//3445 3621//3404 3619//3402 3665//3448 
f 3664//3447 3662//3445 3665//3448 3666//3449 
f 2175//1981 2174//1980 3667//3450 3668//3451 
f 3668//3451 3667//3450 3669//3452 3670//3453 
f 2177//1983 2175//1981 3668//3451 3666//3449 
f 3666//3449 3668//3451 3670//3453 3664//3447 
f 3671//3454 3672//3455 2110//1925 2109//1924 
f 3663//3446 3671//3454 2109//1924 2104//1921 
f 3670//3453 3669//3452 3672//3455 3671//3454 
f 3664//3447 3670//3453 3671//3454 3663//3446 
f 2116//1929 2115//1928 3673//3456 3674//3457 
f 3674//3457 3673//3456 3675//3458 3676//3459 
f 2118//1931 2116//1929 3674//3457 3677//3460 
f 3677//3460 3674//3457 3676//3459 3678//3461 
f 3679//3462 3680//3463 2129//1941 2128//1940 
f 3681//3464 3679//3462 2128//1940 2123//1935 
f 3676//3459 3675//3458 3680//3463 3679//3462 
f 3678//3461 3676//3459 3679//3462 3681//3464 
f 2121//1933 2049//1871 3632//3415 3682//3465 
f 3682//3465 3632//3415 3627//3410 3683//3466 
f 2123//1935 2121//1933 3682//3465 3681//3464 
f 3681//3464 3682//3465 3683//3466 3678//3461 
f 3684//3467 3625//3408 2035//1857 2120//1932 
f 3677//3460 3684//3467 2120//1932 2118//1931 
f 3683//3466 3627//3410 3625//3408 3684//3467 
f 3678//3461 3683//3466 3684//3467 3677//3460 
f 2135//1947 2134//1946 3685//3468 3686//3469 
f 3687//3470 3686//3469 3685//3468 3688//3471 
f 2137//1949 2135//1947 3686//3469 3689//3472 
f 3690//3473 3689//3472 3686//3469 3687//3470 
f 2148//1957 3691//3474 3692//3475 2149//1958 
f 2143//1955 3693//3476 3691//3474 2148//1957 
f 3691//3474 3687//3470 3688//3471 3692//3475 
f 3693//3476 3690//3473 3687//3470 3691//3474 
f 3694//3477 2141//1953 2069//1889 3644//3427 
f 3695//3478 3694//3477 3644//3427 3640//3423 
f 3693//3476 2143//1955 2141//1953 3694//3477 
f 3690//3473 3693//3476 3694//3477 3695//3478 
f 3696//3479 3637//3420 2054//1876 2140//1952 
f 3689//3472 3696//3479 2140//1952 2137//1949 
f 3696//3479 3695//3478 3640//3423 3637//3420 
f 3689//3472 3690//3473 3695//3478 3696//3479 
f 3697//3480 2155//1962 2154//1961 3698//3481 
f 3699//3482 3697//3480 3698//3481 3700//3483 
f 3701//3484 2157//1963 2155//1962 3697//3480 
f 3702//3485 3701//3484 3697//3480 3699//3482 
f 3703//3486 3704//3487 2169//1975 2168//1974 
f 3705//3488 3703//3486 2168//1974 2163//1969 
f 3703//3486 3699//3482 3700//3483 3704//3487 
f 3705//3488 3702//3485 3699//3482 3703//3486 
f 2161//1967 2089//1907 3656//3439 3706//3489 
f 3707//3490 3706//3489 3656//3439 3652//3435 
f 2163//1969 2161//1967 3706//3489 3705//3488 
f 3702//3485 3705//3488 3706//3489 3707//3490 
f 2160//1966 3708//3491 3650//3433 2074//1892 
f 2157//1963 3701//3484 3708//3491 2160//1966 
f 3708//3491 3707//3490 3652//3435 3650//3433 
f 3701//3484 3702//3485 3707//3490 3708//3491 
f 2182//1988 2110//1925 3672//3455 3709//3492 
f 3709//3492 3672//3455 3669//3452 3710//3493 
f 2184//1990 2182//1988 3709//3492 3711//3494 
f 3711//3494 3709//3492 3710//3493 3712//3495 
f 3713//3496 3667//3450 2174//1980 2260//2061 
f 3714//3497 3713//3496 2260//2061 2257//2058 
f 3710//3493 3669//3452 3667//3450 3713//3496 
f 3712//3495 3710//3493 3713//3496 3714//3497 
f 2255//2056 2254//2055 3715//3498 3716//3499 
f 3716//3499 3715//3498 3717//3500 3718//3501 
f 2257//2058 2255//2056 3716//3499 3714//3497 
f 3714//3497 3716//3499 3718//3501 3712//3495 
f 3719//3502 3720//3503 2190//1994 2189//1993 
f 3711//3494 3719//3502 2189//1993 2184//1990 
f 3718//3501 3717//3500 3720//3503 3719//3502 
f 3712//3495 3718//3501 3719//3502 3711//3494 
f 2196//1999 2195//1998 3721//3504 3722//3505 
f 3721//3504 3723//3506 3724//3507 3722//3505 
f 2198//2001 2196//1999 3722//3505 3725//3508 
f 3725//3508 3722//3505 3724//3507 3726//3509 
f 3727//3510 3728//3511 2209//2012 2208//2011 
f 3729//3512 3727//3510 2208//2011 2203//2006 
f 3727//3510 3724//3507 3723//3506 
f 3726//3509 3724//3507 3727//3510 3729//3512 
f 2201//2004 2129//1941 3680//3463 3730//3513 
f 3730//3513 3680//3463 3675//3458 3731//3514 
f 2203//2006 2201//2004 3730//3513 3729//3512 
f 3729//3512 3730//3513 3731//3514 3726//3509 
f 3732//3515 3673//3456 2115//1928 2200//2003 
f 3725//3508 3732//3515 2200//2003 2198//2001 
f 3731//3514 3675//3458 3673//3456 3732//3515 
f 3726//3509 3731//3514 3732//3515 3725//3508 
f 2215//2018 2214//2017 3733//3516 3734//3517 
f 3735//3518 3734//3517 3733//3516 
f 3736//3519 2217//2020 2215//2018 3734//3517 
f 3737//3520 3736//3519 3734//3517 3735//3518 
f 2228//2029 3738//3521 3739//3522 2229//2030 
f 2223//2026 3740//3523 3738//3521 2228//2029 
f 3738//3521 3735//3518 3741//3524 3739//3522 
f 3740//3523 3737//3520 3735//3518 3738//3521 
f 3742//3525 2221//2024 2149//1958 3692//3475 
f 3743//3526 3742//3525 3692//3475 3688//3471 
f 3740//3523 2223//2026 2221//2024 3742//3525 
f 3737//3520 3740//3523 3742//3525 3743//3526 
f 3744//3527 3685//3468 2134//1946 2220//2023 
f 2217//2020 3736//3519 3744//3527 2220//2023 
f 3744//3527 3743//3526 3688//3471 3685//3468 
f 3736//3519 3737//3520 3743//3526 3744//3527 
f 3745//3528 2235//2036 2234//2035 3746//3529 
f 3747//3530 3745//3528 3746//3529 3748//3531 
f 3749//3532 2237//2038 2235//2036 3745//3528 
f 3750//3533 3749//3532 3745//3528 3747//3530 
f 3751//3534 3752//3535 2249//2050 2248//2049 
f 3753//3536 3751//3534 2248//2049 2243//2044 
f 3751//3534 3747//3530 3748//3531 3752//3535 
f 3753//3536 3750//3533 3747//3530 3751//3534 
f 2241//2042 2169//1975 3704//3487 3754//3537 
f 3755//3538 3754//3537 3704//3487 3700//3483 
f 2243//2044 2241//2042 3754//3537 3753//3536 
f 3750//3533 3753//3536 3754//3537 3755//3538 
f 2240//2041 3756//3539 3698//3481 2154//1961 
f 2237//2038 3749//3532 3756//3539 2240//2041 
f 3756//3539 3755//3538 3700//3483 3698//3481 
f 3749//3532 3750//3533 3755//3538 3756//3539 
f 3757//3540 2261//2062 2190//1994 3720//3503 
f 3758//3541 3757//3540 3720//3503 3717//3500 
f 3759//3542 2263//2064 2261//2062 3757//3540 
f 3760//3543 3759//3542 3757//3540 3758//3541 
f 3761//3544 3715//3498 2254//2055 2340//2135 
f 3762//3545 3761//3544 2340//2135 2337//2132 
f 3761//3544 3758//3541 3717//3500 3715//3498 
f 3762//3545 3760//3543 3758//3541 3761//3544 
f 2335//2130 2334//2129 3763//3546 3764//3547 
f 3765//3548 3764//3547 3763//3546 3766//3549 
f 2337//2132 2335//2130 3764//3547 3762//3545 
f 3760//3543 3762//3545 3764//3547 3765//3548 
f 2268//2068 3767//3550 3768//3551 2269//2069 
f 2263//2064 3759//3542 3767//3550 2268//2068 
f 3767//3550 3765//3548 3766//3549 3768//3551 
f 3759//3542 3760//3543 3765//3548 3767//3550 
f 3769//3552 2275//2073 2274//2072 3770//3553 
f 3771//3554 3769//3552 3770//3553 3772//3555 
f 3773//3556 2277//2075 2275//2073 3769//3552 
f 3774//3557 3773//3556 3769//3552 3771//3554 
f 2288//2086 3775//3558 3776//3559 2289//2087 
f 2283//2081 3777//3560 3775//3558 2288//2086 
f 3775//3558 3771//3554 3772//3555 3776//3559 
f 3777//3560 3774//3557 3771//3554 3775//3558 
f 2281//2079 2209//2012 3728//3511 3778//3561 
f 3779//3562 3778//3561 3728//3511 
f 3777//3560 2283//2081 2281//2079 3778//3561 
f 3774//3557 3777//3560 3778//3561 3779//3562 
f 2280//2078 3780//3563 3721//3504 2195//1998 
f 2277//2075 3773//3556 3780//3563 2280//2078 
f 3780//3563 3779//3562 3723//3506 3721//3504 
f 3773//3556 3774//3557 3779//3562 3780//3563 
f 2295//2093 2294//2092 3781//3564 3782//3565 
f 3782//3565 3781//3564 3783//3566 3784//3567 
f 2297//2095 2295//2093 3782//3565 3785//3568 
f 3785//3568 3782//3565 3784//3567 3786//3569 
f 3787//3570 3788//3571 2310//2107 2309//2106 
f 3789//3572 3787//3570 2309//2106 2304//2102 
f 3784//3567 3783//3566 3788//3571 3787//3570 
f 3786//3569 3784//3567 3787//3570 3789//3572 
f 2302//2100 2229//2030 3739//3522 3790//3573 
f 3739//3522 3741//3524 3791//3574 3790//3573 
f 2304//2102 2302//2100 3790//3573 3789//3572 
f 3789//3572 3790//3573 3791//3574 3786//3569 
f 3792//3575 3733//3516 2214//2017 2300//2098 
f 3785//3568 3792//3575 2300//2098 2297//2095 
f 3792//3575 3791//3574 3741//3524 
f 3786//3569 3791//3574 3792//3575 3785//3568 
f 2316//2111 2315//2110 3793//3576 3794//3577 
f 3794//3577 3793//3576 3795//3578 3796//3579 
f 2318//2113 2316//2111 3794//3577 3797//3580 
f 3797//3580 3794//3577 3796//3579 3798//3581 
f 3799//3582 3800//3583 2329//2124 2328//2123 
f 3801//3584 3799//3582 2328//2123 2323//2118 
f 3796//3579 3795//3578 3800//3583 3799//3582 
f 3798//3581 3796//3579 3799//3582 3801//3584 
f 2321//2116 2249//2050 3752//3535 3802//3585 
f 3802//3585 3752//3535 3748//3531 3803//3586 
f 2323//2118 2321//2116 3802//3585 3801//3584 
f 3801//3584 3802//3585 3803//3586 3798//3581 
f 3804//3587 3746//3529 2234//2035 2320//2115 
f 3797//3580 3804//3587 2320//2115 2318//2113 
f 3803//3586 3748//3531 3746//3529 3804//3587 
f 3798//3581 3803//3586 3804//3587 3797//3580 
f 3805//3588 2341//2136 2269//2069 3768//3551 
f 3806//3589 3805//3588 3768//3551 3766//3549 
f 3807//3590 2343//2138 2341//2136 3805//3588 
f 3808//3591 3807//3590 3805//3588 3806//3589 
f 3809//3592 3763//3546 2334//2129 2400//2183 
f 3810//3593 3809//3592 2400//2183 2397//2180 
f 3809//3592 3806//3589 3766//3549 3763//3546 
f 3810//3593 3808//3591 3806//3589 3809//3592 
f 2395//2178 99//95 2408//2191 3811//3594 
f 3812//3595 3811//3594 2408//2191 2404//2187 
f 2397//2180 2395//2178 3811//3594 3810//3593 
f 3808//3591 3810//3593 3811//3594 3812//3595 
f 2348//2140 3813//3596 2402//2185 2//2 
f 2343//2138 3807//3590 3813//3596 2348//2140 
f 3813//3596 3812//3595 2404//2187 2402//2185 
f 3807//3590 3808//3591 3812//3595 3813//3596 
f 3814//3597 2350//2141 24//22 2430//2213 
f 3815//3598 3814//3597 2430//2213 2428//2211 
f 3816//3599 2352//2142 2350//2141 3814//3597 
f 3817//3600 3816//3599 3814//3597 3815//3598 
f 3818//3601 2425//2208 27//25 2363//2152 
f 3819//3602 3818//3601 2363//2152 2358//2147 
f 3818//3601 3815//3598 2428//2211 2425//2208 
f 3819//3602 3817//3600 3815//3598 3818//3601 
f 2356//2145 2289//2087 3776//3559 3820//3603 
f 3821//3604 3820//3603 3776//3559 3772//3555 
f 2358//2147 2356//2145 3820//3603 3819//3602 
f 3817//3600 3819//3602 3820//3603 3821//3604 
f 2355//2144 3822//3605 3770//3553 2274//2072 
f 2352//2142 3816//3599 3822//3605 2355//2144 
f 3822//3605 3821//3604 3772//3555 3770//3553 
f 3816//3599 3817//3600 3821//3604 3822//3605 
f 2365//2154 49//47 2445//2228 3823//3606 
f 3823//3606 2445//2228 2442//2225 3824//3607 
f 2367//2156 2365//2154 3823//3606 3825//3608 
f 3825//3608 3823//3606 3824//3607 3826//3609 
f 3827//3610 2440//2223 53//51 2378//2164 
f 3828//3611 3827//3610 2378//2164 2374//2163 
f 3824//3607 2442//2225 2440//2223 3827//3610 
f 3826//3609 3824//3607 3827//3610 3828//3611 
f 2372//2161 2310//2107 3788//3571 3829//3612 
f 3829//3612 3788//3571 3783//3566 3830//3613 
f 2374//2163 2372//2161 3829//3612 3828//3611 
f 3828//3611 3829//3612 3830//3613 3826//3609 
f 3831//3614 3781//3564 2294//2092 2370//2159 
f 3825//3608 3831//3614 2370//2159 2367//2156 
f 3830//3613 3783//3566 3781//3564 3831//3614 
f 3826//3609 3830//3613 3831//3614 3825//3608 
f 2381//2165 75//71 2460//2243 3832//3615 
f 3832//3615 2460//2243 2457//2240 3833//3616 
f 2383//2166 2381//2165 3832//3615 3834//3617 
f 3834//3617 3832//3615 3833//3616 3835//3618 
f 3836//3619 2455//2238 77//73 2393//2176 
f 3837//3620 3836//3619 2393//2176 2388//2171 
f 3833//3616 2457//2240 2455//2238 3836//3619 
f 3835//3618 3833//3616 3836//3619 3837//3620 
f 2386//2169 2329//2124 3800//3583 3838//3621 
f 3838//3621 3800//3583 3795//3578 3839//3622 
f 2388//2171 2386//2169 3838//3621 3837//3620 
f 3837//3620 3838//3621 3839//3622 3835//3618 
f 3840//3623 3793//3576 2315//2110 2385//2168 
f 3834//3617 3840//3623 2385//2168 2383//2166 
f 3839//3622 3795//3578 3793//3576 3840//3623 
f 3835//3618 3839//3622 3840//3623 3834//3617 
f 2571//2354 2576//2359 2575//2358 
f 2581//2364 2589//2372 2583//2366 
f 2576//2359 2571//2354 2627//2410 
f 2589//2372 2581//2364 2640//2423 
f 2859//2642 2864//2647 2863//2646 
f 2869//2652 2877//2660 2871//2654 
f 2864//2647 2859//2642 2915//2698 
f 2877//2660 2869//2652 2928//2711 
f 3147//2930 3152//2935 3151//2934 
f 3157//2940 3165//2948 3159//2942 
f 3152//2935 3147//2930 3203//2986 
f 3165//2948 3157//2940 3216//2999 
f 3435//3218 3440//3223 3439//3222 
f 3445//3228 3453//3236 3447//3230 
f 3440//3223 3435//3218 3491//3274 
f 3453//3236 3445//3228 3504//3287 
f 3723//3506 3728//3511 3727//3510 
f 3733//3516 3741//3524 3735//3518 
f 3728//3511 3723//3506 3779//3562 
f 3741//3524 3733//3516 3792//3575 
# 3820 polygons - 40 triangles

